Workbook
Name PesquisarQuem: OFFSET('[1]Pesquisa de nome'!$A$3,,,COUNT('[1]Pesquisa de nome'!$B:$B),1)

Sheet 17122020
C3: 44182 | D3: =C3+1 -> 44183 | E3: =D3+1 -> 44184 | F3: =E3+1 -> 44185 | G3: =F3+1 -> 44186 | H3: =G3+1 -> 44187 | I3: =H3+1 -> 44188 | J3: =I3+1 -> 44189
B4: Pivô | C4: =TEXT(C3,"ddd") -> qui | D4: =TEXT(D3,"ddd") -> sex | E4: =TEXT(E3,"ddd") -> sáb | F4: =TEXT(F3,"ddd") -> dom | G4: =TEXT(G3,"ddd") -> seg | H4: =TEXT(H3,"ddd") -> ter | I4: =TEXT(I3,"ddd") -> qua | J4: =TEXT(J3,"ddd") -> qui | L4: Parametros
B5: 1 | C5: Feito | D5: Feito | F5: Chuva | G5: Energia | H5: Feito | I5: Feito | L5: Feito | M5: =COUNTIF($C$5:$J$60,L5) -> 81
B6: 2 | L6: Mecânico | M6: =COUNTIF($C$5:$J$60,L6) -> 12
B7: 3 | L7: Elétrico | M7: =COUNTIF($C$5:$J$60,L7) -> 3
B8: 4 | C8: Mecânico | E8: Feito | F8: Chuva | I8: Feito | L8: Energia | M8: =COUNTIF($C$5:$J$60,L8) -> 12
B9: 5 | C9: Feito | E9: Feito | I9: Chuva | L9: Chuva | M9: =COUNTIF($C$5:$J$60,L9) -> 24
B10: 6 | C10: Feito | E10: Feito | H10: Feito | L10: Operação | M10: =COUNTIF($C$5:$J$60,L10) -> 2
B11: 7 | C11: Mecânico | F11: Chuva | I11: Chuva | M11: =SUM(M5:M10) -> 134
B12: 8 | C12: Feito | E12: Feito | H12: Feito
B13: 9 | C13: Operação | D13: Feito | F13: Chuva | H13: Feito
B14: 10 | E14: Feito | I14: Chuva
B15: 11 | C15: Feito | E15: Feito | H15: Feito
B16: 12 | C16: Feito | F16: Chuva | H16: Feito
B17: 13 | D17: Feito | E17: Feito | G17: Energia | H17: Feito | I17: Feito | J17: Feito
B18: 14 | C18: Feito | D18: Feito | E18: Feito | I18: Chuva
B19: 15 | D19: Feito | F19: Chuva
B20: 16 | G20: Energia
B21: 17 | D21: Mecânico | F21: Feito | G21: Energia
B22: 18
B23: 19 | D23: Mecânico | E23: Mecânico | F23: Mecânico | G23: Mecânico | I23: Feito | J23: Feito
B24: 20
B25: 21 | C25: Feito | E25: Elétrico | H25: Feito
B26: 22
B27: 23 | D27: Feito | F27: Chuva | I27: Chuva
B28: 24
B29: 25 | C29: Feito | D29: Feito | E29: Feito | F29: Feito | G29: Energia | H29: Feito | I29: Feito
B30: 26 | D30: Feito | E30: Feito | I30: Chuva
B31: 27 | D31: Feito | F31: Chuva | I31: Chuva
B32: 28
B33: 29 | C33: Feito | D33: Feito | E33: Feito | F33: Chuva
B34: 30
B35: 31 | F35: Chuva
B36: 32
B37: 33 | C37: Feito | F37: Chuva
B38: 34 | E38: Mecânico | F38: Mecânico
B39: 35
B40: 36 | D40: Feito | E40: Mecânico | F40: Mecânico
B41: 37 | D41: Feito | F41: Chuva
B42: 38 | D42: Feito | F42: Chuva
B43: 39 | D43: Feito | E43: Feito | G43: Energia
B44: 40 | D44: Feito | E44: Feito | G44: Energia
B45: 41
B46: 42 | D46: Feito | E46: Feito
B47: 43
B48: 44
B49: 45 | D49: Operação | E49: Feito | F49: Feito | G49: Energia | H49: Feito
B50: 46 | D50: Mecânico | E50: Feito | F50: Feito | G50: Energia | H50: Feito
B51: 47 | C51: Feito | D51: Elétrico | E51: Feito | F51: Feito | G51: Energia | H51: Feito
B52: 48 | C52: Elétrico | D52: Feito | E52: Feito | F52: Chuva | G52: Energia | H52: Feito
B53: 49 | C53: Feito | D53: Feito | E53: Feito | F53: Chuva | G53: Energia | H53: Feito
B54: 50 | D54: Feito | H54: Feito | I54: Feito
B55: 51
B56: 52 | E56: Feito | F56: Chuva | H56: Feito | I56: Chuva
B57: 53
B58: 54
B59: 55
B60: 56

Sheet 25122020
C3: 44190 | D3: =C3+1 -> 44191 | E3: =D3+1 -> 44192 | F3: =E3+1 -> 44193 | G3: =F3+1 -> 44194 | H3: =G3+1 -> 44195 | I3: =H3+1 -> 44196 | J3: =I3+1 -> 44197
B4: Pivô | C4: =TEXT(C3,"ddd") -> sex | D4: =TEXT(D3,"ddd") -> sáb | E4: =TEXT(E3,"ddd") -> dom | F4: =TEXT(F3,"ddd") -> seg | G4: =TEXT(G3,"ddd") -> ter | H4: =TEXT(H3,"ddd") -> qua | I4: =TEXT(I3,"ddd") -> qui | J4: =TEXT(J3,"ddd") -> sex | L4: Parametros
B5: 1 | F5: Mecânico | H5: Elétrico | L5: Feito | M5: =COUNTIF($C$5:$J$60,L5) -> 101
B6: 2 | L6: Mecânico | M6: =COUNTIF($C$5:$J$60,L6) -> 10
B7: 3 | L7: Elétrico | M7: =COUNTIF($C$5:$J$60,L7) -> 6
B8: 4 | F8: Feito | G8: Feito | H8: Feito | I8: Feito | J8: Feito | L8: Energia | M8: =COUNTIF($C$5:$J$60,L8) -> 2
B9: 5 | E9: Feito | G9: Feito | I9: Feito | L9: Chuva | M9: =COUNTIF($C$5:$J$60,L9) -> 0
B10: 6 | F10: Operação | H10: Feito | J10: Feito | L10: Operação | M10: =COUNTIF($C$5:$J$60,L10) -> 7
B11: 7 | E11: Feito | G11: Feito | I11: Feito | M11: =SUM(M5:M10) -> 126
B12: 8 | F12: Feito | H12: Operação | J12: Feito
B13: 9 | E13: Feito | G13: Feito
B14: 10 | F14: Feito | H14: Feito | J14: Mecânico
B15: 11 | E15: Feito | G15: Feito | I15: Feito
B16: 12 | F16: Feito | G16: Feito | H16: Feito | J16: Feito
B17: 13 | E17: Feito | G17: Feito | I17: Feito
B18: 14 | F18: Operação | G18: Feito | H18: Feito | I18: Feito
B19: 15 | E19: Feito | G19: Mecânico | H19: Mecânico | J19: Elétrico
B20: 16
B21: 17 | F21: Feito | G21: Operação | H21: Feito | J21: Feito
B22: 18
B23: 19 | D23: Feito | E23: Feito | I23: Feito
B24: 20
B25: 21 | F25: Mecânico | G25: Elétrico | I25: Energia | J25: Elétrico
B26: 22
B27: 23 | E27: Feito | I27: Energia | J27: Elétrico
B28: 24 | I28: Feito | J28: Mecânico
B29: 25 | E29: Feito | F29: Feito | G29: Feito | H29: Feito | I29: Feito | J29: Feito
B30: 26 | E30: Feito | G30: Feito
B31: 27 | E31: Feito | G31: Feito
B32: 28
B33: 29 | E33: Feito | F33: Feito | H33: Feito | I33: Operação | J33: Feito
B34: 30 | H34: Mecânico | I34: Mecânico | J34: Mecânico
B35: 31
B36: 32
B37: 33 | J37: Feito
B38: 34 | H38: Operação | I38: Feito | J38: Feito
B39: 35
B40: 36 | E40: Feito | G40: Elétrico | I40: Feito
B41: 37 | F41: Feito | H41: Feito | J41: Feito
B42: 38 | F42: Feito | H42: Feito | J42: Feito
B43: 39 | E43: Feito | G43: Feito | I43: Feito
B44: 40 | E44: Feito | G44: Feito | I44: Feito
B45: 41
B46: 42 | D46: Feito | F46: Feito | H46: Feito | J46: Feito
B47: 43 | F47: Operação | G47: Mecânico | H47: Feito | I47: Feito | J47: Feito
B48: 44
B49: 45 | F49: Feito | G49: Feito | H49: Feito | I49: Feito
B50: 46 | E50: Feito | G50: Feito
B51: 47 | E51: Feito | G51: Feito
B52: 48 | D52: Feito | F52: Feito | G52: Feito
B53: 49 | D53: Feito | F53: Feito | H53: Feito
B54: 50 | F54: Feito | H54: Feito | J54: Feito
B55: 51
B56: 52 | E56: Feito | I56: Feito
B57: 53 | J57: Feito
B58: 54
B59: 55 | J59: Feito
B60: 56 | I60: Feito

Sheet 02012021 
C3: 44198 | D3: =C3+1 -> 44199 | E3: =D3+1 -> 44200 | F3: =E3+1 -> 44201 | G3: =F3+1 -> 44202 | H3: =G3+1 -> 44203 | I3: =H3+1 -> 44204 | J3: =I3+1 -> 44205
B4: Pivô | C4: =TEXT(C3,"ddd") -> sáb | D4: =TEXT(D3,"ddd") -> dom | E4: =TEXT(E3,"ddd") -> seg | F4: =TEXT(F3,"ddd") -> ter | G4: =TEXT(G3,"ddd") -> qua | H4: =TEXT(H3,"ddd") -> qui | I4: =TEXT(I3,"ddd") -> sex | J4: =TEXT(J3,"ddd") -> sáb | L4: Parametros
B5: 1 | C5: Chuva | H5: Mecânico | I5: Mecânico | L5: Feito | M5: =COUNTIF($C$5:$J$60,L5) -> 38
B6: 2 | H6: Feito | I6: Feito | L6: Mecânico | M6: =COUNTIF($C$5:$J$60,L6) -> 12
B7: 3 | F7: Feito | G7: Feito | H7: Operação | L7: Elétrico | M7: =COUNTIF($C$5:$J$60,L7) -> 12
B8: 4 | D8: Chuva | G8: Feito | H8: Mecânico | L8: Energia | M8: =COUNTIF($C$5:$J$60,L8) -> 0
B9: 5 | C9: Chuva | L9: Chuva | M9: =COUNTIF($C$5:$J$60,L9) -> 39
B10: 6 | D10: Chuva | L10: Operação | M10: =COUNTIF($C$5:$J$60,L10) -> 8
B11: 7 | I11: Feito | M11: =SUM(M5:M10) -> 109
B12: 8 | H12: Operação | I12: Mecânico
B13: 9 | C13: Chuva | D13: Chuva | F13: Feito | G13: Feito
B14: 10 | H14: Operação
B15: 11 | C15: Chuva
B16: 12 | D16: Chuva | G16: Feito | H16: Operação | I16: Feito
B17: 13 | C17: Chuva | G17: Feito | I17: Feito
B18: 14 | D18: Chuva | H18: Elétrico
B19: 15 | D19: Chuva | G19: Elétrico | I19: Elétrico
B20: 16
B21: 17 | D21: Chuva
B22: 18
B23: 19 | C23: Chuva
B24: 20 | I24: Operação
B25: 21
B26: 22 | H26: Operação | I26: Operação
B27: 23 | C27: Chuva
B28: 24 | C28: Chuva | D28: Chuva | G28: Mecânico | H28: Feito | I28: Feito
B29: 25 | C29: Chuva | D29: Chuva | H29: Feito | I29: Feito
B30: 26 | C30: Chuva
B31: 27 | C31: Chuva | G31: Feito
B32: 28 | D32: Chuva | G32: Mecânico | I32: Mecânico
B33: 29 | C33: Chuva | H33: Feito | I33: Feito
B34: 30 | C34: Mecânico | D34: Mecânico | G34: Mecânico | H34: Feito | I34: Feito
B35: 31 | C35: Chuva
B36: 32 | G36: Feito | H36: Feito | I36: Feito
B37: 33
B38: 34 | C38: Chuva | D38: Chuva | G38: Feito | H38: Mecânico | I38: Mecânico
B39: 35
B40: 36 | C40: Chuva | H40: Feito
B41: 37 | D41: Chuva | H41: Feito
B42: 38
B43: 39 | C43: Chuva | H43: Elétrico
B44: 40 | C44: Chuva
B45: 41
B46: 42 | G46: Feito
B47: 43 | C47: Chuva | D47: Chuva | G47: Feito | H47: Feito
B48: 44
B49: 45 | D49: Chuva | H49: Elétrico
B50: 46 | C50: Chuva | G50: Feito | I50: Feito
B51: 47 | C51: Chuva | F51: Elétrico | H51: Feito | I51: Feito
B52: 48 | C52: Chuva | F52: Elétrico | I52: Elétrico
B53: 49 | D53: Chuva | F53: Elétrico | I53: Operação
B54: 50 | D54: Chuva | G54: Elétrico | I54: Feito
B55: 51
B56: 52 | C56: Chuva | F56: Feito | G56: Feito
B57: 53
B58: 54 | C58: Chuva | I58: Elétrico
B59: 55 | I59: Elétrico
B60: 56 | I60: Feito

Sheet 14012021
C3: 44210 | D3: =C3+1 -> 44211 | E3: =D3+1 -> 44212 | F3: =E3+1 -> 44213 | G3: =F3+1 -> 44214 | H3: =G3+1 -> 44215 | I3: =H3+1 -> 44216 | J3: =I3+1 -> 44217
B4: Pivô | C4: =TEXT(C3,"ddd") -> qui | D4: =TEXT(D3,"ddd") -> sex | E4: =TEXT(E3,"ddd") -> sáb | F4: =TEXT(F3,"ddd") -> dom | G4: =TEXT(G3,"ddd") -> seg | H4: =TEXT(H3,"ddd") -> ter | I4: =TEXT(I3,"ddd") -> qua | J4: =TEXT(J3,"ddd") -> qui | L4: Parametros
B5: 1 | C5: Mecânico | L5: Feito | M5: =COUNTIF($C$5:$J$60,L5) -> 38
B6: 2 | L6: Mecânico | M6: =COUNTIF($C$5:$J$60,L6) -> 13
B7: 3 | L7: Elétrico | M7: =COUNTIF($C$5:$J$60,L7) -> 9
B8: 4 | H8: Feito | J8: Feito | L8: Energia | M8: =COUNTIF($C$5:$J$60,L8) -> 0
B9: 5 | J9: Feito | L9: Chuva | M9: =COUNTIF($C$5:$J$60,L9) -> 0
B10: 6 | I10: Mecânico | L10: Operação | M10: =COUNTIF($C$5:$J$60,L10) -> 1
B11: 7 | I11: Feito | M11: =SUM(M5:M10) -> 61
B12: 8 | J12: Feito
B13: 9 | I13: Feito | J13: Feito
B14: 10 | G14: Feito | H14: Feito | I14: Elétrico
B15: 11 | I15: Feito | J15: Feito
B16: 12 | G16: Feito | H16: Feito | J16: Feito
B17: 13 | I17: Feito
B18: 14 | H18: Feito | I18: Feito | J18: Elétrico
B19: 15 | J19: Mecânico
B20: 16 | C20: Mecânico | H20: Mecânico | I20: Mecânico | J20: Mecânico
B21: 17
B22: 18 | C22: Mecânico | H22: Feito | J22: Feito
B23: 19
B24: 20 | C24: Feito | J24: Feito
B25: 21
B26: 22 | I26: Elétrico
B27: 23
B28: 24
B29: 25 | H29: Feito | I29: Feito | J29: Feito
B30: 26
B31: 27 | J31: Mecânico
B32: 28 | C32: Mecânico
B33: 29 | H33: Feito | J33: Feito
B34: 30 | I34: Mecânico
B35: 31
B36: 32 | I36: Feito
B37: 33
B38: 34 | C38: Mecânico
B39: 35
B40: 36 | H40: Elétrico | J40: Elétrico
B41: 37 | I41: Feito
B42: 38
B43: 39
B44: 40
B45: 41 | H45: Feito | I45: Feito | J45: Feito
B46: 42
B47: 43 | J47: Feito
B48: 44
B49: 45 | G49: Feito | H49: Feito | J49: Feito
B50: 46 | I50: Feito | J50: Feito
B51: 47 | I51: Elétrico
B52: 48 | C52: Mecânico
B53: 49
B54: 50 | J54: Elétrico
B55: 51 | H55: Operação | I55: Elétrico | J55: Elétrico
B56: 52 | G56: Feito
B57: 53
B58: 54
B59: 55
B60: 56

Sheet 22012021
C3: 44218 | D3: =C3+1 -> 44219 | E3: =D3+1 -> 44220 | F3: =E3+1 -> 44221 | G3: =F3+1 -> 44222 | H3: =G3+1 -> 44223 | I3: =H3+1 -> 44224 | J3: =I3+1 -> 44225
B4: Pivô | C4: =TEXT(C3,"ddd") -> sex | D4: =TEXT(D3,"ddd") -> sáb | E4: =TEXT(E3,"ddd") -> dom | F4: =TEXT(F3,"ddd") -> seg | G4: =TEXT(G3,"ddd") -> ter | H4: =TEXT(H3,"ddd") -> qua | I4: =TEXT(I3,"ddd") -> qui | J4: =TEXT(J3,"ddd") -> sex | L4: Parametros
B5: 1 | C5: Mecânico | F5: Mecânico | J5: Operação | L5: Feito | M5: =COUNTIF($C$5:$J$60,L5) -> 118
B6: 2 | I6: Feito | L6: Mecânico | M6: =COUNTIF($C$5:$J$60,L6) -> 19
B7: 3 | L7: Elétrico | M7: =COUNTIF($C$5:$J$60,L7) -> 4
B8: 4 | D8: Feito | F8: Feito | L8: Energia | M8: =COUNTIF($C$5:$J$60,L8) -> 19
B9: 5 | D9: Feito | F9: Feito | H9: Feito | J9: Operação | L9: Chuva | M9: =COUNTIF($C$5:$J$60,L9) -> 0
B10: 6 | C10: Feito | E10: Feito | F10: Feito | G10: Feito | I10: Feito | L10: Operação | M10: =COUNTIF($C$5:$J$60,L10) -> 19
B11: 7 | C11: Feito | E11: Feito | G11: Energia | I11: Feito | M11: =SUM(M5:M10) -> 179
B12: 8 | D12: Feito | F12: Mecânico | H12: Feito | I12: Feito | J12: Feito
B13: 9 | C13: Feito | E13: Feito | G13: Mecânico | J13: Operação
B14: 10 | C14: Mecânico | E14: Mecânico | G14: Operação | I14: Feito
B15: 11 | C15: Feito | E15: Feito | G15: Feito | I15: Feito
B16: 12 | D16: Feito | F16: Feito | H16: Feito | J16: Operação
B17: 13 | C17: Feito | E17: Feito | G17: Feito | I17: Feito
B18: 14 | D18: Elétrico | F18: Feito | H18: Operação | J18: Feito
B19: 15
B20: 16 | C20: Feito | F20: Feito | I20: Mecânico
B21: 17 | F21: Feito | G21: Feito | H21: Feito | I21: Feito | J21: Feito
B22: 18 | E22: Feito | H22: Feito | I22: Feito
B23: 19 | F23: Feito | G23: Feito | H23: Feito | I23: Energia | J23: Energia
B24: 20 | E24: Feito | H24: Energia | J24: Operação
B25: 21 | E25: Feito | F25: Mecânico | G25: Energia | H25: Energia | I25: Energia | J25: Energia
B26: 22 | C26: Elétrico | D26: Elétrico | F26: Mecânico | I26: Feito
B27: 23 | E27: Feito | F27: Feito | G27: Feito | H27: Operação | I27: Feito | J27: Feito
B28: 24 | E28: Feito | H28: Operação
B29: 25 | C29: Feito | D29: Feito | E29: Feito | F29: Feito | G29: Feito | H29: Mecânico | I29: Mecânico | J29: Energia
B30: 26 | D30: Feito | E30: Mecânico | F30: Feito | G30: Feito | H30: Feito | I30: Feito | J30: Feito
B31: 27
B32: 28 | H32: Feito
B33: 29 | D33: Feito | F33: Feito | H33: Feito | J33: Operação
B34: 30 | D34: Mecânico | G34: Feito | I34: Operação
B35: 31 | J35: Feito
B36: 32 | C36: Feito | F36: Mecânico | J36: Operação
B37: 33
B38: 34 | H38: Mecânico | I38: Operação
B39: 35
B40: 36 | D40: Feito | F40: Feito | H40: Feito | I40: Feito
B41: 37 | C41: Feito | E41: Feito | G41: Feito
B42: 38 | H42: Feito | I42: Feito | J42: Feito
B43: 39 | G43: Feito | H43: Mecânico | I43: Feito | J43: Feito
B44: 40 | H44: Feito | I44: Feito | J44: Feito
B45: 41 | C45: Feito | D45: Feito | E45: Feito | F45: Feito | H45: Feito | J45: Feito
B46: 42 | I46: Feito | J46: Feito
B47: 43 | E47: Energia | H47: Feito
B48: 44
B49: 45 | E49: Energia | F49: Feito | G49: Feito | I49: Feito
B50: 46 | C50: Feito | F50: Operação | I50: Feito | J50: Feito
B51: 47 | D51: Feito | G51: Energia | I51: Operação | J51: Operação
B52: 48 | E52: Energia | G52: Energia | H52: Feito | I52: Feito | J52: Feito
B53: 49 | G53: Energia | I53: Feito | J53: Feito
B54: 50 | D54: Feito | F54: Elétrico | H54: Mecânico | J54: Feito
B55: 51 | C55: Feito | D55: Feito | E55: Energia | F55: Operação | H55: Mecânico | I55: Mecânico | J55: Feito
B56: 52 | F56: Operação | I56: Operação | J56: Energia
B57: 53 | E57: Energia | J57: Feito
B58: 54 | E58: Energia | J58: Feito
B59: 55
B60: 56

Sheet 30012021
C3: 44226 | D3: =C3+1 -> 44227 | E3: =D3+1 -> 44228 | F3: =E3+1 -> 44229 | G3: =F3+1 -> 44230 | H3: =G3+1 -> 44231 | I3: =H3+1 -> 44232 | J3: =I3+1 -> 44233
B4: Pivô | C4: =TEXT(C3,"ddd") -> sáb | D4: =TEXT(D3,"ddd") -> dom | E4: =TEXT(E3,"ddd") -> seg | F4: =TEXT(F3,"ddd") -> ter | G4: =TEXT(G3,"ddd") -> qua | H4: =TEXT(H3,"ddd") -> qui | I4: =TEXT(I3,"ddd") -> sex | J4: =TEXT(J3,"ddd") -> sáb | L4: Parametros
B5: 1 | D5: Operação | G5: Feito | L5: Feito | M5: =COUNTIF($C$5:$J$60,L5) -> 122
B6: 2 | G6: Mecânico | L6: Mecânico | M6: =COUNTIF($C$5:$J$60,L6) -> 12
B7: 3 | L7: Elétrico | M7: =COUNTIF($C$5:$J$60,L7) -> 0
B8: 4 | I8: Operação | J8: Feito | L8: Energia | M8: =COUNTIF($C$5:$J$60,L8) -> 18
B9: 5 | D9: Feito | G9: Feito | I9: Feito | L9: Chuva | M9: =COUNTIF($C$5:$J$60,L9) -> 2
B10: 6 | C10: Feito | F10: Feito | H10: Feito | J10: Feito | L10: Operação | M10: =COUNTIF($C$5:$J$60,L10) -> 21
B11: 7 | C11: Feito | F11: Feito | I11: Feito | M11: =SUM(M5:M10) -> 175
B12: 8 | D12: Mecânico | F12: Feito | H12: Feito | J12: Feito
B13: 9 | D13: Mecânico | F13: Operação | H13: Feito | J13: Feito
B14: 10 | C14: Operação | G14: Feito | I14: Feito
B15: 11 | C15: Feito | F15: Feito | H15: Feito | J15: Feito
B16: 12 | D16: Feito | G16: Feito | I16: Feito
B17: 13 | C17: Feito | D17: Feito | F17: Feito | G17: Feito | H17: Feito | I17: Feito | J17: Feito
B18: 14 | D18: Feito | G18: Mecânico | J18: Feito
B19: 15 | I19: Feito
B20: 16 | C20: Operação | G20: Feito
B21: 17 | C21: Feito | D21: Feito | F21: Feito | J21: Feito
B22: 18 | D22: Operação | E22: Feito | J22: Feito
B23: 19 | C23: Energia | D23: Feito | F23: Operação
B24: 20 | F24: Operação
B25: 21 | C25: Energia | D25: Energia | E25: Feito | F25: Energia | J25: Feito
B26: 22 | D26: Feito | G26: Feito
B27: 23 | C27: Feito | D27: Feito | G27: Feito
B28: 24 | C28: Operação | H28: Operação
B29: 25 | C29: Feito | D29: Energia | E29: Feito | F29: Energia | H29: Feito | I29: Feito | J29: Chuva
B30: 26 | C30: Feito | D30: Feito | G30: Operação | J30: Feito
B31: 27 | J31: Mecânico
B32: 28 | C32: Operação | G32: Feito
B33: 29 | D33: Feito | G33: Feito | H33: Feito
B34: 30 | C34: Feito | F34: Mecânico | G34: Operação | J34: Feito
B35: 31 | D35: Mecânico | E35: Feito | F35: Mecânico | G35: Feito | H35: Feito | J35: Feito
B36: 32 | F36: Feito | H36: Chuva
B37: 33
B38: 34 | C38: Feito | G38: Feito | H38: Feito
B39: 35
B40: 36 | C40: Feito | F40: Feito | I40: Mecânico
B41: 37
B42: 38 | C42: Feito | D42: Feito | F42: Feito | H42: Feito | J42: Feito
B43: 39 | C43: Feito | D43: Feito | G43: Feito
B44: 40 | C44: Feito | D44: Feito | F44: Feito | J44: Feito
B45: 41 | D45: Feito | G45: Feito
B46: 42 | C46: Feito | D46: Feito | F46: Feito | H46: Feito
B47: 43 | C47: Feito | G47: Feito
B48: 44 | J48: Mecânico
B49: 45 | C49: Energia | F49: Feito | H49: Feito | I49: Feito
B50: 46 | D50: Operação | E50: Feito | G50: Feito | I50: Feito
B51: 47 | C51: Energia | F51: Energia | H51: Energia | J51: Feito
B52: 48 | D52: Operação | E52: Feito | H52: Energia | J52: Feito
B53: 49 | C53: Energia | G53: Feito | I53: Feito
B54: 50 | D54: Operação | E54: Feito | G54: Energia | I54: Feito | J54: Feito
B55: 51 | C55: Energia | F55: Feito | J55: Feito
B56: 52 | D56: Operação | E56: Feito | J56: Feito
B57: 53 | C57: Energia | F57: Mecânico | G57: Operação | H57: Feito
B58: 54 | C58: Energia | F58: Feito | G58: Operação | J58: Feito
B59: 55 | C59: Energia | F59: Feito | G59: Feito | H59: Operação | I59: Feito | J59: Feito
B60: 56 | C60: Energia | F60: Feito | G60: Mecânico | H60: Operação | I60: Feito | J60: Feito

Sheet 07022021
C3: 44234 | D3: =C3+1 -> 44235 | E3: =D3+1 -> 44236 | F3: =E3+1 -> 44237 | G3: =F3+1 -> 44238 | H3: =G3+1 -> 44239 | I3: =H3+1 -> 44240 | J3: =I3+1 -> 44241
B4: Pivô | C4: =TEXT(C3,"ddd") -> dom | D4: =TEXT(D3,"ddd") -> seg | E4: =TEXT(E3,"ddd") -> ter | F4: =TEXT(F3,"ddd") -> qua | G4: =TEXT(G3,"ddd") -> qui | H4: =TEXT(H3,"ddd") -> sex | I4: =TEXT(I3,"ddd") -> sáb | J4: =TEXT(J3,"ddd") -> dom | L4: Parametros
B5: 1 | C5: Operação | L5: Feito | M5: =COUNTIF($C$5:$J$60,L5) -> 10
B6: 2 | C6: Chuva | I6: Feito | L6: Mecânico | M6: =COUNTIF($C$5:$J$60,L6) -> 2
B7: 3 | L7: Elétrico | M7: =COUNTIF($C$5:$J$60,L7) -> 1
B8: 4 | L8: Energia | M8: =COUNTIF($C$5:$J$60,L8) -> 0
B9: 5 | C9: Chuva | L9: Chuva | M9: =COUNTIF($C$5:$J$60,L9) -> 26
B10: 6 | L10: Operação | M10: =COUNTIF($C$5:$J$60,L10) -> 1
B11: 7 | C11: Chuva | M11: =SUM(M5:M10) -> 40
B12: 8
B13: 9
B14: 10 | C14: Chuva
B15: 11
B16: 12 | C16: Chuva
B17: 13 | C17: Feito
B18: 14
B19: 15 | C19: Chuva
B20: 16 | C20: Feito
B21: 17 | I21: Feito
B22: 18
B23: 19 | C23: Chuva
B24: 20 | C24: Chuva
B25: 21
B26: 22
B27: 23 | C27: Chuva
B28: 24
B29: 25 | C29: Chuva | I29: Feito
B30: 26
B31: 27 | C31: Chuva
B32: 28
B33: 29 | C33: Feito
B34: 30
B35: 31 | C35: Chuva
B36: 32
B37: 33
B38: 34 | C38: Chuva
B39: 35 | C39: Chuva
B40: 36 | C40: Chuva
B41: 37
B42: 38 | I42: Feito
B43: 39 | C43: Elétrico | I43: Mecânico
B44: 40
B45: 41 | C45: Chuva
B46: 42 | I46: Feito
B47: 43 | C47: Chuva
B48: 44 | C48: Chuva
B49: 45 | C49: Chuva
B50: 46 | C50: Chuva
B51: 47
B52: 48
B53: 49 | C53: Chuva
B54: 50 | C54: Chuva | I54: Feito
B55: 51 | C55: Chuva | I55: Feito
B56: 52
B57: 53 | C57: Chuva
B58: 54 | C58: Chuva
B59: 55 | C59: Chuva
B60: 56 | C60: Mecânico

Sheet 15022021
C3: 44242 | D3: =C3+1 -> 44243 | E3: =D3+1 -> 44244 | F3: =E3+1 -> 44245 | G3: =F3+1 -> 44246 | H3: =G3+1 -> 44247 | I3: =H3+1 -> 44248 | J3: =I3+1 -> 44249
B4: Pivô | C4: =TEXT(C3,"ddd") -> seg | D4: =TEXT(D3,"ddd") -> ter | E4: =TEXT(E3,"ddd") -> qua | F4: =TEXT(F3,"ddd") -> qui | G4: =TEXT(G3,"ddd") -> sex | H4: =TEXT(H3,"ddd") -> sáb | I4: =TEXT(I3,"ddd") -> dom | J4: =TEXT(J3,"ddd") -> seg | L4: Parametros
B5: 1 | L5: Feito | M5: =COUNTIF($C$5:$J$60,L5) -> 9
B6: 2 | C6: Feito | J6: Feito | L6: Mecânico | M6: =COUNTIF($C$5:$J$60,L6) -> 6
B7: 3 | E7: Feito | F7: Feito | L7: Elétrico | M7: =COUNTIF($C$5:$J$60,L7) -> 0
B8: 4 | L8: Energia | M8: =COUNTIF($C$5:$J$60,L8) -> 0
B9: 5 | L9: Chuva | M9: =COUNTIF($C$5:$J$60,L9) -> 1
B10: 6 | L10: Operação | M10: =COUNTIF($C$5:$J$60,L10) -> 2
B11: 7 | M11: =SUM(M5:M10) -> 18
B12: 8
B13: 9
B14: 10
B15: 11
B16: 12
B17: 13
B18: 14
B19: 15
B20: 16
B21: 17
B22: 18 | J22: Feito
B23: 19 | C23: Chuva | G23: Feito
B24: 20 | F24: Operação
B25: 21
B26: 22
B27: 23
B28: 24 | E28: Mecânico
B29: 25 | C29: Feito
B30: 26
B31: 27
B32: 28
B33: 29 | C33: Feito | D33: Feito
B34: 30
B35: 31
B36: 32 | C36: Mecânico | D36: Mecânico | E36: Mecânico | F36: Mecânico | G36: Mecânico | J36: Operação
B37: 33
B38: 34
B39: 35
B40: 36
B41: 37
B42: 38
B43: 39
B44: 40
B45: 41
B46: 42
B47: 43
B48: 44
... B60: 56
C66: 44242 | D66: =C66+1 -> 44243 | E66: =D66+1 -> 44244 | F66: =E66+1 -> 44245 | G66: =F66+1 -> 44246 | H66: =G66+1 -> 44247 | I66: =H66+1 -> 44248 | J66: =I66+1 -> 44249
B67: Pivô | C67: =TEXT(C66,"ddd") -> seg | D67: =TEXT(D66,"ddd") -> ter | E67: =TEXT(E66,"ddd") -> qua | F67: =TEXT(F66,"ddd") -> qui | G67: =TEXT(G66,"ddd") -> sex | H67: =TEXT(H66,"ddd") -> sáb | I67: =TEXT(I66,"ddd") -> dom | J67: =TEXT(J66,"ddd") -> seg | L67: Mecânico
B68: 1 | L68: Vedação | M68: =COUNTIF($C$68:$J$123,L68) -> 2
B69: 2 | L69: Mangote | M69: =COUNTIF($C$68:$J$123,L69) -> 5
B70: 3 | L70: Adutora | M70: =COUNTIF($C$68:$J$123,L70) -> 5
B71: 4 | L71: Redutor | M71: =COUNTIF($C$68:$J$123,L71) -> 0
B72: 5 | L72: Castanha | M72: =COUNTIF($C$68:$J$123,L72) -> 0
B73: 6 | L73: Micro | M73: =COUNTIF($C$68:$J$123,L73) -> 0
B74: 7 | M74: =SUM(M68:M73) -> 12
B75: 8
B76: 9
B77: 10
B78: 11
B79: 12
B80: 13
B81: 14
B82: 15
B83: 16
B84: 17
B85: 18
B86: 19
... B90: 23
B91: 24 | E91: Adutora | F91: Adutora | G91: Adutora | H91: Adutora | I91: Adutora
B92: 25
B93: 26
B94: 27
B95: 28
B96: 29
B97: 30
B98: 31
B99: 32 | C99: Vedação | D99: Vedação | E99: Mangote | F99: Mangote | G99: Mangote | H99: Mangote | I99: Mangote
B100: 33
B101: 34
B102: 35
B103: 36
B104: 37
B105: 38
B106: 39
B107: 40
B108: 41
B109: 42
B110: 43
B111: 44
... B123: 56

Sheet 24022021
C3: 44250 | D3: =C3+1 -> 44251 | E3: =D3+1 -> 44252 | F3: =E3+1 -> 44253 | G3: =F3+1 -> 44254 | H3: =G3+1 -> 44255 | I3: =H3+1 -> 44256 | J3: =I3+1 -> 44257
B4: Pivô | C4: =TEXT(C3,"ddd") -> ter | D4: =TEXT(D3,"ddd") -> qua | E4: =TEXT(E3,"ddd") -> qui | F4: =TEXT(F3,"ddd") -> sex | G4: =TEXT(G3,"ddd") -> sáb | H4: =TEXT(H3,"ddd") -> dom | I4: =TEXT(I3,"ddd") -> seg | J4: =TEXT(J3,"ddd") -> ter | L4: Parametros
B5: 1 | L5: Feito | M5: =COUNTIF($C$5:$J$60,L5) -> 14
B6: 2 | C6: Feito | J6: Feito | L6: Mecânico | M6: =COUNTIF($C$5:$J$60,L6) -> 1
B7: 3 | D7: Chuva | E7: Feito | I7: Feito | L7: Elétrico | M7: =COUNTIF($C$5:$J$60,L7) -> 1
B8: 4 | L8: Energia | M8: =COUNTIF($C$5:$J$60,L8) -> 0
B9: 5 | L9: Chuva | M9: =COUNTIF($C$5:$J$60,L9) -> 1
B10: 6 | L10: Operação | M10: =COUNTIF($C$5:$J$60,L10) -> 0
B11: 7 | M11: =SUM(M5:M10) -> 17
B12: 8
B13: 9
B14: 10
B15: 11
B16: 12
B17: 13
B18: 14
B19: 15
B20: 16 | D20: Feito | E20: Feito
B21: 17
B22: 18 | C22: Feito
B23: 19
B24: 20
B25: 21
B26: 22 | D26: Feito | E26: Feito
B27: 23
B28: 24 | F28: Mecânico | J28: Elétrico
B29: 25 | D29: Feito
B30: 26
B31: 27
B32: 28 | F32: Feito
B33: 29 | D33: Feito | I33: Feito
B34: 30
B35: 31
B36: 32 | C36: Feito
B37: 33
B38: 34
B39: 35
B40: 36
B41: 37
B42: 38
B43: 39
B44: 40
B45: 41
B46: 42
B47: 43
B48: 44
... B60: 56
C66: 44250 | D66: =C66+1 -> 44251 | E66: =D66+1 -> 44252 | F66: =E66+1 -> 44253 | G66: =F66+1 -> 44254 | H66: =G66+1 -> 44255 | I66: =H66+1 -> 44256 | J66: =I66+1 -> 44257
B67: Pivô | C67: =TEXT(C66,"ddd") -> ter | D67: =TEXT(D66,"ddd") -> qua | E67: =TEXT(E66,"ddd") -> qui | F67: =TEXT(F66,"ddd") -> sex | G67: =TEXT(G66,"ddd") -> sáb | H67: =TEXT(H66,"ddd") -> dom | I67: =TEXT(I66,"ddd") -> seg | J67: =TEXT(J66,"ddd") -> ter | L67: Mecânico
B68: 1 | L68: Vedação | M68: =COUNTIF($C$68:$J$123,L68) -> 0
B69: 2 | L69: Mangote | M69: =COUNTIF($C$68:$J$123,L69) -> 0
B70: 3 | L70: Adutora | M70: =COUNTIF($C$68:$J$123,L70) -> 1
B71: 4 | L71: Redutor | M71: =COUNTIF($C$68:$J$123,L71) -> 0
B72: 5 | L72: Castanha | M72: =COUNTIF($C$68:$J$123,L72) -> 0
B73: 6 | L73: Micro | M73: =COUNTIF($C$68:$J$123,L73) -> 0
B74: 7 | M74: =SUM(M68:M73) -> 1
B75: 8
B76: 9
B77: 10
B78: 11
B79: 12
B80: 13
B81: 14
B82: 15
B83: 16
B84: 17
B85: 18
B86: 19
... B90: 23
B91: 24 | F91: Adutora
B92: 25
B93: 26
B94: 27
B95: 28
B96: 29
B97: 30
B98: 31
B99: 32
B100: 33
B101: 34
B102: 35
B103: 36
... B123: 56

Sheet 03032021
C3: 44258 | D3: =C3+1 -> 44259 | E3: =D3+1 -> 44260 | F3: =E3+1 -> 44261 | G3: =F3+1 -> 44262 | H3: =G3+1 -> 44263 | I3: =H3+1 -> 44264 | J3: =I3+1 -> 44265
B4: Pivô | C4: =TEXT(C3,"ddd") -> qua | D4: =TEXT(D3,"ddd") -> qui | E4: =TEXT(E3,"ddd") -> sex | F4: =TEXT(F3,"ddd") -> sáb | G4: =TEXT(G3,"ddd") -> dom | H4: =TEXT(H3,"ddd") -> seg | I4: =TEXT(I3,"ddd") -> ter | J4: =TEXT(J3,"ddd") -> qua | L4: Parametros
B5: 1 | D5: Feito | G5: Feito | L5: Feito | M5: =COUNTIF($C$5:$J$60,L5) -> 75
B6: 2 | C6: Feito | E6: Operação | G6: Feito | J6: Feito | L6: Mecânico | M6: =COUNTIF($C$5:$J$60,L6) -> 12
B7: 3 | D7: Feito | E7: Feito | F7: Feito | H7: Feito | L7: Elétrico | M7: =COUNTIF($C$5:$J$60,L7) -> 15
B8: 4 | D8: Feito | E8: Feito | F8: Feito | G8: Feito | H8: Feito | J8: Chuva | L8: Energia | M8: =COUNTIF($C$5:$J$60,L8) -> 2
B9: 5 | L9: Chuva | M9: =COUNTIF($C$5:$J$60,L9) -> 11
B10: 6 | L10: Operação | M10: =COUNTIF($C$5:$J$60,L10) -> 12
B11: 7 | M11: =SUM(M5:M10) -> 127
B12: 8
B13: 9
B14: 10
B15: 11
B16: 12
B17: 13 | D17: Feito | E17: Feito | F17: Feito | G17: Feito
B18: 14 | D18: Feito | F18: Mecânico | H18: Mecânico | I18: Chuva | J18: Feito
B19: 15 | E19: Feito
B20: 16 | E20: Feito | F20: Feito
B21: 17 | D21: Feito | F21: Elétrico
B22: 18 | D22: Operação | E22: Mecânico | F22: Mecânico | G22: Feito
B23: 19 | E23: Feito | H23: Chuva
B24: 20 | D24: Operação | G24: Feito
B25: 21 | D25: Elétrico | F25: Elétrico
B26: 22 | E26: Feito | H26: Chuva | J26: Feito
B27: 23 | C27: Feito | F27: Elétrico | H27: Chuva
B28: 24 | C28: Mecânico | G28: Feito
B29: 25 | C29: Feito | D29: Feito | E29: Feito | F29: Feito | G29: Feito | H29: Operação | J29: Chuva
B30: 26 | C30: Feito | F30: Operação
B31: 27 | E31: Feito
B32: 28 | D32: Feito | G32: Feito | H32: Operação | I32: Chuva | J32: Feito
B33: 29 | D33: Feito | F33: Feito
B34: 30 | C34: Feito | E34: Feito | G34: Feito
B35: 31
B36: 32 | D36: Elétrico | E36: Operação | G36: Feito
B37: 33
B38: 34 | F38: Operação | H38: Feito
B39: 35
B40: 36
B41: 37 | G41: Feito | H41: Feito | J41: Feito
B42: 38 | E42: Feito
B43: 39 | D43: Feito | G43: Feito
B44: 40 | D44: Feito | F44: Feito
B45: 41 | E45: Feito | G45: Feito
B46: 42 | D46: Operação | E46: Operação | H46: Mecânico
B47: 43 | D47: Feito | E47: Feito | G47: Feito
B48: 44 | D48: Operação | G48: Feito
B49: 45 | C49: Elétrico | F49: Feito | H49: Chuva
B50: 46 | C50: Elétrico | F50: Feito | H50: Chuva
B51: 47 | C51: Elétrico | G51: Energia
B52: 48 | C52: Elétrico | D52: Operação | G52: Energia
B53: 49 | C53: Elétrico | G53: Feito
B54: 50 | D54: Elétrico | E54: Feito | F54: Feito | G54: Feito | H54: Feito
B55: 51 | E55: Mecânico | F55: Mecânico | G55: Feito | J55: Feito
B56: 52 | C56: Elétrico | D56: Elétrico | E56: Elétrico | F56: Elétrico | H56: Chuva
B57: 53 | E57: Mecânico | H57: Mecânico | I57: Mecânico
B58: 54 | F58: Feito
B59: 55 | D59: Feito | G59: Feito
B60: 56 | E60: Feito | H60: Chuva | J60: Mecânico
B67: Pivô | L67: Mecânico
B68: 1 | L68: Vedação | M68: =COUNTIF($C$68:$J$123,L68) -> 0
B69: 2 | L69: Mangote | M69: =COUNTIF($C$68:$J$123,L69) -> 0
B70: 3 | L70: Adutora | M70: =COUNTIF($C$68:$J$123,L70) -> 0
B71: 4 | L71: Redutor | M71: =COUNTIF($C$68:$J$123,L71) -> 4
B72: 5 | L72: Castanha | M72: =COUNTIF($C$68:$J$123,L72) -> 3
B73: 6 | L73: Micro | M73: =COUNTIF($C$68:$J$123,L73) -> 1
B74: 7 | M74: =SUM(M68:M73) -> 8
B75: 8
B76: 9
B77: 10
B78: 11
B79: 12
B80: 13
B81: 14 | F81: Castanha | H81: Redutor
B82: 15
B83: 16
B84: 17
B85: 18 | E85: Redutor
B86: 19
B87: 20
B88: 21
B89: 22
B90: 23
B91: 24
B92: 25
B93: 26
B94: 27
B95: 28
B96: 29
B97: 30
... B108: 41
B109: 42 | H109: Castanha
B110: 43
B111: 44
B112: 45
B113: 46
B114: 47
B115: 48
B116: 49
B117: 50
B118: 51
...

Sheet 11032021
C3: 44266 | D3: =C3+1 -> 44267 | E3: =D3+1 -> 44268 | F3: =E3+1 -> 44269 | G3: =F3+1 -> 44270 | H3: =G3+1 -> 44271 | I3: =H3+1 -> 44272 | J3: =I3+1 -> 44273
B4: Pivô | C4: =TEXT(C3,"ddd") -> qui | D4: =TEXT(D3,"ddd") -> sex | E4: =TEXT(E3,"ddd") -> sáb | F4: =TEXT(F3,"ddd") -> dom | G4: =TEXT(G3,"ddd") -> seg | H4: =TEXT(H3,"ddd") -> ter | I4: =TEXT(I3,"ddd") -> qua | J4: =TEXT(J3,"ddd") -> qui | L4: Parametros
B5: 1 | F5: Feito | H5: Feito | J5: Feito | L5: Feito | M5: =COUNTIF($C$5:$J$60,L5) -> 93
B6: 2 | G6: Mecânico | L6: Mecânico | M6: =COUNTIF($C$5:$J$60,L6) -> 9
B7: 3 | C7: Feito | F7: Feito | I7: Feito | L7: Elétrico | M7: =COUNTIF($C$5:$J$60,L7) -> 8
B8: 4 | D8: Feito | E8: Feito | F8: Feito | G8: Feito | H8: Feito | I8: Feito | J8: Feito | L8: Energia | M8: =COUNTIF($C$5:$J$60,L8) -> 9
B9: 5 | J9: Operação | L9: Chuva | M9: =COUNTIF($C$5:$J$60,L9) -> 0
B10: 6 | L10: Operação | M10: =COUNTIF($C$5:$J$60,L10) -> 11
B11: 7 | M11: =SUM(M5:M10) -> 130
B12: 8
B13: 9
B14: 10
B15: 11
B16: 12
B17: 13 | F17: Mecânico | G17: Mecânico | H17: Elétrico | J17: Feito
B18: 14 | C18: Feito | G18: Feito | I18: Feito
B19: 15 | G19: Feito | J19: Feito
B20: 16 | F20: Feito | G20: Feito | I20: Mecânico | J20: Mecânico
B21: 17 | H21: Feito
B22: 18 | F22: Feito | J22: Mecânico
B23: 19 | F23: Feito | H23: Operação | I23: Feito
B24: 20 | D24: Feito | G24: Feito | J24: Feito
B25: 21 | D25: Feito | H25: Energia
B26: 22 | C26: Feito | G26: Feito | J26: Feito
B27: 23 | H27: Energia
B28: 24 | C28: Feito | G28: Feito | I28: Mecânico
B29: 25 | C29: Feito | D29: Feito | F29: Feito | G29: Feito | H29: Feito | I29: Feito | J29: Feito
B30: 26 | H30: Energia
B31: 27 | G31: Feito | J31: Feito
B32: 28 | G32: Feito | J32: Feito
B33: 29 | D33: Feito | F33: Feito | H33: Feito | I33: Feito | J33: Feito
B34: 30 | F34: Feito | H34: Energia | J34: Operação
B35: 31
B36: 32 | F36: Feito | G36: Feito | I36: Feito | J36: Feito
B37: 33
B38: 34 | F38: Feito | H38: Energia | J38: Feito
B39: 35 | H39: Elétrico | I39: Feito | J39: Elétrico
B40: 36
B41: 37 | D41: Feito | E41: Feito | F41: Feito | G41: Feito | H41: Feito | I41: Feito | J41: Feito
B42: 38 | G42: Feito | J42: Operação
B43: 39 | F43: Feito | I43: Feito
B44: 40 | G44: Feito | J44: Operação
B45: 41 | F45: Feito | I45: Feito
B46: 42 | G46: Feito | J46: Feito
B47: 43 | F47: Feito | I47: Feito
B48: 44 | C48: Elétrico | H48: Feito
B49: 45 | F49: Feito | H49: Feito | J49: Feito
B50: 46 | G50: Elétrico | I50: Energia
B51: 47 | F51: Operação | H51: Energia | J51: Operação
B52: 48 | G52: Feito | I52: Feito
B53: 49 | F53: Feito | G53: Feito | H53: Feito | J53: Feito
B54: 50 | F54: Feito | G54: Feito | I54: Feito
B55: 51 | F55: Mecânico | G55: Mecânico | I55: Operação | J55: Operação
B56: 52 | F56: Elétrico | H56: Operação | I56: Feito | J56: Feito
B57: 53 | C57: Elétrico | H57: Feito | J57: Operação
B58: 54 | G58: Feito
B59: 55 | H59: Energia | J59: Feito
B60: 56 | H60: Energia | J60: Elétrico
B67: Pivô | L67: Mecânico
B68: 1 | L68: Vedação | M68: =COUNTIF($C$68:$J$123,L68) -> 2
B69: 2 | G69: Adutora | L69: Mangote | M69: =COUNTIF($C$68:$J$123,L69) -> 0
B70: 3 | L70: Adutora | M70: =COUNTIF($C$68:$J$123,L70) -> 1
B71: 4 | L71: Redutor | M71: =COUNTIF($C$68:$J$123,L71) -> 1
B72: 5 | L72: Castanha | M72: =COUNTIF($C$68:$J$123,L72) -> 0
B73: 6 | L73: Micro | M73: =COUNTIF($C$68:$J$123,L73) -> 2
B74: 7 | M74: =SUM(M68:M73) -> 6
B75: 8
B76: 9
B77: 10
B78: 11
B79: 12
B80: 13 | F80: Micro | G80: Micro
B81: 14
B82: 15
B83: 16 | I83: Vedação
B84: 17
B85: 18 | J85: Redutor
B86: 19
B87: 20
B88: 21
B89: 22
B90: 23
B91: 24 | I91: Vedação
B92: 25
B93: 26
B94: 27
B95: 28
B96: 29
B97: 30
B98: 31
B99: 32
B100: 33
B101: 34
B102: 35
B103: 36
... B123: 56

Sheet 19 03 2021
C3: 44274 | D3: =C3+1 -> 44275 | E3: =D3+1 -> 44276 | F3: =E3+1 -> 44277 | G3: =F3+1 -> 44278 | H3: =G3+1 -> 44279 | I3: =H3+1 -> 44280 | J3: =I3+1 -> 44281
B4: Pivô | C4: =TEXT(C3,"ddd") -> sex | D4: =TEXT(D3,"ddd") -> sáb | E4: =TEXT(E3,"ddd") -> dom | F4: =TEXT(F3,"ddd") -> seg | G4: =TEXT(G3,"ddd") -> ter | H4: =TEXT(H3,"ddd") -> qua | I4: =TEXT(I3,"ddd") -> qui | J4: =TEXT(J3,"ddd") -> sex | L4: Parametros
B5: 1 | D5: Feito | F5: Feito | J5: Feito | L5: Feito | M5: =COUNTIF($C$5:$J$60,L5) -> 113
B6: 2 | C6: Feito | D6: Feito | E6: Feito | F6: Mecânico | G6: Feito | H6: Operação | J6: Feito | L6: Mecânico | M6: =COUNTIF($C$5:$J$60,L6) -> 23
B7: 3 | C7: Feito | H7: Feito | I7: Feito | L7: Elétrico | M7: =COUNTIF($C$5:$J$60,L7) -> 18
B8: 4 | C8: Mecânico | D8: Feito | E8: Feito | G8: Feito | I8: Feito | J8: Feito | L8: Energia | M8: =COUNTIF($C$5:$J$60,L8) -> 0
B9: 5 | I9: Feito | L9: Chuva | M9: =COUNTIF($C$5:$J$60,L9) -> 0
B10: 6 | D10: Elétrico | I10: Feito | L10: Operação | M10: =COUNTIF($C$5:$J$60,L10) -> 37
B11: 7 | D11: Feito | M11: =SUM(M5:M10) -> 191
B12: 8 | G12: Operação
B13: 9
B14: 10
B15: 11
B16: 12 | I16: Feito | J16: Feito
B17: 13 | D17: Feito
B18: 14 | C18: Mecânico | E18: Feito | H18: Operação | J18: Operação
B19: 15 | C19: Operação | E19: Feito | H19: Feito
B20: 16 | C20: Mecânico | D20: Mecânico | E20: Mecânico | F20: Mecânico | G20: Mecânico | H20: Mecânico | I20: Mecânico | J20: Mecânico
B21: 17 | C21: Feito | E21: Feito | G21: Feito | H21: Feito
B22: 18 | D22: Feito | G22: Feito | J22: Feito
B23: 19 | C23: Feito | F23: Operação | G23: Operação | J23: Feito
B24: 20 | E24: Operação | H24: Feito
B25: 21 | C25: Elétrico | G25: Elétrico | I25: Elétrico
B26: 22 | E26: Operação | I26: Feito
B27: 23 | C27: Elétrico | F27: Elétrico | I27: Elétrico
B28: 24 | D28: Operação | G28: Operação | I28: Operação | J28: Feito
B29: 25 | C29: Feito | D29: Feito | E29: Feito | F29: Feito | G29: Feito | H29: Feito | I29: Feito | J29: Feito
B30: 26 | C30: Feito | F30: Feito | I30: Feito
B31: 27 | C31: Operação | F31: Feito | I31: Feito
B32: 28 | E32: Feito | H32: Operação | I32: Feito | J32: Operação
B33: 29 | C33: Feito | D33: Feito | E33: Feito | F33: Mecânico | G33: Operação | H33: Feito | I33: Feito | J33: Feito
B34: 30 | D34: Operação | E34: Mecânico | F34: Mecânico | G34: Mecânico | H34: Mecânico | I34: Mecânico | J34: Feito
B35: 31
B36: 32 | D36: Feito | E36: Feito | G36: Feito | H36: Mecânico | I36: Mecânico | J36: Mecânico
B37: 33 | I37: Elétrico | J37: Feito
B38: 34 | D38: Operação | G38: Feito | J38: Feito
B39: 35 | C39: Mecânico | D39: Elétrico | E39: Elétrico | F39: Feito | G39: Feito | H39: Feito | I39: Feito | J39: Feito
B40: 36 | D40: Mecânico | F40: Feito | G40: Elétrico | H40: Operação | I40: Feito | J40: Feito
B41: 37 | D41: Operação | E41: Feito | J41: Feito
B42: 38 | E42: Feito | H42: Operação
B43: 39 | C43: Operação | D43: Feito | F43: Feito | H43: Feito | I43: Feito
B44: 40 | E44: Feito | H44: Feito | J44: Operação
B45: 41 | D45: Feito | F45: Feito | G45: Operação | I45: Operação
B46: 42 | E46: Feito | H46: Feito | J46: Feito
B47: 43 | D47: Feito | F47: Operação | G47: Operação | I47: Feito
B48: 44 | C48: Feito | H48: Mecânico
B49: 45 | D49: Feito | F49: Feito | H49: Feito | J49: Feito
B50: 46 | C50: Elétrico | E50: Elétrico | G50: Feito | I50: Feito | J50: Feito
B51: 47 | C51: Feito | D51: Elétrico | F51: Feito | G51: Operação | I51: Elétrico
B52: 48 | C52: Operação | E52: Operação | G52: Feito | H52: Feito | I52: Feito
B53: 49 | D53: Feito | F53: Feito | H53: Feito | J53: Feito
B54: 50 | C54: Elétrico | D54: Feito | E54: Operação | G54: Feito
B55: 51 | D55: Elétrico | E55: Operação | G55: Feito
B56: 52 | C56: Elétrico | E56: Operação
B57: 53 | F57: Feito
B58: 54 | C58: Feito | E58: Feito | H58: Feito
B59: 55 | F59: Operação | I59: Operação
B60: 56 | F60: Operação | I60: Operação
B67: Pivô | L67: Mecânico
B68: 1 | L68: Vedação | M68: =COUNTIF($C$68:$J$123,L68) -> 3
B69: 2 | L69: Mangote | M69: =COUNTIF($C$68:$J$123,L69) -> 0
B70: 3 | L70: Adutora | M70: =COUNTIF($C$68:$J$123,L70) -> 0
B71: 4 | C71: Redutor | L71: Redutor | M71: =COUNTIF($C$68:$J$123,L71) -> 5
B72: 5 | L72: Castanha | M72: =COUNTIF($C$68:$J$123,L72) -> 2
B73: 6 | L73: Micro | M73: =COUNTIF($C$68:$J$123,L73) -> 0
B74: 7 | M74: =SUM(M68:M73) -> 10
B75: 8
B76: 9
B77: 10
B78: 11
B79: 12
B80: 13
B81: 14 | C81: Castanha
B82: 15
B83: 16 | F83: Vedação | G83: Vedação | H83: Vedação
B84: 17
B85: 18
B86: 19
B87: 20
B88: 21
B89: 22
B90: 23
B91: 24
B92: 25
B93: 26
B94: 27
B95: 28
... B98: 31
B99: 32 | H99: Redutor | I99: Redutor | J99: Redutor
B100: 33
B101: 34
B102: 35 | C102: Castanha
B103: 36
B104: 37
B105: 38
B106: 39
B107: 40
B108: 41
B109: 42
B110: 43
...

Sheet 27 03 2021
C3: 44282 | D3: =C3+1 -> 44283 | E3: =D3+1 -> 44284 | F3: =E3+1 -> 44285 | G3: =F3+1 -> 44286 | H3: =G3+1 -> 44287 | I3: =H3+1 -> 44288 | J3: =I3+1 -> 44289
B4: Pivô | C4: =TEXT(C3,"ddd") -> sáb | D4: =TEXT(D3,"ddd") -> dom | E4: =TEXT(E3,"ddd") -> seg | F4: =TEXT(F3,"ddd") -> ter | G4: =TEXT(G3,"ddd") -> qua | H4: =TEXT(H3,"ddd") -> qui | I4: =TEXT(I3,"ddd") -> sex | J4: =TEXT(J3,"ddd") -> sáb | L4: Parametros
B5: 1 | D5: Elétrico | G5: Elétrico | J5: Feito | L5: Feito | M5: =COUNTIF($C$5:$J$60,L5) -> 139
B6: 2 | C6: Feito | D6: Feito | E6: Feito | F6: Feito | G6: Feito | H6: Feito | I6: Feito | J6: Feito | L6: Mecânico | M6: =COUNTIF($C$5:$J$60,L6) -> 23
B7: 3 | D7: Feito | F7: Feito | G7: Feito | L7: Elétrico | M7: =COUNTIF($C$5:$J$60,L7) -> 5
B8: 4 | E8: Mecânico | G8: Feito | H8: Feito | I8: Feito | L8: Energia | M8: =COUNTIF($C$5:$J$60,L8) -> 0
B9: 5 | D9: Feito | G9: Mecânico | H9: Mecânico | I9: Mecânico | L9: Chuva | M9: =COUNTIF($C$5:$J$60,L9) -> 0
B10: 6 | C10: Feito | I10: Mecânico | J10: Mecânico | L10: Operação | M10: =COUNTIF($C$5:$J$60,L10) -> 47
B11: 7 | J11: Feito | M11: =SUM(M5:M10) -> 214
B12: 8
B13: 9
B14: 10
B15: 11
B16: 12
B17: 13
B18: 14 | C18: Feito | E18: Feito | I18: Feito
B19: 15 | D19: Mecânico | G19: Feito | H19: Operação | J19: Feito
B20: 16 | C20: Mecânico | D20: Mecânico | E20: Mecânico | F20: Mecânico | G20: Mecânico | H20: Mecânico | I20: Operação | J20: Feito
B21: 17 | C21: Feito | F21: Feito | I21: Feito
B22: 18 | E22: Operação | H22: Mecânico | I22: Mecânico | J22: Mecânico
B23: 19 | E23: Feito | F23: Feito | H23: Operação | I23: Feito
B24: 20 | C24: Mecânico | I24: Feito
B25: 21 | D25: Operação | G25: Elétrico | J25: Feito
B26: 22 | D26: Feito | E26: Feito | F26: Feito | H26: Operação
B27: 23 | D27: Operação | E27: Feito | G27: Elétrico | J27: Feito
B28: 24 | D28: Feito | G28: Operação | J28: Feito
B29: 25 | C29: Feito | D29: Feito | E29: Feito | F29: Feito | H29: Feito | I29: Feito | J29: Feito
B30: 26 | D30: Feito | J30: Feito
B31: 27 | C31: Operação | E31: Operação | J31: Feito
B32: 28 | E32: Operação | F32: Operação | G32: Feito | H32: Feito | I32: Mecânico | J32: Mecânico
B33: 29 | C33: Feito | D33: Feito | E33: Feito | F33: Feito | G33: Feito | H33: Feito | I33: Feito | J33: Feito
B34: 30 | C34: Feito | D34: Feito | F34: Feito | H34: Feito | J34: Feito
B35: 31 | C35: Feito | D35: Feito | E35: Mecânico | F35: Mecânico | G35: Feito | H35: Feito | I35: Feito | J35: Feito
B36: 32 | C36: Feito | E36: Feito | F36: Feito | H36: Feito | I36: Feito | J36: Mecânico
B37: 33 | C37: Feito | D37: Feito | E37: Feito | F37: Feito | G37: Feito | I37: Feito
B38: 34 | C38: Mecânico | E38: Feito | F38: Feito | H38: Feito | J38: Feito
B39: 35 | C39: Feito | D39: Feito | E39: Feito | F39: Feito | G39: Feito | H39: Feito | I39: Feito | J39: Feito
B40: 36 | C40: Feito | D40: Feito | E40: Feito | F40: Feito | G40: Feito | H40: Feito | I40: Feito | J40: Feito
B41: 37 | F41: Feito | J41: Feito
B42: 38 | C42: Feito | F42: Feito | H42: Operação | I42: Feito
B43: 39 | D43: Feito | H43: Feito | I43: Feito
B44: 40 | E44: Operação | H44: Feito | J44: Feito
B45: 41 | C45: Feito | F45: Feito | H45: Operação
B46: 42 | E46: Feito | I46: Feito
B47: 43 | D47: Feito | G47: Feito | I47: Feito
B48: 44
B49: 45 | D49: Feito | F49: Feito | J49: Feito
B50: 46 | C50: Feito | E50: Feito | G50: Elétrico | J50: Feito
B51: 47 | C51: Feito
B52: 48 | C52: Feito | E52: Feito | G52: Feito
B53: 49 | D53: Feito | F53: Feito
B54: 50 | C54: Operação | D54: Operação | E54: Operação | F54: Operação | G54: Operação | H54: Operação | J54: Feito
B55: 51 | C55: Operação | D55: Operação | E55: Operação | F55: Operação | G55: Operação | H55: Operação | I55: Feito | J55: Feito
B56: 52 | C56: Operação | D56: Operação | E56: Operação | F56: Operação | G56: Operação | H56: Operação | I56: Feito | J56: Feito
B57: 53 | C57: Operação | D57: Operação | I57: Feito
B58: 54 | C58: Operação | D58: Operação | F58: Operação | H58: Operação | I58: Feito
B59: 55 | C59: Operação | D59: Feito | H59: Operação | J59: Feito
B60: 56 | C60: Operação | D60: Operação | E60: Operação | F60: Operação | G60: Operação | H60: Operação
B67: Pivô | L67: Mecânico
B68: 1 | L68: Vedação | M68: =COUNTIF($C$68:$J$123,L68) -> 0
B69: 2 | L69: Mangote | M69: =COUNTIF($C$68:$J$123,L69) -> 0
B70: 3 | L70: Adutora | M70: =COUNTIF($C$68:$J$123,L70) -> 0
B71: 4 | L71: Redutor | M71: =COUNTIF($C$68:$J$123,L71) -> 1
B72: 5 | L72: Castanha | M72: =COUNTIF($C$68:$J$123,L72) -> 0
B73: 6 | L73: Micro | M73: =COUNTIF($C$68:$J$123,L73) -> 0
B74: 7 | M74: =SUM(M68:M73) -> 1
B75: 8
B76: 9
B77: 10
B78: 11
B79: 12
B80: 13
B81: 14
B82: 15
B83: 16
B84: 17
B85: 18
B86: 19
... B100: 33
B101: 34 | C101: Redutor
B102: 35
B103: 36
B104: 37
B105: 38
B106: 39
B107: 40
B108: 41
B109: 42
B110: 43
B111: 44
B112: 45
B113: 46
... B123: 56

Sheet 04 04 2021
C3: 44290 | D3: =C3+1 -> 44291 | E3: =D3+1 -> 44292 | F3: =E3+1 -> 44293 | G3: =F3+1 -> 44294 | H3: =G3+1 -> 44295 | I3: =H3+1 -> 44296 | J3: =I3+1 -> 44297
B4: Pivô | C4: =TEXT(C3,"ddd") -> dom | D4: =TEXT(D3,"ddd") -> seg | E4: =TEXT(E3,"ddd") -> ter | F4: =TEXT(F3,"ddd") -> qua | G4: =TEXT(G3,"ddd") -> qui | H4: =TEXT(H3,"ddd") -> sex | I4: =TEXT(I3,"ddd") -> sáb | J4: =TEXT(J3,"ddd") -> dom | L4: Parametros
B5: 1 | E5: Feito | L5: Feito | M5: =COUNTIF($C$5:$J$60,L5) -> 49
B6: 2 | C6: Mecânico | D6: Feito | E6: Feito | F6: Chuva | G6: Chuva | L6: Mecânico | M6: =COUNTIF($C$5:$J$60,L6) -> 41
B7: 3 | C7: Mecânico | E7: Mecânico | F7: Chuva | I7: Operação | L7: Elétrico | M7: =COUNTIF($C$5:$J$60,L7) -> 7
B8: 4 | D8: Feito | J8: Mecânico | L8: Energia | M8: =COUNTIF($C$5:$J$60,L8) -> 0
B9: 5 | C9: Feito | E9: Feito | L9: Chuva | M9: =COUNTIF($C$5:$J$60,L9) -> 34
B10: 6 | C10: Feito | D10: Mecânico | E10: Mecânico | H10: Mecânico | I10: Elétrico | J10: Mecânico | L10: Operação | M10: =COUNTIF($C$5:$J$60,L10) -> 15
B11: 7 | C11: Feito | M11: =SUM(M5:M10) -> 146
B12: 8 | C12: Feito
B13: 9
B14: 10
B15: 11
B16: 12
B17: 13
B18: 14
B19: 15 | E19: Feito | F19: Chuva
B20: 16 | D20: Feito | E20: Feito | F20: Chuva | H20: Mecânico | I20: Mecânico | J20: Mecânico
B21: 17 | D21: Feito
B22: 18 | C22: Mecânico | D22: Mecânico
B23: 19 | C23: Feito | F23: Chuva | H23: Mecânico | I23: Mecânico | J23: Mecânico
B24: 20 | C24: Mecânico | I24: Operação | J24: Operação
B25: 21 | D25: Mecânico | E25: Feito
B26: 22 | C26: Mecânico | D26: Mecânico | E26: Feito | G26: Chuva | I26: Operação | J26: Operação
B27: 23 | E27: Feito | G27: Chuva
B28: 24 | E28: Feito | G28: Chuva | I28: Operação | J28: Operação
B29: 25 | D29: Operação | E29: Feito | G29: Chuva
B30: 26 | E30: Operação | F30: Chuva
B31: 27 | D31: Operação | E31: Operação | G31: Chuva
B32: 28 | C32: Mecânico | D32: Mecânico | E32: Mecânico | H32: Mecânico | I32: Mecânico | J32: Mecânico
B33: 29 | C33: Feito | D33: Feito | E33: Feito | J33: Elétrico
B34: 30 | D34: Feito | F34: Chuva | H34: Elétrico | I34: Mecânico
B35: 31 | C35: Mecânico | D35: Feito | E35: Feito | G35: Chuva | H35: Elétrico | I35: Elétrico | J35: Elétrico
B36: 32 | C36: Feito | D36: Feito | F36: Chuva | H36: Mecânico | I36: Mecânico | J36: Operação
B37: 33 | C37: Mecânico | E37: Mecânico | F37: Chuva
B38: 34 | D38: Feito | G38: Chuva
B39: 35 | C39: Feito | D39: Feito | E39: Feito | F39: Chuva
B40: 36 | C40: Feito | E40: Feito | G40: Chuva
B41: 37 | F41: Chuva | G41: Chuva
B42: 38 | D42: Feito | G42: Chuva
B43: 39 | D43: Feito | F43: Chuva
B44: 40 | E44: Feito | G44: Chuva
B45: 41 | C45: Feito
B46: 42 | D46: Feito | F46: Chuva | J46: Feito
B47: 43 | F47: Chuva | G47: Chuva
B48: 44 | I48: Mecânico
B49: 45 | D49: Feito
B50: 46 | C50: Mecânico | D50: Mecânico | E50: Mecânico | F50: Chuva | H50: Mecânico
B51: 47
B52: 48 | C52: Feito | E52: Mecânico | G52: Chuva
B53: 49 | E53: Feito | F53: Chuva
B54: 50 | D54: Mecânico | E54: Mecânico
B55: 51 | C55: Feito | E55: Feito
B56: 52 | C56: Feito | D56: Feito | F56: Chuva | H56: Elétrico | J56: Operação
B57: 53 | D57: Mecânico | G57: Chuva | J57: Operação
B58: 54 | D58: Feito | F58: Chuva
B59: 55 | E59: Feito | G59: Chuva | J59: Operação
B60: 56 | C60: Feito

Sheet 12 04 2021
C3: 44298 | D3: =C3+1 -> 44299 | E3: =D3+1 -> 44300 | F3: =E3+1 -> 44301 | G3: =F3+1 -> 44302 | H3: =G3+1 -> 44303 | I3: =H3+1 -> 44304 | J3: =I3+1 -> 44305
B4: Pivô | C4: =TEXT(C3,"ddd") -> seg | D4: =TEXT(D3,"ddd") -> ter | E4: =TEXT(E3,"ddd") -> qua | F4: =TEXT(F3,"ddd") -> qui | G4: =TEXT(G3,"ddd") -> sex | H4: =TEXT(H3,"ddd") -> sáb | I4: =TEXT(I3,"ddd") -> dom | J4: =TEXT(J3,"ddd") -> seg | L4: Parametros
B5: 1 | J5: Chuva | L5: Feito | M5: =COUNTIF($C$5:$J$60,L5) -> 20
B6: 2 | C6: Feito | D6: Feito | J6: Chuva | L6: Mecânico | M6: =COUNTIF($C$5:$J$60,L6) -> 6
B7: 3 | C7: Feito | J7: Chuva | L7: Elétrico | M7: =COUNTIF($C$5:$J$60,L7) -> 1
B8: 4 | C8: Feito | D8: Feito | J8: Chuva | L8: Energia | M8: =COUNTIF($C$5:$J$60,L8) -> 0
B9: 5 | C9: Feito | L9: Chuva | M9: =COUNTIF($C$5:$J$60,L9) -> 38
B10: 6 | C10: Mecânico | J10: Chuva | L10: Operação | M10: =COUNTIF($C$5:$J$60,L10) -> 12
B11: 7 | J11: Chuva | M11: =SUM(M5:M10) -> 77
B12: 8 | J12: Chuva
B13: 9 | J13: Chuva
B14: 10 | J14: Chuva
B15: 11 | J15: Chuva
B16: 12 | J16: Chuva
B17: 13 | J17: Chuva
B18: 14 | J18: Chuva
B19: 15 | C19: Feito | J19: Chuva
B20: 16 | C20: Mecânico | J20: Chuva
B21: 17 | C21: Feito | J21: Chuva
B22: 18 | C22: Feito | D22: Feito | J22: Chuva
B23: 19 | J23: Chuva
B24: 20 | C24: Operação | D24: Operação | J24: Chuva
B25: 21 | J25: Chuva
B26: 22 | C26: Operação | D26: Operação | J26: Chuva
B27: 23 | C27: Feito | J27: Chuva
B28: 24 | C28: Operação | D28: Operação | J28: Chuva
B29: 25 | D29: Feito | J29: Chuva
B30: 26 | C30: Feito | J30: Chuva
B31: 27 | J31: Chuva
B32: 28 | C32: Mecânico | J32: Chuva
B33: 29 | D33: Mecânico | J33: Chuva
B34: 30 | C34: Elétrico | J34: Chuva
B35: 31 | D35: Mecânico | J35: Chuva
B36: 32 | C36: Mecânico | J36: Chuva
B37: 33 | C37: Feito | J37: Chuva
B38: 34 | D38: Feito | J38: Chuva
B39: 35 | J39: Chuva
B40: 36 | J40: Chuva
B41: 37 | J41: Chuva
B42: 38 | C42: Feito | J42: Chuva
B43: 39 | J43: Chuva
B44: 40 | C44: Feito
B45: 41
B46: 42 | C46: Feito
B47: 43 | D47: Feito
B48: 44
B49: 45
B50: 46
B51: 47 | D51: Operação
B52: 48 | C52: Feito
B53: 49
B54: 50 | D54: Operação
B55: 51 | D55: Operação
B56: 52
B57: 53
B58: 54 | D58: Operação
B59: 55 | C59: Operação
B60: 56 | C60: Operação

Sheet 30 04 2021
B3: 44316 | C3: =B3+1 -> 44317 | D3: =C3+1 -> 44318 | E3: =D3+1 -> 44319 | F3: =E3+1 -> 44320 | G3: =F3+1 -> 44321 | H3: =G3+1 -> 44322 | I3: =H3+1 -> 44323
A4: Pivô | B4: =TEXT(B3,"ddd") -> sex | C4: =TEXT(C3,"ddd") -> sáb | D4: =TEXT(D3,"ddd") -> dom | E4: =TEXT(E3,"ddd") -> seg | F4: =TEXT(F3,"ddd") -> ter | G4: =TEXT(G3,"ddd") -> qua | H4: =TEXT(H3,"ddd") -> qui | I4: =TEXT(I3,"ddd") -> sex | K4: Parametros
A5: 1 | K5: Feito | L5: =COUNTIF($B$5:$I$60,K5) -> 86
A6: 2 | F6: Feito | K6: Mecânico | L6: =COUNTIF($B$5:$I$60,K6) -> 7
A7: 3 | F7: Feito | G7: Feito | I7: Feito | K7: Elétrico | L7: =COUNTIF($B$5:$I$60,K7) -> 4
A8: 4 | B8: Operação | F8: Feito | H8: Elétrico | I8: Feito | K8: Energia | L8: =COUNTIF($B$5:$I$60,K8) -> 0
A9: 5 | B9: Feito | F9: Operação | G9: Feito | H9: Feito | I9: Feito | K9: Chuva | L9: =COUNTIF($B$5:$I$60,K9) -> 0
A10: 6 | F10: Operação | K10: Operação | L10: =COUNTIF($B$5:$I$60,K10) -> 45
A11: 7 | C11: Feito | D11: Feito | F11: Feito | G11: Feito | H11: Feito | L11: =SUM(L5:L10) -> 142
A12: 8 | B12: Operação | C12: Feito | D12: Feito | E12: Operação | F12: Feito | G12: Feito
A13: 9 | B13: Operação | E13: Feito | F13: Feito | G13: Feito | H13: Mecânico | I13: Feito
A14: 10 | G14: Feito
A15: 11
A16: 12
A17: 13
A18: 14
A19: 15 | B19: Feito | E19: Operação | H19: Operação
A20: 16 | D20: Mecânico | E20: Feito | F20: Operação
A21: 17 | B21: Feito | E21: Operação | H21: Feito
A22: 18 | C22: Operação | D22: Operação | I22: Feito
A23: 19 | D23: Feito | G23: Mecânico
A24: 20 | C24: Operação | D24: Operação | F24: Operação
A25: 21 | D25: Feito | G25: Feito
A26: 22 | D26: Elétrico | G26: Elétrico
A27: 23 | B27: Feito | E27: Operação | H27: Feito
A28: 24 | B28: Operação | C28: Operação | D28: Operação | F28: Operação
A29: 25 | B29: Feito | D29: Feito | E29: Feito | G29: Feito | H29: Feito | I29: Feito
A30: 26 | C30: Feito | F30: Feito | I30: Feito
A31: 27 | C31: Feito | F31: Operação | G31: Operação
A32: 28 | D32: Feito
A33: 29 | B33: Feito | D33: Feito | F33: Feito | H33: Elétrico | I33: Feito
A34: 30
A35: 31 | C35: Feito | F35: Feito | I35: Feito
A36: 32 | B36: Feito | C36: Feito | E36: Feito | F36: Mecânico | H36: Feito | I36: Mecânico
A37: 33 | B37: Feito | E37: Feito | H37: Mecânico | I37: Feito
A38: 34
A39: 35 | C39: Feito | G39: Feito | H39: Operação
A40: 36 | B40: Feito | E40: Feito | F40: Operação | I40: Feito
A41: 37 | B41: Feito | F41: Feito | H41: Feito
A42: 38 | B42: Feito | E42: Operação | H42: Operação | I42: Feito
A43: 39 | C43: Feito | F43: Operação
A44: 40 | D44: Feito | G44: Operação
A45: 41 | C45: Feito | F45: Feito
A46: 42 | B46: Operação | E46: Feito | H46: Operação
A47: 43 | C47: Feito | F47: Operação
A48: 44 | D48: Feito | G48: Feito
A49: 45
A50: 46 | G50: Operação | H50: Operação | I50: Operação
A51: 47
A52: 48
A53: 49
A54: 50 | B54: Feito | E54: Feito | H54: Operação
A55: 51 | B55: Operação | C55: Feito | E55: Operação | F55: Operação | H55: Operação | I55: Operação
A56: 52 | I56: Operação
A57: 53 | B57: Feito | E57: Feito | H57: Feito
A58: 54 | C58: Operação | F58: Feito | I58: Feito
A59: 55 | B59: Feito | E59: Operação | H59: Operação
A60: 56 | D60: Mecânico | G60: Operação

Sheet 08 05 2021
B3: 44324 | C3: =B3+1 -> 44325 | D3: =C3+1 -> 44326 | E3: =D3+1 -> 44327 | F3: =E3+1 -> 44328 | G3: =F3+1 -> 44329 | H3: =G3+1 -> 44330 | I3: =H3+1 -> 44331
A4: Pivô | B4: =TEXT(B3,"ddd") -> sáb | C4: =TEXT(C3,"ddd") -> dom | D4: =TEXT(D3,"ddd") -> seg | E4: =TEXT(E3,"ddd") -> ter | F4: =TEXT(F3,"ddd") -> qua | G4: =TEXT(G3,"ddd") -> qui | H4: =TEXT(H3,"ddd") -> sex | I4: =TEXT(I3,"ddd") -> sáb | K4: Parametros
A5: 1 | E5: Operação | F5: Operação | G5: Feito | H5: Feito | I5: Feito | K5: Feito | L5: =COUNTIF($B$5:$I$60,K5) -> 109
A6: 2 | C6: Feito | I6: Feito | K6: Mecânico | L6: =COUNTIF($B$5:$I$60,K6) -> 19
A7: 3 | B7: Feito | D7: Feito | E7: Feito | K7: Elétrico | L7: =COUNTIF($B$5:$I$60,K7) -> 3
A8: 4 | B8: Feito | C8: Feito | D8: Feito | E8: Feito | F8: Feito | G8: Feito | K8: Energia | L8: =COUNTIF($B$5:$I$60,K8) -> 0
A9: 5 | D9: Feito | G9: Operação | H9: Feito | I9: Feito | K9: Chuva | L9: =COUNTIF($B$5:$I$60,K9) -> 0
A10: 6 | B10: Mecânico | D10: Feito | E10: Feito | F10: Mecânico | I10: Feito | K10: Operação | L10: =COUNTIF($B$5:$I$60,K10) -> 37
A11: 7 | D11: Feito | G11: Feito | H11: Operação | L11: =SUM(L5:L10) -> 168
A12: 8 | B12: Feito | D12: Feito | G12: Feito | H12: Operação | I12: Feito
A13: 9 | B13: Feito | C13: Feito | D13: Feito | E13: Feito | F13: Mecânico | G13: Mecânico | H13: Feito
A14: 10 | D14: Operação | E14: Elétrico | F14: Feito | G14: Elétrico | H14: Feito | I14: Mecânico
A15: 11 | D15: Operação | I15: Operação
A16: 12
A17: 13
A18: 14
A19: 15 | C19: Feito | F19: Feito
A20: 16 | B20: Feito | D20: Mecânico | E20: Feito | H20: Feito
A21: 17 | C21: Feito | F21: Feito
A22: 18 | D22: Mecânico | G22: Operação
A23: 19 | C23: Feito | F23: Mecânico
A24: 20 | B24: Feito | E24: Mecânico | H24: Feito
A25: 21 | C25: Feito | F25: Operação
A26: 22 | D26: Feito | H26: Feito
A27: 23 | D27: Operação | H27: Feito
A28: 24 | B28: Feito | C28: Operação | F28: Feito
A29: 25 | B29: Feito | C29: Feito | D29: Operação | E29: Operação | F29: Operação | G29: Feito | H29: Feito | I29: Mecânico
A30: 26 | D30: Feito | F30: Operação | G30: Operação | H30: Operação
A31: 27 | B31: Feito | E31: Feito
A32: 28 | B32: Mecânico | F32: Feito
A33: 29 | B33: Feito | C33: Feito | E33: Operação | F33: Operação | G33: Operação | I33: Operação
A34: 30 | E34: Mecânico | F34: Mecânico | G34: Mecânico | H34: Operação
A35: 31 | D35: Feito | I35: Operação
A36: 32 | B36: Mecânico | C36: Mecânico | D36: Mecânico | E36: Feito
A37: 33 | D37: Feito | G37: Operação | I37: Operação
A38: 34
A39: 35 | B39: Operação | D39: Operação | F39: Operação | H39: Feito
A40: 36 | C40: Feito | E40: Operação | G40: Operação | I40: Feito
A41: 37 | B41: Feito | D41: Feito | F41: Feito
A42: 38 | D42: Feito | G42: Feito
A43: 39 | B43: Operação | E43: Feito | H43: Feito
A44: 40 | C44: Feito | F44: Feito
A45: 41 | B45: Feito | F45: Feito
A46: 42 | C46: Feito | E46: Feito | G46: Feito
A47: 43 | B47: Feito | H47: Feito
A48: 44 | C48: Feito
A49: 45 | C49: Mecânico | D49: Operação | E49: Feito | F49: Feito | G49: Feito | H49: Feito | I49: Feito
A50: 46 | B50: Operação | C50: Feito | D50: Feito | E50: Feito | F50: Feito | H50: Feito
A51: 47
A52: 48
A53: 49
A54: 50 | C54: Feito | F54: Feito | G54: Mecânico | I54: Feito
A55: 51 | D55: Feito | E55: Operação | H55: Feito | I55: Elétrico
A56: 52 | B56: Operação | C56: Feito | D56: Feito | E56: Feito | F56: Feito | I56: Feito
A57: 53 | D57: Feito | H57: Feito
A58: 54 | E58: Operação | I58: Feito
A59: 55 | D59: Feito | G59: Feito
A60: 56 | B60: Feito | F60: Feito

Sheet 16 05 2021
B3: 44332 | C3: =B3+1 -> 44333 | D3: =C3+1 -> 44334 | E3: =D3+1 -> 44335 | F3: =E3+1 -> 44336 | G3: =F3+1 -> 44337 | H3: =G3+1 -> 44338 | I3: =H3+1 -> 44339
A4: Pivô | B4: =TEXT(B3,"ddd") -> dom | C4: =TEXT(C3,"ddd") -> seg | D4: =TEXT(D3,"ddd") -> ter | E4: =TEXT(E3,"ddd") -> qua | F4: =TEXT(F3,"ddd") -> qui | G4: =TEXT(G3,"ddd") -> sex | H4: =TEXT(H3,"ddd") -> sáb | I4: =TEXT(I3,"ddd") -> dom | K4: Parametros
A5: 1 | B5: Feito | C5: Feito | I5: Feito | K5: Feito | L5: =COUNTIF($B$5:$I$60,K5) -> 113
A6: 2 | G6: Feito | K6: Mecânico | L6: =COUNTIF($B$5:$I$60,K6) -> 6
A7: 3 | B7: Feito | C7: Feito | H7: Feito | I7: Feito | K7: Elétrico | L7: =COUNTIF($B$5:$I$60,K7) -> 5
A8: 4 | B8: Feito | C8: Feito | F8: Feito | G8: Feito | K8: Energia | L8: =COUNTIF($B$5:$I$60,K8) -> 0
A9: 5 | C9: Feito | D9: Feito | F9: Feito | G9: Feito | I9: Feito | K9: Chuva | L9: =COUNTIF($B$5:$I$60,K9) -> 0
A10: 6 | C10: Feito | D10: Feito | E10: Feito | I10: Feito | K10: Operação | L10: =COUNTIF($B$5:$I$60,K10) -> 41
A11: 7 | B11: Feito | D11: Feito | E11: Feito | L11: =SUM(L5:L10) -> 165
A12: 8 | D12: Operação | E12: Feito | F12: Feito
A13: 9 | B13: Feito | D13: Operação | E13: Operação | G13: Feito
A14: 10 | B14: Feito | C14: Elétrico | D14: Feito | E14: Feito | H14: Feito | I14: Feito
A15: 11 | B15: Feito | C15: Feito | D15: Feito | E15: Feito | F15: Feito | G15: Feito | H15: Feito
A16: 12 | B16: Feito | D16: Feito | H16: Mecânico
A17: 13 | G17: Operação
A18: 14 | E18: Operação | F18: Feito | I18: Feito
A19: 15 | C19: Feito | G19: Elétrico | H19: Elétrico
A20: 16 | D20: Operação | H20: Mecânico
A21: 17 | B21: Feito | F21: Operação
A22: 18 | C22: Feito | G22: Feito
A23: 19 | B23: Feito | F23: Feito
A24: 20 | D24: Operação | E24: Feito | H24: Operação
A25: 21 | B25: Operação | F25: Mecânico
A26: 22 | D26: Mecânico | E26: Feito | H26: Feito
A27: 23 | D27: Feito | H27: Elétrico
A28: 24 | C28: Operação | H28: Feito
A29: 25 | B29: Feito | C29: Feito | D29: Operação | E29: Feito | F29: Feito | G29: Feito | H29: Feito | I29: Feito
A30: 26 | B30: Operação | C30: Operação | D30: Operação | E30: Operação | F30: Feito
A31: 27 | C31: Operação | D31: Operação | E31: Operação | F31: Feito | G31: Feito
A32: 28 | H32: Mecânico
A33: 29 | C33: Feito | E33: Feito | F33: Feito | G33: Feito | I33: Operação
A34: 30 | B34: Operação | C34: Feito | D34: Operação | E34: Operação | F34: Operação | G34: Operação | H34: Feito | I34: Operação
A35: 31 | D35: Operação | G35: Feito
A36: 32 | D36: Operação | E36: Operação
A37: 33 | C37: Feito | F37: Feito | I37: Feito
A38: 34 | F38: Operação | H38: Feito
A39: 35 | B39: Feito | C39: Feito | D39: Feito | E39: Operação | I39: Feito
A40: 36 | C40: Operação | D40: Feito | H40: Mecânico
A41: 37 | B41: Feito | F41: Feito
A42: 38 | B42: Feito | D42: Feito | E42: Operação | F42: Operação
A43: 39 | D43: Feito | H43: Feito
A44: 40 | B44: Feito | F44: Operação
A45: 41 | C45: Operação | H45: Feito
A46: 42 | B46: Feito | G46: Feito
A47: 43 | D47: Feito | H47: Feito
A48: 44 | B48: Operação | F48: Feito
A49: 45 | B49: Feito | C49: Feito | H49: Feito
A50: 46 | C50: Elétrico | F50: Feito | I50: Feito
A51: 47
A52: 48 | C52: Feito
A53: 49 | C53: Operação
A54: 50 | C54: Operação | E54: Feito | I54: Feito
A55: 51 | D55: Feito | E55: Feito | H55: Feito
A56: 52 | D56: Operação | G56: Operação
A57: 53 | D57: Feito | H57: Feito
A58: 54 | D58: Feito | I58: Feito
A59: 55 | C59: Feito | G59: Feito
A60: 56 | B60: Feito | I60: Feito

Sheet 24 05 2021
B3: 44340 | C3: =B3+1 -> 44341 | D3: =C3+1 -> 44342 | E3: =D3+1 -> 44343 | F3: =E3+1 -> 44344 | G3: =F3+1 -> 44345 | H3: =G3+1 -> 44346 | I3: =H3+1 -> 44347
A4: Pivô | B4: =TEXT(B3,"ddd") -> seg | C4: =TEXT(C3,"ddd") -> ter | D4: =TEXT(D3,"ddd") -> qua | E4: =TEXT(E3,"ddd") -> qui | F4: =TEXT(F3,"ddd") -> sex | G4: =TEXT(G3,"ddd") -> sáb | H4: =TEXT(H3,"ddd") -> dom | I4: =TEXT(I3,"ddd") -> seg | K4: Parametros
A5: 1 | D5: Feito | F5: Operação | G5: Feito | K5: Feito | L5: =COUNTIF($B$5:$I$60,K5) -> 119
A6: 2 | E6: Feito | K6: Mecânico | L6: =COUNTIF($B$5:$I$60,K6) -> 9
A7: 3 | F7: Feito | G7: Operação | K7: Elétrico | L7: =COUNTIF($B$5:$I$60,K7) -> 1
A8: 4 | C8: Feito | D8: Feito | I8: Feito | K8: Energia | L8: =COUNTIF($B$5:$I$60,K8) -> 0
A9: 5 | C9: Operação | E9: Feito | F9: Feito | H9: Feito | K9: Chuva | L9: =COUNTIF($B$5:$I$60,K9) -> 0
A10: 6 | B10: Mecânico | C10: Feito | E10: Feito | G10: Feito | I10: Feito | K10: Operação | L10: =COUNTIF($B$5:$I$60,K10) -> 20
A11: 7 | B11: Feito | F11: Feito | H11: Feito | L11: =SUM(L5:L10) -> 149
A12: 8 | C12: Feito | E12: Feito | G12: Feito | I12: Feito
A13: 9 | B13: Feito | F13: Feito
A14: 10 | C14: Feito | E14: Feito | H14: Feito
A15: 11 | B15: Feito | D15: Feito | E15: Feito | H15: Feito
A16: 12 | B16: Feito | C16: Operação | D16: Feito | E16: Feito | F16: Feito | G16: Feito | H16: Feito | I16: Feito
A17: 13 | E17: Feito | F17: Operação | G17: Feito | H17: Feito | I17: Feito
A18: 14 | C18: Operação
A19: 15 | E19: Feito
A20: 16 | F20: Mecânico
A21: 17 | C21: Feito
A22: 18 | B22: Operação | G22: Feito
A23: 19 | C23: Feito | I23: Feito
A24: 20 | E24: Operação
A25: 21 | C25: Operação
A26: 22 | E26: Mecânico
A27: 23 | E27: Operação
A28: 24 | F28: Feito
A29: 25 | B29: Feito | C29: Feito | D29: Feito | E29: Feito | F29: Feito | G29: Feito | H29: Mecânico | I29: Mecânico
A30: 26 | B30: Feito | G30: Feito
A31: 27 | G31: Feito
A32: 28 | C32: Mecânico | D32: Mecânico | H32: Feito
A33: 29 | C33: Feito | E33: Feito | G33: Feito | I33: Feito
A34: 30 | B34: Feito | C34: Feito | D34: Operação | E34: Feito | F34: Feito | G34: Feito | H34: Feito
A35: 31 | B35: Feito | C35: Feito | E35: Feito | G35: Feito | I35: Feito
A36: 32 | B36: Feito | C36: Feito | I36: Feito
A37: 33 | D37: Feito | F37: Operação | H37: Feito
A38: 34 | G38: Feito | H38: Feito | I38: Feito
A39: 35 | D39: Feito | G39: Feito
A40: 36 | B40: Feito | C40: Feito | E40: Operação | I40: Feito
A41: 37 | C41: Feito | H41: Feito
A42: 38 | B42: Operação | I42: Operação
A43: 39 | E43: Operação
A44: 40 | C44: Feito
A45: 41 | E45: Feito | I45: Feito
A46: 42 | D46: Feito
A47: 43 | E47: Feito
A48: 44 | B48: Feito | F48: Feito | I48: Feito
A49: 45 | C49: Feito | E49: Feito | F49: Feito
A50: 46 | C50: Feito | D50: Feito | F50: Feito | H50: Feito
A51: 47 | D51: Feito
A52: 48 | D52: Operação
A53: 49 | C53: Operação
A54: 50 | B54: Operação | C54: Mecânico | D54: Feito | E54: Feito | F54: Feito | G54: Feito | H54: Feito | I54: Feito
A55: 51 | B55: Feito | C55: Elétrico | G55: Feito | H55: Feito
A56: 52 | B56: Feito | D56: Feito | G56: Mecânico
A57: 53 | D57: Feito | H57: Feito
A58: 54 | F58: Feito
A59: 55 | C59: Operação | H59: Feito
A60: 56 | F60: Feito

Sheet 01 06 2021
B3: 44348 | C3: =B3+1 -> 44349 | D3: =C3+1 -> 44350 | E3: =D3+1 -> 44351 | F3: =E3+1 -> 44352 | G3: =F3+1 -> 44353 | H3: =G3+1 -> 44354 | I3: =H3+1 -> 44355
A4: Pivô | B4: =TEXT(B3,"ddd") -> ter | C4: =TEXT(C3,"ddd") -> qua | D4: =TEXT(D3,"ddd") -> qui | E4: =TEXT(E3,"ddd") -> sex | F4: =TEXT(F3,"ddd") -> sáb | G4: =TEXT(G3,"ddd") -> dom | H4: =TEXT(H3,"ddd") -> seg | I4: =TEXT(I3,"ddd") -> ter | K4: Parametros
A5: 1 | B5: Feito | E5: Feito | H5: Feito | K5: Feito | L5: =COUNTIF($B$5:$I$60,K5) -> 113
A6: 2 | B6: Feito | F6: Feito | K6: Mecânico | L6: =COUNTIF($B$5:$I$60,K6) -> 7
A7: 3 | D7: Operação | E7: Feito | I7: Feito | K7: Elétrico | L7: =COUNTIF($B$5:$I$60,K7) -> 0
A8: 4 | F8: Feito | K8: Energia | L8: =COUNTIF($B$5:$I$60,K8) -> 0
A9: 5 | B9: Feito | D9: Feito | F9: Mecânico | H9: Feito | K9: Chuva | L9: =COUNTIF($B$5:$I$60,K9) -> 0
A10: 6 | C10: Feito | D10: Feito | E10: Feito | G10: Feito | H10: Feito | I10: Feito | K10: Operação | L10: =COUNTIF($B$5:$I$60,K10) -> 26
A11: 7 | C11: Feito | E11: Feito | G11: Feito | H11: Feito | I11: Feito | L11: =SUM(L5:L10) -> 146
A12: 8 | D12: Feito | E12: Feito | F12: Feito | H12: Feito
A13: 9 | B13: Feito | E13: Feito | F13: Feito
A14: 10 | C14: Feito | G14: Feito
A15: 11 | C15: Operação | D15: Feito | G15: Feito
A16: 12 | C16: Feito | E16: Feito | H16: Feito
A17: 13 | B17: Feito | C17: Feito | D17: Operação | E17: Feito | F17: Feito | G17: Feito | H17: Feito | I17: Operação
A18: 14 | B18: Mecânico | D18: Feito | E18: Feito | F18: Feito | G18: Mecânico | H18: Operação | I18: Operação
A19: 15 | C19: Feito | H19: Feito
A20: 16 | D20: Operação | I20: Operação
A21: 17 | B21: Feito | G21: Feito
A22: 18 | D22: Feito | I22: Feito
A23: 19 | F23: Feito
A24: 20 | C24: Feito | H24: Feito
A25: 21 | B25: Operação | G25: Feito
A26: 22 | C26: Feito | H26: Mecânico
A27: 23 | B27: Mecânico | C27: Mecânico | G27: Feito
A28: 24 | D28: Feito
A29: 25 | B29: Feito | C29: Feito | D29: Feito | E29: Feito | F29: Feito | G29: Feito | H29: Feito | I29: Feito
A30: 26 | E30: Feito
A31: 27 | D31: Feito | I31: Feito
A32: 28
A33: 29 | C33: Feito | E33: Feito | G33: Feito | I33: Operação
A34: 30 | B34: Operação | C34: Feito | D34: Feito | G34: Feito | I34: Feito
A35: 31 | C35: Operação | E35: Feito | H35: Feito
A36: 32 | B36: Feito
A37: 33 | B37: Feito | D37: Feito | F37: Feito
A38: 34 | C38: Operação | D38: Feito
A39: 35 | C39: Feito | G39: Feito
A40: 36 | E40: Feito | I40: Feito
A41: 37 | E41: Feito
A42: 38 | C42: Feito | H42: Operação
A43: 39 | G43: Operação
A44: 40 | B44: Operação | F44: Feito
A45: 41 | F45: Feito
A46: 42 | B46: Feito | G46: Feito
A47: 43
A48: 44 | E48: Feito | I48: Feito
A49: 45 | B49: Feito | E49: Feito | F49: Operação | H49: Feito
A50: 46 | C50: Operação | F50: Feito | I50: Feito
A51: 47
A52: 48 | I52: Feito
A53: 49 | F53: Operação | G53: Operação
A54: 50 | C54: Feito | D54: Feito | E54: Operação | G54: Feito | I54: Feito
A55: 51 | C55: Feito | D55: Mecânico | H55: Feito | I55: Operação
A56: 52 | B56: Feito | D56: Operação | H56: Feito
A57: 53 | D57: Feito | I57: Feito
A58: 54 | C58: Feito | G58: Feito
A59: 55 | E59: Operação
A60: 56 | B60: Operação | F60: Operação

Sheet 09 06 2021
B3: 44356 | C3: =B3+1 -> 44357 | D3: =C3+1 -> 44358 | E3: =D3+1 -> 44359 | F3: =E3+1 -> 44360 | G3: =F3+1 -> 44361 | H3: =G3+1 -> 44362 | I3: =H3+1 -> 44363
A4: Pivô | B4: =TEXT(B3,"ddd") -> qua | C4: =TEXT(C3,"ddd") -> qui | D4: =TEXT(D3,"ddd") -> sex | E4: =TEXT(E3,"ddd") -> sáb | F4: =TEXT(F3,"ddd") -> dom | G4: =TEXT(G3,"ddd") -> seg | H4: =TEXT(H3,"ddd") -> ter | I4: =TEXT(I3,"ddd") -> qua | K4: Parametros
A5: 1 | C5: Feito | F5: Feito | I5: Feito | K5: Feito | L5: =COUNTIF($B$5:$I$60,K5) -> 92
A6: 2 | B6: Feito | F6: Feito | K6: Mecânico | L6: =COUNTIF($B$5:$I$60,K6) -> 5
A7: 3 | E7: Feito | K7: Elétrico | L7: =COUNTIF($B$5:$I$60,K7) -> 4
A8: 4 | C8: Operação | D8: Feito | G8: Feito | K8: Energia | L8: =COUNTIF($B$5:$I$60,K8) -> 7
A9: 5 | B9: Feito | D9: Feito | F9: Feito | H9: Chuva | K9: Chuva | L9: =COUNTIF($B$5:$I$60,K9) -> 7
A10: 6 | B10: Operação | D10: Feito | F10: Feito | H10: Chuva | K10: Operação | L10: =COUNTIF($B$5:$I$60,K10) -> 14
A11: 7 | B11: Feito | D11: Feito | F11: Feito | H11: Chuva | L11: =SUM(L5:L10) -> 129
A12: 8 | B12: Feito | C12: Feito | E12: Feito | G12: Feito | H12: Feito
A13: 9 | B13: Feito | C13: Feito | E13: Feito | H13: Feito | I13: Feito
A14: 10 | C14: Feito | D14: Feito | H14: Chuva
A15: 11 | C15: Feito | F15: Feito
A16: 12 | B16: Feito | C16: Feito | D16: Feito | H16: Chuva
A17: 13 | C17: Feito | E17: Feito | F17: Feito | I17: Feito
A18: 14 | B18: Operação | C18: Feito | D18: Feito | E18: Feito | F18: Feito | G18: Feito | H18: Chuva
A19: 15 | E19: Feito
A20: 16 | F20: Feito
A21: 17 | D21: Operação | I21: Operação
A22: 18 | G22: Operação
A23: 19 | C23: Feito | H23: Mecânico
A24: 20 | E24: Feito
A25: 21 | D25: Operação | I25: Energia
A26: 22 | F26: Feito
A27: 23 | D27: Operação | H27: Energia
A28: 24
A29: 25 | B29: Feito | C29: Feito | D29: Feito | E29: Feito | F29: Feito | G29: Feito | H29: Feito
A30: 26 | B30: Feito | G30: Feito
A31: 27 | F31: Feito
A32: 28
A33: 29 | C33: Mecânico | E33: Feito | G33: Elétrico | I33: Elétrico
A34: 30 | B34: Feito | E34: Mecânico | G34: Feito | H34: Feito | I34: Feito
A35: 31 | C35: Feito
A36: 32
A37: 33
A38: 34 | C38: Mecânico | E38: Feito | F38: Feito | G38: Operação | H38: Operação | I38: Feito
A39: 35 | D39: Feito | H39: Chuva
A40: 36 | E40: Feito | I40: Feito
A41: 37 | B41: Feito | E41: Feito | I41: Feito
A42: 38 | F42: Feito
A43: 39 | D43: Operação | I43: Energia
A44: 40 | C44: Operação | H44: Mecânico
A45: 41 | C45: Feito | I45: Feito
A46: 42 | D46: Feito | H46: Energia
A47: 43
A48: 44 | E48: Feito
A49: 45 | C49: Feito | F49: Feito | I49: Feito
A50: 46
A51: 47
A52: 48 | E52: Feito | F52: Feito
A53: 49
A54: 50 | B54: Feito | D54: Feito | E54: Elétrico | G54: Feito
A55: 51 | E55: Elétrico | F55: Feito | I55: Feito
A56: 52 | C56: Feito | F56: Feito | I56: Energia
A57: 53 | F57: Feito
A58: 54 | D58: Feito | H58: Energia
A59: 55 | B59: Feito | G59: Operação
A60: 56 | C60: Operação | H60: Energia

Sheet 17 06 2021
B3: 44364 | C3: =B3+1 -> 44365 | D3: =C3+1 -> 44366 | E3: =D3+1 -> 44367 | F3: =E3+1 -> 44368 | G3: =F3+1 -> 44369 | H3: =G3+1 -> 44370 | I3: =H3+1 -> 44371
A4: Pivô | B4: =TEXT(B3,"ddd") -> qui | C4: =TEXT(C3,"ddd") -> sex | D4: =TEXT(D3,"ddd") -> sáb | E4: =TEXT(E3,"ddd") -> dom | F4: =TEXT(F3,"ddd") -> seg | G4: =TEXT(G3,"ddd") -> ter | H4: =TEXT(H3,"ddd") -> qua | I4: =TEXT(I3,"ddd") -> qui | K4: Parametros
A5: 1 | D5: Feito | K5: Feito | L5: =COUNTIF($B$5:$I$60,K5) -> 93
A6: 2 | H6: Feito | K6: Mecânico | L6: =COUNTIF($B$5:$I$60,K6) -> 5
A7: 3 | B7: Operação | E7: Feito | I7: Feito | K7: Elétrico | L7: =COUNTIF($B$5:$I$60,K7) -> 3
A8: 4 | C8: Feito | G8: Feito | K8: Energia | L8: =COUNTIF($B$5:$I$60,K8) -> 0
A9: 5 | B9: Feito | D9: Feito | G9: Feito | K9: Chuva | L9: =COUNTIF($B$5:$I$60,K9) -> 0
A10: 6 | B10: Feito | D10: Feito | F10: Feito | K10: Operação | L10: =COUNTIF($B$5:$I$60,K10) -> 14
A11: 7 | B11: Feito | D11: Feito | F11: Feito | H11: Feito | L11: =SUM(L5:L10) -> 115
A12: 8 | C12: Feito | E12: Feito | G12: Feito | I12: Feito
A13: 9 | D13: Feito | F13: Feito | G13: Feito | H13: Feito
A14: 10 | B14: Feito | C14: Feito | E14: Feito | H14: Feito | I14: Feito
A15: 11 | B15: Feito | F15: Feito | G15: Feito
A16: 12 | D16: Mecânico
A17: 13 | E17: Feito | H17: Feito
A18: 14 | B18: Feito | E18: Feito | H18: Mecânico
A19: 15 | B19: Operação | G19: Feito
A20: 16 | C20: Operação
A21: 17 | E21: Feito
A22: 18
A23: 19 | E23: Feito
A24: 20 | C24: Feito
A25: 21 | F25: Feito
A26: 22 | D26: Feito
A27: 23 | E27: Feito
A28: 24
A29: 25 | B29: Feito | D29: Feito | E29: Feito | F29: Feito | G29: Feito | H29: Feito | I29: Feito
A30: 26 | E30: Feito
A31: 27 | C31: Feito | G31: Feito
A32: 28
A33: 29 | B33: Elétrico | C33: Feito | F33: Feito | I33: Feito
A34: 30 | B34: Feito | D34: Feito | G34: Operação | H34: Feito
A35: 31
A36: 32
A37: 33 | H37: Operação | I37: Mecânico
A38: 34 | B38: Operação | C38: Operação | D38: Operação | E38: Feito | F38: Feito | G38: Feito | I38: Feito
A39: 35 | D39: Elétrico | H39: Feito
A40: 36 | E40: Feito | I40: Feito
A41: 37 | E41: Feito
A42: 38 | D42: Feito | I42: Feito
A43: 39 | E43: Operação
A44: 40 | E44: Feito
A45: 41 | F45: Feito
A46: 42 | F46: Operação
A47: 43
A48: 44 | B48: Feito | F48: Feito
A49: 45 | D49: Feito | G49: Feito
A50: 46
A51: 47
A52: 48 | D52: Mecânico | E52: Elétrico | F52: Mecânico | G52: Feito
A53: 49 | B53: Operação | D53: Feito | E53: Feito | F53: Feito
A54: 50 | B54: Feito | E54: Feito | F54: Feito | H54: Feito
A55: 51 | C55: Feito | E55: Feito | F55: Feito | G55: Feito | I55: Operação
A56: 52 | D56: Feito | H56: Operação
A57: 53 | C57: Feito | H57: Feito
A58: 54 | E58: Feito
A59: 55 | D59: Feito | I59: Operação
A60: 56 | E60: Feito

Sheet 25 06 2021 
B3: 44372 | C3: =B3+1 -> 44373 | D3: =C3+1 -> 44374 | E3: =D3+1 -> 44375 | F3: =E3+1 -> 44376 | G3: =F3+1 -> 44377 | H3: =G3+1 -> 44378 | I3: =H3+1 -> 44379
A4: Pivô | B4: =TEXT(B3,"ddd") -> sex | C4: =TEXT(C3,"ddd") -> sáb | D4: =TEXT(D3,"ddd") -> dom | E4: =TEXT(E3,"ddd") -> seg | F4: =TEXT(F3,"ddd") -> ter | G4: =TEXT(G3,"ddd") -> qua | H4: =TEXT(H3,"ddd") -> qui | I4: =TEXT(I3,"ddd") -> sex | K4: Parametros
A5: 1 | B5: Feito | E5: Feito | H5: Feito | K5: Feito | L5: =COUNTIF($B$5:$I$60,K5) -> 95
A6: 2 | H6: Feito | K6: Mecânico | L6: =COUNTIF($B$5:$I$60,K6) -> 9
A7: 3 | D7: Feito | K7: Elétrico | L7: =COUNTIF($B$5:$I$60,K7) -> 5
A8: 4 | C8: Feito | H8: Feito | K8: Energia | L8: =COUNTIF($B$5:$I$60,K8) -> 0
A9: 5 | C9: Feito | G9: Mecânico | K9: Chuva | L9: =COUNTIF($B$5:$I$60,K9) -> 0
A10: 6 | C10: Feito | G10: Operação | K10: Operação | L10: =COUNTIF($B$5:$I$60,K10) -> 15
A11: 7 | B11: Feito | D11: Feito | G11: Feito | L11: =SUM(L5:L10) -> 124
A12: 8 | C12: Feito | E12: Feito | G12: Feito | I12: Feito
A13: 9 | B13: Feito | C13: Feito | E13: Feito | F13: Mecânico | G13: Mecânico | H13: Operação | I13: Feito
A14: 10 | B14: Feito | F14: Feito | G14: Feito | H14: Feito
A15: 11 | B15: Feito | E15: Feito | F15: Feito | H15: Feito
A16: 12 | B16: Feito | G16: Feito | H16: Feito | I16: Feito
A17: 13 | D17: Feito | H17: Feito | I17: Feito
A18: 14 | E18: Feito | G18: Feito | H18: Feito
A19: 15 | D19: Feito | I19: Operação
A20: 16
A21: 17 | C21: Feito | H21: Feito
A22: 18
A23: 19 | B23: Mecânico | G23: Operação | H23: Operação
A24: 20
A25: 21 | D25: Feito | I25: Operação
A26: 22
A27: 23 | C27: Feito | H27: Operação
A28: 24
A29: 25 | B29: Feito | D29: Feito | F29: Feito | G29: Feito | H29: Feito
A30: 26 | C30: Feito | I30: Operação
A31: 27 | D31: Elétrico | I31: Feito
A32: 28
A33: 29 | B33: Feito | D33: Feito | G33: Feito
A34: 30 | B34: Feito | E34: Feito | G34: Feito | I34: Feito
A35: 31 | I35: Operação
A36: 32
A37: 33
A38: 34 | C38: Feito | E38: Feito | F38: Feito | I38: Feito
A39: 35 | B39: Feito | C39: Feito | G39: Feito | I39: Feito
A40: 36 | E40: Mecânico | I40: Feito
A41: 37 | B41: Feito | G41: Feito
A42: 38 | G42: Feito
A43: 39 | B43: Feito | H43: Feito
A44: 40 | C44: Feito | I44: Feito
A45: 41 | D45: Feito
A46: 42 | C46: Feito | H46: Feito
A47: 43
A48: 44 | C48: Feito | H48: Feito
A49: 45 | B49: Feito | E49: Feito
A50: 46 | E50: Elétrico | F50: Elétrico | G50: Elétrico | H50: Elétrico
A51: 47 | G51: Feito | I51: Operação
A52: 48 | B52: Operação | C52: Feito | D52: Feito | E52: Mecânico | F52: Operação | G52: Mecânico | H52: Operação | I52: Operação
A53: 49 | B53: Mecânico | C53: Mecânico | D53: Feito | H53: Feito
A54: 50 | B54: Operação | E54: Feito | H54: Feito
A55: 51
A56: 52 | C56: Feito | F56: Feito
A57: 53 | E57: Feito
A58: 54 | B58: Feito | G58: Feito
A59: 55 | F59: Feito
A60: 56 | B60: Feito | G60: Feito

Sheet 03 07 2021
B3: 44380 | C3: =B3+1 -> 44381 | D3: =C3+1 -> 44382 | E3: =D3+1 -> 44383 | F3: =E3+1 -> 44384 | G3: =F3+1 -> 44385 | H3: =G3+1 -> 44386 | I3: =H3+1 -> 44387
A4: Pivô | B4: =TEXT(B3,"ddd") -> sáb | C4: =TEXT(C3,"ddd") -> dom | D4: =TEXT(D3,"ddd") -> seg | E4: =TEXT(E3,"ddd") -> ter | F4: =TEXT(F3,"ddd") -> qua | G4: =TEXT(G3,"ddd") -> qui | H4: =TEXT(H3,"ddd") -> sex | I4: =TEXT(I3,"ddd") -> sáb | K4: Parametros
A5: 1 | C5: Feito | F5: Feito | I5: Feito | K5: Feito | L5: =COUNTIF($B$5:$I$60,K5) -> 80
A6: 2 | H6: Operação | K6: Mecânico | L6: =COUNTIF($B$5:$I$60,K6) -> 5
A7: 3 | F7: Operação | K7: Elétrico | L7: =COUNTIF($B$5:$I$60,K7) -> 3
A8: 4 | D8: Feito | F8: Operação | G8: Feito | K8: Energia | L8: =COUNTIF($B$5:$I$60,K8) -> 0
A9: 5 | C9: Feito | G9: Feito | K9: Chuva | L9: =COUNTIF($B$5:$I$60,K9) -> 0
A10: 6 | C10: Feito | G10: Operação | K10: Operação | L10: =COUNTIF($B$5:$I$60,K10) -> 22
A11: 7 | B11: Feito | E11: Feito | H11: Feito | L11: =SUM(L5:L10) -> 110
A12: 8 | D12: Feito | G12: Operação
A13: 9 | C13: Feito | E13: Feito | G13: Operação | I13: Feito
A14: 10 | B14: Feito | D14: Feito | E14: Feito | F14: Feito | H14: Feito
A15: 11 | D15: Feito | E15: Mecânico | F15: Feito | I15: Feito
A16: 12 | E16: Feito | G16: Feito
A17: 13 | E17: Feito | H17: Feito
A18: 14 | C18: Feito | F18: Feito | I18: Feito
A19: 15 | F19: Operação
A20: 16
A21: 17 | D21: Feito | I21: Feito
A22: 18
A23: 19 | E23: Mecânico
A24: 20
A25: 21 | G25: Operação
A26: 22
A27: 23 | E27: Operação
A28: 24
A29: 25 | B29: Feito | D29: Feito | E29: Operação | F29: Feito | G29: Feito | H29: Feito | I29: Feito
A30: 26
A31: 27 | E31: Feito | I31: Feito
A32: 28
A33: 29 | B33: Feito | D33: Feito | G33: Feito | I33: Feito
A34: 30 | D34: Feito | F34: Feito | G34: Feito | H34: Feito
A35: 31 | H35: Operação
A36: 32
A37: 33 | F37: Operação | G37: Operação
A38: 34 | D38: Feito | H38: Feito
A39: 35 | C39: Feito | H39: Feito
A40: 36 | F40: Feito | I40: Feito
A41: 37 | D41: Feito | G41: Feito
A42: 38 | E42: Feito | I42: Feito
A43: 39 | E43: Operação | I43: Feito
A44: 40 | F44: Elétrico
A45: 41
A46: 42 | D46: Operação | H46: Operação
A47: 43
A48: 44 | E48: Feito
A49: 45 | E49: Feito | H49: Feito
A50: 46
A51: 47 | D51: Feito | H51: Operação | I51: Elétrico
A52: 48 | B52: Feito | C52: Feito | D52: Feito | E52: Mecânico | F52: Feito | G52: Mecânico | H52: Mecânico
A53: 49 | B53: Feito | C53: Feito | D53: Feito | E53: Operação | F53: Operação | G53: Feito | H53: Feito | I53: Elétrico
A54: 50 | C54: Feito | F54: Feito | I54: Feito
A55: 51
A56: 52 | F56: Operação
A57: 53 | B57: Feito
A58: 54 | C58: Feito | G58: Feito
A59: 55 | B59: Operação | F59: Feito
A60: 56 | C60: Feito | G60: Operação

Sheet 11 07 2021 
B3: 44388 | C3: =B3+1 -> 44389 | D3: =C3+1 -> 44390 | E3: =D3+1 -> 44391 | F3: =E3+1 -> 44392 | G3: =F3+1 -> 44393 | H3: =G3+1 -> 44394 | I3: =H3+1 -> 44395
A4: Pivô | B4: =TEXT(B3,"ddd") -> dom | C4: =TEXT(C3,"ddd") -> seg | D4: =TEXT(D3,"ddd") -> ter | E4: =TEXT(E3,"ddd") -> qua | F4: =TEXT(F3,"ddd") -> qui | G4: =TEXT(G3,"ddd") -> sex | H4: =TEXT(H3,"ddd") -> sáb | I4: =TEXT(I3,"ddd") -> dom | K4: Parametros
A5: 1 | D5: Feito | G5: Feito | K5: Feito | L5: =COUNTIF($B$5:$I$60,K5) -> 79
A6: 2 | D6: Operação | E6: Operação | F6: Operação | H6: Feito | I6: Feito | K6: Mecânico | L6: =COUNTIF($B$5:$I$60,K6) -> 7
A7: 3 | C7: Operação | E7: Operação | H7: Operação | K7: Elétrico | L7: =COUNTIF($B$5:$I$60,K7) -> 3
A8: 4 | D8: Feito | K8: Energia | L8: =COUNTIF($B$5:$I$60,K8) -> 0
A9: 5 | B9: Feito | E9: Feito | G9: Feito | I9: Feito | K9: Chuva | L9: =COUNTIF($B$5:$I$60,K9) -> 0
A10: 6 | B10: Feito | E10: Feito | G10: Mecânico | K10: Operação | L10: =COUNTIF($B$5:$I$60,K10) -> 30
A11: 7 | D11: Feito | H11: Operação | L11: =SUM(L5:L10) -> 119
A12: 8 | B12: Feito | F12: Feito
A13: 9 | C13: Feito | E13: Feito | G13: Feito | H13: Feito
A14: 10 | B14: Feito | D14: Feito | F14: Feito | I14: Feito
A15: 11 | C15: Feito | E15: Feito | G15: Feito | H15: Feito
A16: 12 | B16: Feito | C16: Operação | D16: Operação | E16: Feito | F16: Feito | H16: Feito
A17: 13 | B17: Feito | E17: Feito | F17: Feito | H17: Feito | I17: Feito
A18: 14 | C18: Operação | D18: Mecânico | E18: Feito | G18: Feito | I18: Feito
A19: 15 | C19: Feito | H19: Feito
A20: 16
A21: 17
A22: 18
A23: 19 | B23: Mecânico
A24: 20
A25: 21
A26: 22
A27: 23
A28: 24
A29: 25 | B29: Feito | C29: Operação | D29: Feito | E29: Feito | F29: Feito | G29: Feito | H29: Feito | I29: Feito
A30: 26
A31: 27 | E31: Feito | I31: Feito
A32: 28
A33: 29 | D33: Feito | F33: Operação | G33: Feito | I33: Feito
A34: 30 | B34: Feito | D34: Feito | F34: Mecânico | G34: Feito | I34: Feito
A35: 31 | B35: Operação | E35: Operação | F35: Feito | G35: Operação | I35: Feito
A36: 32
A37: 33 | B37: Feito | G37: Operação | I37: Operação
A38: 34 | D38: Operação | H38: Mecânico
A39: 35 | D39: Feito | H39: Feito
A40: 36 | F40: Operação | G40: Operação
A41: 37 | B41: Feito
A42: 38 | F42: Feito
A43: 39 | F43: Feito
A44: 40 | B44: Feito | G44: Operação
A45: 41
A46: 42 | E46: Feito
A47: 43
A48: 44 | B48: Feito | F48: Feito
A49: 45 | C49: Operação | H49: Feito
A50: 46 | B50: Operação | C50: Operação | H50: Mecânico | I50: Mecânico
A51: 47 | B51: Elétrico | D51: Feito | E51: Feito | F51: Feito | G51: Operação | H51: Operação | I51: Operação
A52: 48 | B52: Elétrico | F52: Operação | G52: Feito
A53: 49 | B53: Elétrico | C53: Feito | D53: Feito | E53: Feito | H53: Feito
A54: 50 | D54: Feito | G54: Feito
A55: 51
A56: 52 | C56: Operação
A57: 53
A58: 54
A59: 55 | C59: Operação
A60: 56

Sheet 19 07 2021
B3: 44396 | C3: =B3+1 -> 44397 | D3: =C3+1 -> 44398 | E3: =D3+1 -> 44399 | F3: =E3+1 -> 44400 | G3: =F3+1 -> 44401 | H3: =G3+1 -> 44402 | I3: =H3+1 -> 44403
A4: Pivô | B4: =TEXT(B3,"ddd") -> seg | C4: =TEXT(C3,"ddd") -> ter | D4: =TEXT(D3,"ddd") -> qua | E4: =TEXT(E3,"ddd") -> qui | F4: =TEXT(F3,"ddd") -> sex | G4: =TEXT(G3,"ddd") -> sáb | H4: =TEXT(H3,"ddd") -> dom | I4: =TEXT(I3,"ddd") -> seg | K4: Parametros
A5: 1 | B5: Mecânico | K5: Feito | L5: =COUNTIF($B$5:$I$60,K5) -> 92
A6: 2 | B6: Operação | C6: Feito | D6: Feito | E6: Feito | F6: Feito | G6: Feito | H6: Feito | K6: Mecânico | L6: =COUNTIF($B$5:$I$60,K6) -> 8
A7: 3 | C7: Operação | D7: Feito | E7: Feito | F7: Feito | G7: Feito | H7: Feito | I7: Feito | K7: Elétrico | L7: =COUNTIF($B$5:$I$60,K7) -> 2
A8: 4 | C8: Feito | K8: Energia | L8: =COUNTIF($B$5:$I$60,K8) -> 3
A9: 5 | E9: Operação | I9: Feito | K9: Chuva | L9: =COUNTIF($B$5:$I$60,K9) -> 0
A10: 6 | B10: Operação | D10: Feito | G10: Feito | K10: Operação | L10: =COUNTIF($B$5:$I$60,K10) -> 20
A11: 7 | D11: Operação | H11: Feito | L11: =SUM(L5:L10) -> 125
A12: 8 | B12: Feito | F12: Feito | I12: Feito
A13: 9 | B13: Feito | E13: Feito | H13: Feito
A14: 10 | C14: Feito | E14: Operação | G14: Feito
A15: 11 | B15: Operação | C15: Feito | D15: Feito | F15: Feito | H15: Feito
A16: 12 | B16: Feito | D16: Feito | F16: Feito | H16: Feito
A17: 13 | B17: Feito | C17: Feito | D17: Feito | E17: Feito | F17: Feito | G17: Feito | H17: Feito | I17: Feito
A18: 14 | B18: Operação | C18: Feito | D18: Mecânico | F18: Feito | H18: Feito | I18: Feito
A19: 15
A20: 16
A21: 17
A22: 18
A23: 19
A24: 20
A25: 21
A26: 22
A27: 23
A28: 24
A29: 25 | B29: Feito | C29: Feito | D29: Feito | E29: Feito | F29: Feito | G29: Feito | H29: Feito | I29: Feito
A30: 26
A31: 27 | E31: Feito
A32: 28
A33: 29 | C33: Feito | D33: Feito | E33: Feito | F33: Feito | G33: Feito | H33: Feito | I33: Feito
A34: 30 | C34: Feito | E34: Operação | F34: Feito | G34: Feito | H34: Feito | I34: Feito
A35: 31 | B35: Feito | C35: Operação | D35: Feito | E35: Feito | F35: Feito | G35: Feito | H35: Feito | I35: Mecânico
A36: 32
A37: 33 | C37: Operação | D37: Operação | E37: Operação | F37: Operação | G37: Mecânico | H37: Feito | I37: Feito
A38: 34 | D38: Elétrico | E38: Elétrico | G38: Feito
A39: 35 | D39: Operação | H39: Feito
A40: 36 | B40: Feito | F40: Mecânico | I40: Mecânico
A41: 37 | D41: Operação
A42: 38
A43: 39
A44: 40
A45: 41
A46: 42
A47: 43
A48: 44 | B48: Feito
A49: 45 | C49: Energia
A50: 46 | C50: Mecânico | D50: Mecânico | E50: Feito | F50: Operação | G50: Feito | H50: Feito | I50: Feito
A51: 47 | B51: Operação | C51: Energia | D51: Feito | E51: Feito | H51: Feito
A52: 48 | B52: Feito | F52: Feito
A53: 49 | B53: Feito | C53: Energia | D53: Feito | G53: Feito
A54: 50 | B54: Feito | E54: Operação | H54: Feito
A55: 51
A56: 52 | F56: Operação
A57: 53
A58: 54
A59: 55
A60: 56

Sheet 27 07 2021
B3: 44404 | C3: =B3+1 -> 44405 | D3: =C3+1 -> 44406 | E3: =D3+1 -> 44407 | F3: =E3+1 -> 44408 | G3: =F3+1 -> 44409 | H3: =G3+1 -> 44410 | I3: =H3+1 -> 44411
A4: Pivô | B4: =TEXT(B3,"ddd") -> ter | C4: =TEXT(C3,"ddd") -> qua | D4: =TEXT(D3,"ddd") -> qui | E4: =TEXT(E3,"ddd") -> sex | F4: =TEXT(F3,"ddd") -> sáb | G4: =TEXT(G3,"ddd") -> dom | H4: =TEXT(H3,"ddd") -> seg | I4: =TEXT(I3,"ddd") -> ter | K4: Parametros
A5: 1 | K5: Feito | L5: =COUNTIF($B$5:$I$60,K5) -> 83
A6: 2 | C6: Feito | F6: Feito | H6: Feito | K6: Mecânico | L6: =COUNTIF($B$5:$I$60,K6) -> 2
A7: 3 | D7: Feito | F7: Feito | H7: Feito | K7: Elétrico | L7: =COUNTIF($B$5:$I$60,K7) -> 0
A8: 4 | D8: Feito | F8: Feito | I8: Operação | K8: Energia | L8: =COUNTIF($B$5:$I$60,K8) -> 0
A9: 5 | E9: Feito | K9: Chuva | L9: =COUNTIF($B$5:$I$60,K9) -> 0
A10: 6 | D10: Operação | E10: Operação | K10: Operação | L10: =COUNTIF($B$5:$I$60,K10) -> 18
A11: 7 | D11: Operação | G11: Feito | L11: =SUM(L5:L10) -> 103
A12: 8 | D12: Feito | G12: Feito
A13: 9 | C13: Operação | F13: Feito
A14: 10 | B14: Feito | E14: Feito | H14: Feito
A15: 11 | B15: Operação | D15: Operação | F15: Feito | H15: Operação
A16: 12 | B16: Feito | D16: Operação | F16: Feito | H16: Feito
A17: 13 | B17: Feito | C17: Feito | D17: Feito | E17: Feito | F17: Feito | G17: Feito | I17: Feito
A18: 14 | B18: Feito | C18: Operação | E18: Feito | G18: Feito | I18: Feito
A19: 15
A20: 16
A21: 17
A22: 18
A23: 19
A24: 20
A25: 21
A26: 22
A27: 23
A28: 24
A29: 25 | B29: Feito | C29: Feito | D29: Feito | E29: Feito | F29: Feito | G29: Feito | H29: Feito | I29: Feito
A30: 26
A31: 27
A32: 28
A33: 29 | B33: Feito | C33: Feito | D33: Feito | E33: Feito | F33: Feito | G33: Feito | H33: Feito | I33: Feito
A34: 30 | B34: Feito | C34: Feito | E34: Feito | G34: Feito | I34: Feito
A35: 31 | D35: Feito | F35: Feito | I35: Feito
A36: 32
A37: 33 | B37: Feito | C37: Feito | D37: Feito | G37: Feito
A38: 34 | C38: Feito | D38: Feito | G38: Feito | I38: Mecânico
A39: 35 | C39: Operação
A40: 36 | F40: Mecânico | I40: Feito
A41: 37 | D41: Feito | F41: Feito | G41: Operação | H41: Feito | I41: Feito
A42: 38
A43: 39
A44: 40
A45: 41
A46: 42
A47: 43
A48: 44
A49: 45 | G49: Feito
A50: 46 | B50: Feito | C50: Feito | D50: Feito | E50: Feito | F50: Operação | I50: Feito
A51: 47 | C51: Feito | D51: Feito | H51: Feito
A52: 48 | B52: Feito | G52: Feito
A53: 49 | C53: Feito | H53: Feito
A54: 50 | C54: Operação | F54: Feito | I54: Operação
A55: 51
A56: 52 | D56: Feito | F56: Operação | H56: Operação | I56: Operação
A57: 53
A58: 54 | I58: Feito
A59: 55
A60: 56

Sheet 04 08 2021
B3: 44412 | C3: =B3+1 -> 44413 | D3: =C3+1 -> 44414 | E3: =D3+1 -> 44415 | F3: =E3+1 -> 44416 | G3: =F3+1 -> 44417 | H3: =G3+1 -> 44418 | I3: =H3+1 -> 44419
A4: Pivô | B4: =TEXT(B3,"ddd") -> qua | C4: =TEXT(C3,"ddd") -> qui | D4: =TEXT(D3,"ddd") -> sex | E4: =TEXT(E3,"ddd") -> sáb | F4: =TEXT(F3,"ddd") -> dom | G4: =TEXT(G3,"ddd") -> seg | H4: =TEXT(H3,"ddd") -> ter | I4: =TEXT(I3,"ddd") -> qua | K4: Parametros
A5: 1 | K5: Feito | L5: =COUNTIF($B$5:$I$60,K5) -> 102
A6: 2 | B6: Feito | C6: Feito | E6: Feito | H6: Feito | K6: Mecânico | L6: =COUNTIF($B$5:$I$60,K6) -> 6
A7: 3 | C7: Feito | F7: Feito | G7: Feito | H7: Feito | K7: Elétrico | L7: =COUNTIF($B$5:$I$60,K7) -> 3
A8: 4 | B8: Feito | C8: Feito | D8: Feito | E8: Feito | F8: Feito | G8: Feito | I8: Feito | K8: Energia | L8: =COUNTIF($B$5:$I$60,K8) -> 0
A9: 5 | B9: Feito | F9: Feito | I9: Feito | K9: Chuva | L9: =COUNTIF($B$5:$I$60,K9) -> 0
A10: 6 | B10: Mecânico | F10: Feito | K10: Operação | L10: =COUNTIF($B$5:$I$60,K10) -> 22
A11: 7 | C11: Operação | G11: Elétrico | L11: =SUM(L5:L10) -> 133
A12: 8 | B12: Feito | E12: Feito | H12: Feito
A13: 9 | B13: Operação | F13: Feito
A14: 10 | C14: Feito | G14: Feito
A15: 11 | B15: Operação | D15: Operação | F15: Feito | I15: Feito
A16: 12 | B16: Feito | D16: Feito | F16: Feito | H16: Feito
A17: 13 | B17: Feito | C17: Feito | D17: Feito | E17: Feito | F17: Feito | G17: Feito | H17: Feito | I17: Feito
A18: 14 | C18: Feito | E18: Feito | G18: Feito | I18: Mecânico
A19: 15
A20: 16
A21: 17
A22: 18
A23: 19
A24: 20
A25: 21
A26: 22
A27: 23
A28: 24
A29: 25 | B29: Feito | C29: Feito | D29: Feito | E29: Feito | F29: Mecânico | G29: Feito | H29: Operação | I29: Feito
A30: 26
A31: 27
A32: 28
A33: 29 | B33: Feito | C33: Feito | D33: Feito | E33: Feito | F33: Feito | G33: Feito | H33: Feito | I33: Feito
A34: 30 | B34: Operação | D34: Feito | E34: Feito | F34: Feito | G34: Feito | H34: Feito | I34: Feito
A35: 31 | D35: Feito | F35: Feito | H35: Feito
A36: 32 | I36: Feito
A37: 33 | B37: Feito | E37: Feito | G37: Mecânico
A38: 34 | B38: Feito | C38: Feito | F38: Feito | G38: Feito | H38: Feito
A39: 35 | B39: Feito | D39: Operação | F39: Operação | G39: Feito | H39: Operação | I39: Operação
A40: 36 | B40: Feito | D40: Feito | G40: Feito | I40: Operação
A41: 37 | B41: Feito | C41: Feito | D41: Feito | E41: Feito | F41: Feito | H41: Feito
A42: 38
A43: 39
A44: 40
A45: 41
A46: 42
A47: 43
A48: 44
A49: 45 | E49: Feito | F49: Operação | G49: Operação | H49: Feito | I49: Feito
A50: 46 | C50: Feito | D50: Feito | E50: Feito | G50: Elétrico
A51: 47 | E51: Operação
A52: 48 | C52: Feito | D52: Feito | H52: Operação
A53: 49 | E53: Feito | I53: Operação
A54: 50 | C54: Operação | D54: Feito | F54: Operação | G54: Operação
A55: 51 | D55: Feito | E55: Feito | H55: Operação | I55: Feito
A56: 52 | B56: Operação | C56: Feito | D56: Feito | E56: Feito | F56: Feito | G56: Feito | H56: Elétrico
A57: 53
A58: 54 | B58: Mecânico | C58: Mecânico | D58: Operação
A59: 55
A60: 56

Sheet 12 08 2021
B3: 44420 | C3: =B3+1 -> 44421 | D3: =C3+1 -> 44422 | E3: =D3+1 -> 44423 | F3: =E3+1 -> 44424 | G3: =F3+1 -> 44425 | H3: =G3+1 -> 44426 | I3: =H3+1 -> 44427
A4: Pivô | B4: =TEXT(B3,"ddd") -> qui | C4: =TEXT(C3,"ddd") -> sex | D4: =TEXT(D3,"ddd") -> sáb | E4: =TEXT(E3,"ddd") -> dom | F4: =TEXT(F3,"ddd") -> seg | G4: =TEXT(G3,"ddd") -> ter | H4: =TEXT(H3,"ddd") -> qua | I4: =TEXT(I3,"ddd") -> qui | K4: Parametros
A5: 1 | K5: Feito | L5: =COUNTIF($B$5:$I$60,K5) -> 98
A6: 2 | C6: Feito | F6: Feito | H6: Feito | I6: Feito | K6: Mecânico | L6: =COUNTIF($B$5:$I$60,K6) -> 11
A7: 3 | C7: Feito | F7: Feito | I7: Feito | K7: Elétrico | L7: =COUNTIF($B$5:$I$60,K7) -> 7
A8: 4 | D8: Feito | G8: Feito | H8: Feito | K8: Energia | L8: =COUNTIF($B$5:$I$60,K8) -> 0
A9: 5 | C9: Feito | K9: Chuva | L9: =COUNTIF($B$5:$I$60,K9) -> 0
A10: 6 | B10: Operação | E10: Mecânico | H10: Feito | I10: Feito | K10: Operação | L10: =COUNTIF($B$5:$I$60,K10) -> 19
A11: 7 | D11: Elétrico | H11: Feito | L11: =SUM(L5:L10) -> 135
A12: 8 | C12: Operação | D12: Feito | G12: Feito
A13: 9 | B13: Feito | E13: Feito | I13: Mecânico
A14: 10 | C14: Feito | F14: Feito | G14: Feito
A15: 11 | D15: Feito | G15: Operação
A16: 12 | C16: Feito | E16: Feito | H16: Feito
A17: 13 | B17: Feito | C17: Feito | D17: Feito | E17: Feito | F17: Feito | G17: Feito | H17: Feito | I17: Feito
A18: 14 | C18: Feito | E18: Feito | G18: Feito | I18: Feito
A19: 15
A20: 16
A21: 17
A22: 18
A23: 19
A24: 20
A25: 21
A26: 22
A27: 23
A28: 24
A29: 25 | B29: Feito | C29: Feito | D29: Feito | E29: Feito | F29: Feito | G29: Feito | H29: Feito | I29: Feito
A30: 26
A31: 27
A32: 28
A33: 29 | B33: Feito | C33: Feito | D33: Feito | E33: Feito | F33: Operação | G33: Feito | H33: Feito | I33: Feito
A34: 30 | B34: Mecânico | C34: Mecânico | D34: Feito | E34: Operação | F34: Feito | G34: Feito | H34: Feito | I34: Feito
A35: 31 | B35: Operação | C35: Feito | F35: Feito | I35: Feito
A36: 32 | C36: Mecânico | E36: Feito | G36: Feito | H36: Feito | I36: Feito
A37: 33 | C37: Feito | E37: Feito | F37: Feito | I37: Feito
A38: 34 | B38: Feito | D38: Feito | F38: Feito | H38: Feito
A39: 35 | B39: Feito | C39: Feito | D39: Feito | E39: Feito | F39: Feito | G39: Feito
A40: 36 | B40: Operação | C40: Feito | D40: Feito | E40: Feito | F40: Operação | G40: Operação | I40: Feito
A41: 37 | C41: Feito | F41: Feito | I41: Feito
A42: 38
A43: 39
A44: 40
A45: 41
A46: 42
A47: 43 | E47: Operação
A48: 44
A49: 45 | B49: Feito | C49: Feito | D49: Feito | E49: Feito | F49: Feito | G49: Feito | H49: Mecânico | I49: Mecânico
A50: 46 | B50: Elétrico | F50: Elétrico
A51: 47 | B51: Mecânico | F51: Operação | I51: Mecânico
A52: 48 | C52: Feito | E52: Feito | G52: Operação | I52: Operação
A53: 49 | E53: Feito | H53: Feito
A54: 50 | B54: Operação | C54: Elétrico | I54: Feito
A55: 51 | B55: Operação
A56: 52 | B56: Feito | E56: Elétrico | H56: Mecânico | I56: Feito
A57: 53 | F57: Operação | G57: Operação
A58: 54 | D58: Mecânico | G58: Operação | H58: Elétrico | I58: Elétrico
A59: 55
A60: 56 | G60: Operação

Sheet 20 08 2021
B3: 44428 | C3: =B3+1 -> 44429 | D3: =C3+1 -> 44430 | E3: =D3+1 -> 44431 | F3: =E3+1 -> 44432 | G3: =F3+1 -> 44433 | H3: =G3+1 -> 44434 | I3: =H3+1 -> 44435
A4: Pivô | B4: =TEXT(B3,"ddd") -> sex | C4: =TEXT(C3,"ddd") -> sáb | D4: =TEXT(D3,"ddd") -> dom | E4: =TEXT(E3,"ddd") -> seg | F4: =TEXT(F3,"ddd") -> ter | G4: =TEXT(G3,"ddd") -> qua | H4: =TEXT(H3,"ddd") -> qui | I4: =TEXT(I3,"ddd") -> sex | K4: Parametros
A5: 1 | C5: Operação | F5: Operação | G5: Feito | H5: Operação | I5: Operação | K5: Feito | L5: =COUNTIF($B$5:$I$60,K5) -> 112
A6: 2 | D6: Feito | G6: Feito | I6: Mecânico | K6: Mecânico | L6: =COUNTIF($B$5:$I$60,K6) -> 4
A7: 3 | D7: Feito | F7: Feito | G7: Feito | I7: Operação | K7: Elétrico | L7: =COUNTIF($B$5:$I$60,K7) -> 3
A8: 4 | B8: Feito | D8: Feito | F8: Feito | G8: Feito | H8: Feito | I8: Feito | K8: Energia | L8: =COUNTIF($B$5:$I$60,K8) -> 0
A9: 5 | H9: Feito | K9: Chuva | L9: =COUNTIF($B$5:$I$60,K9) -> 0
A10: 6 | B10: Feito | D10: Feito | K10: Operação | L10: =COUNTIF($B$5:$I$60,K10) -> 28
A11: 7 | C11: Feito | F11: Feito | H11: Feito | L11: =SUM(L5:L10) -> 147
A12: 8 | C12: Feito | G12: Operação
A13: 9 | D13: Feito | H13: Operação
A14: 10 | B14: Feito | C14: Feito | F14: Feito | G14: Feito
A15: 11 | B15: Operação | E15: Operação | H15: Feito
A16: 12 | C16: Feito | F16: Feito | H16: Feito | I16: Feito
A17: 13 | B17: Feito | C17: Feito | D17: Feito | E17: Feito | F17: Feito | G17: Feito | H17: Feito | I17: Feito
A18: 14 | C18: Feito | E18: Feito | G18: Feito | I18: Operação
A19: 15
A20: 16
A21: 17
A22: 18
A23: 19
A24: 20
A25: 21
A26: 22
A27: 23
A28: 24
A29: 25 | B29: Feito | C29: Feito | D29: Feito | E29: Feito | F29: Mecânico | G29: Feito | H29: Feito | I29: Operação
A30: 26
A31: 27
A32: 28
A33: 29 | B33: Feito | C33: Feito | D33: Feito | E33: Feito | F33: Feito | G33: Feito | H33: Feito | I33: Operação
A34: 30 | B34: Feito | C34: Operação | D34: Elétrico | E34: Elétrico | F34: Feito | G34: Feito | H34: Feito | I34: Operação
A35: 31 | D35: Feito | G35: Feito | I35: Operação
A36: 32 | B36: Feito | D36: Operação | E36: Operação | F36: Feito | G36: Feito | H36: Feito | I36: Mecânico
A37: 33 | C37: Feito | F37: Mecânico | H37: Feito | I37: Operação
A38: 34 | B38: Feito | C38: Feito | D38: Feito | E38: Feito | F38: Feito | G38: Feito | H38: Feito | I38: Operação
A39: 35 | B39: Feito | D39: Feito | G39: Feito | I39: Feito
A40: 36 | C40: Feito | F40: Feito | I40: Feito
A41: 37 | D41: Feito | G41: Feito
A42: 38
A43: 39
A44: 40
A45: 41
A46: 42
A47: 43
A48: 44
A49: 45 | B49: Feito | D49: Feito | E49: Feito | F49: Feito | H49: Feito
A50: 46 | B50: Operação | F50: Operação
A51: 47 | E51: Feito | H51: Feito
A52: 48 | C52: Feito | E52: Feito | G52: Feito | H52: Feito | I52: Feito
A53: 49 | B53: Operação | D53: Feito | F53: Operação | G53: Feito | H53: Feito | I53: Feito
A54: 50 | D54: Feito | E54: Feito | F54: Elétrico | G54: Operação | H54: Feito | I54: Feito
A55: 51 | F55: Feito | G55: Operação | H55: Feito
A56: 52 | D56: Feito | G56: Feito | H56: Feito
A57: 53 | E57: Operação | F57: Feito
A58: 54 | C58: Feito | D58: Feito | E58: Feito | F58: Feito | G58: Operação | I58: Feito
A59: 55 | H59: Operação
A60: 56

Sheet 28 08 2021
B3: 44436 | C3: =B3+1 -> 44437 | D3: =C3+1 -> 44438 | E3: =D3+1 -> 44439 | F3: =E3+1 -> 44440 | G3: =F3+1 -> 44441 | H3: =G3+1 -> 44442 | I3: =H3+1 -> 44443
A4: Pivô | B4: =TEXT(B3,"ddd") -> sáb | C4: =TEXT(C3,"ddd") -> dom | D4: =TEXT(D3,"ddd") -> seg | E4: =TEXT(E3,"ddd") -> ter | F4: =TEXT(F3,"ddd") -> qua | G4: =TEXT(G3,"ddd") -> qui | H4: =TEXT(H3,"ddd") -> sex | I4: =TEXT(I3,"ddd") -> sáb | K4: Parametros
A5: 1 | B5: Feito | C5: Feito | E5: Operação | F5: Feito | G5: Feito | H5: Feito | I5: Feito | K5: Feito | L5: =COUNTIF($B$5:$I$60,K5) -> 153
A6: 2 | C6: Feito | D6: Operação | E6: Feito | F6: Feito | G6: Feito | H6: Feito | I6: Feito | K6: Mecânico | L6: =COUNTIF($B$5:$I$60,K6) -> 7
A7: 3 | C7: Feito | D7: Feito | E7: Feito | F7: Feito | G7: Feito | H7: Feito | I7: Feito | K7: Elétrico | L7: =COUNTIF($B$5:$I$60,K7) -> 1
A8: 4 | B8: Operação | D8: Feito | E8: Feito | F8: Feito | G8: Feito | H8: Feito | I8: Feito | K8: Energia | L8: =COUNTIF($B$5:$I$60,K8) -> 0
A9: 5 | K9: Chuva | L9: =COUNTIF($B$5:$I$60,K9) -> 0
A10: 6 | K10: Operação | L10: =COUNTIF($B$5:$I$60,K10) -> 36
A11: 7 | C11: Feito | L11: =SUM(L5:L10) -> 197
A12: 8 | B12: Feito | E12: Feito
A13: 9 | C13: Feito | D13: Feito | F13: Feito | G13: Feito | I13: Feito
A14: 10 | B14: Feito | C14: Feito | E14: Feito | F14: Feito | H14: Feito | I14: Feito
A15: 11 | C15: Feito | D15: Feito | F15: Feito | G15: Feito
A16: 12 | C16: Feito | D16: Feito | F16: Mecânico | G16: Mecânico | I16: Feito
A17: 13 | B17: Feito | C17: Feito | D17: Feito | E17: Feito | F17: Feito | G17: Feito | H17: Feito | I17: Feito
A18: 14 | B18: Mecânico | D18: Feito | F18: Feito | H18: Feito
A19: 15
A20: 16
A21: 17
A22: 18
A23: 19
A24: 20
A25: 21
A26: 22
A27: 23
A28: 24
A29: 25 | B29: Feito | C29: Operação | D29: Feito | E29: Feito | F29: Feito | G29: Operação | H29: Feito | I29: Feito
A30: 26
A31: 27
A32: 28
A33: 29 | B33: Feito | C33: Operação | D33: Feito | E33: Feito | F33: Feito | G33: Feito | H33: Feito | I33: Feito
A34: 30 | B34: Feito | C34: Operação | D34: Operação | E34: Elétrico | F34: Mecânico | G34: Operação | H34: Operação | I34: Operação
A35: 31 | B35: Operação | C35: Feito | D35: Feito | E35: Operação | F35: Feito | G35: Feito | H35: Feito | I35: Feito
A36: 32 | B36: Operação | C36: Mecânico | D36: Mecânico | E36: Feito | G36: Feito | I36: Feito
A37: 33 | B37: Operação | C37: Operação | D37: Operação | E37: Operação | F37: Operação | G37: Feito | H37: Feito | I37: Operação
A38: 34 | B38: Operação | C38: Operação | D38: Operação | E38: Feito | F38: Feito | G38: Feito | H38: Feito | I38: Feito
A39: 35 | C39: Feito | E39: Feito | G39: Feito | I39: Feito
A40: 36 | C40: Feito | E40: Feito | G40: Feito | I40: Feito
A41: 37 | B41: Feito | D41: Feito | F41: Feito | H41: Feito
A42: 38
A43: 39
A44: 40
A45: 41
A46: 42
A47: 43 | F47: Operação
A48: 44 | F48: Operação
A49: 45 | D49: Feito | H49: Feito | I49: Feito
A50: 46 | B50: Feito | E50: Feito | F50: Feito | G50: Feito | H50: Feito | I50: Feito
A51: 47 | B51: Operação | D51: Operação | E51: Feito | F51: Operação | G51: Feito | H51: Feito | I51: Feito
A52: 48 | B52: Feito | C52: Feito | D52: Mecânico | E52: Feito | F52: Feito | G52: Operação | H52: Feito | I52: Feito
A53: 49 | B53: Feito | C53: Feito | D53: Feito | E53: Feito | F53: Feito | G53: Feito | H53: Feito | I53: Feito
A54: 50 | B54: Feito | C54: Feito | D54: Feito | E54: Feito | F54: Feito | G54: Feito | H54: Operação | I54: Feito
A55: 51 | B55: Feito | C55: Operação | D55: Operação | E55: Feito | F55: Operação | G55: Feito | H55: Feito | I55: Feito
A56: 52 | C56: Feito | G56: Feito
A57: 53 | G57: Feito | H57: Operação | I57: Feito
A58: 54 | B58: Feito | C58: Feito | D58: Feito | E58: Feito | F58: Feito | G58: Feito | H58: Feito | I58: Feito
A59: 55 | B59: Feito | C59: Feito
A60: 56 | E60: Operação | F60: Operação | G60: Feito

Sheet 05 09 2021
B3: 44444 | C3: =B3+1 -> 44445 | D3: =C3+1 -> 44446 | E3: =D3+1 -> 44447 | F3: =E3+1 -> 44448 | G3: =F3+1 -> 44449 | H3: =G3+1 -> 44450 | I3: =H3+1 -> 44451
A4: Pivô | B4: =TEXT(B3,"ddd") -> dom | C4: =TEXT(C3,"ddd") -> seg | D4: =TEXT(D3,"ddd") -> ter | E4: =TEXT(E3,"ddd") -> qua | F4: =TEXT(F3,"ddd") -> qui | G4: =TEXT(G3,"ddd") -> sex | H4: =TEXT(H3,"ddd") -> sáb | I4: =TEXT(I3,"ddd") -> dom | K4: Parametros
A5: 1 | B5: Feito | C5: Feito | E5: Feito | G5: Feito | H5: Feito | I5: Feito | K5: Feito | L5: =COUNTIF($B$5:$I$60,K5) -> 194
A6: 2 | B6: Feito | C6: Feito | D6: Feito | E6: Feito | F6: Feito | G6: Feito | H6: Feito | I6: Feito | K6: Mecânico | L6: =COUNTIF($B$5:$I$60,K6) -> 4
A7: 3 | B7: Feito | C7: Feito | D7: Feito | E7: Feito | F7: Feito | G7: Feito | H7: Feito | I7: Feito | K7: Elétrico | L7: =COUNTIF($B$5:$I$60,K7) -> 2
A8: 4 | B8: Feito | C8: Feito | D8: Feito | E8: Feito | F8: Feito | G8: Feito | H8: Feito | I8: Feito | K8: Energia | L8: =COUNTIF($B$5:$I$60,K8) -> 0
A9: 5 | K9: Chuva | L9: =COUNTIF($B$5:$I$60,K9) -> 0
A10: 6 | G10: Feito | K10: Operação | L10: =COUNTIF($B$5:$I$60,K10) -> 18
A11: 7 | G11: Feito | L11: =SUM(L5:L10) -> 218
A12: 8 | B12: Feito | E12: Operação | G12: Feito
A13: 9 | C13: Feito | D13: Mecânico | G13: Feito | I13: Feito
A14: 10 | D14: Feito | F14: Feito | G14: Feito
A15: 11 | B15: Feito | C15: Feito | E15: Feito | F15: Mecânico | H15: Feito
A16: 12 | B16: Feito | D16: Feito | E16: Feito | G16: Feito | H16: Feito | I16: Feito
A17: 13 | B17: Feito | C17: Feito | D17: Feito | E17: Feito | F17: Feito | G17: Feito | H17: Feito | I17: Feito
A18: 14 | B18: Feito | C18: Feito | E18: Feito | F18: Feito | H18: Feito | I18: Feito
A19: 15
A20: 16 | D20: Operação | H20: Feito | I20: Feito
A21: 17
A22: 18
A23: 19
A24: 20
A25: 21
A26: 22
A27: 23
A28: 24
A29: 25 | B29: Feito | C29: Feito | D29: Feito | E29: Feito | F29: Mecânico | G29: Feito | H29: Feito | I29: Feito
A30: 26
A31: 27
A32: 28
A33: 29 | B33: Feito | C33: Feito | D33: Feito | E33: Feito | F33: Feito | G33: Feito | H33: Feito | I33: Feito
A34: 30 | B34: Feito | C34: Feito | D34: Feito | E34: Feito | F34: Feito | G34: Feito | H34: Feito | I34: Feito
A35: 31 | B35: Feito | C35: Feito | D35: Feito | E35: Feito | F35: Feito | G35: Operação | H35: Operação
A36: 32 | B36: Feito | C36: Feito | D36: Feito | E36: Feito | F36: Feito | G36: Feito | H36: Feito | I36: Feito
A37: 33 | B37: Elétrico | C37: Feito | D37: Feito | E37: Feito | F37: Feito | G37: Operação | H37: Operação
A38: 34 | B38: Feito | C38: Feito | D38: Feito | E38: Feito | F38: Feito | G38: Feito | H38: Feito | I38: Feito
A39: 35 | C39: Feito
A40: 36 | C40: Feito | E40: Feito | G40: Feito | I40: Operação
A41: 37 | B41: Feito | D41: Feito | F41: Feito | H41: Feito
A42: 38 | I42: Operação
A43: 39 | G43: Feito | H43: Operação
A44: 40
A45: 41 | F45: Operação
A46: 42 | B46: Operação | E46: Feito | G46: Operação
A47: 43
A48: 44 | E48: Feito
A49: 45 | D49: Feito | G49: Feito | H49: Feito | I49: Feito
A50: 46 | B50: Feito | C50: Feito | D50: Feito | E50: Feito | F50: Feito | G50: Feito | H50: Feito | I50: Feito
A51: 47 | B51: Feito | C51: Feito | D51: Feito | E51: Feito | F51: Feito | G51: Feito | H51: Feito | I51: Feito
A52: 48 | B52: Feito | C52: Feito | D52: Feito | E52: Feito | F52: Feito | G52: Feito | H52: Feito | I52: Feito
A53: 49 | B53: Feito | C53: Feito | D53: Feito | E53: Feito | F53: Feito | G53: Feito | H53: Feito | I53: Feito
A54: 50 | B54: Feito | C54: Feito | D54: Feito | E54: Feito | F54: Feito | G54: Feito | H54: Feito | I54: Feito
A55: 51 | B55: Feito | C55: Feito | D55: Feito | E55: Feito | F55: Feito | G55: Feito | H55: Feito | I55: Feito
A56: 52 | B56: Feito | D56: Feito | E56: Mecânico | G56: Feito | I56: Feito
A57: 53 | B57: Feito | C57: Feito | D57: Feito
A58: 54 | B58: Feito | C58: Feito | D58: Feito | E58: Feito | F58: Feito | G58: Feito | H58: Feito | I58: Feito
A59: 55 | B59: Operação | F59: Feito
A60: 56 | B60: Operação | C60: Elétrico | D60: Operação | E60: Feito | F60: Operação | G60: Operação | H60: Operação
A61: 73
A62: 74 | I62: Operação

Sheet 13 09 2021 
B3: 44452 | C3: =B3+1 -> 44453 | D3: =C3+1 -> 44454 | E3: =D3+1 -> 44455 | F3: =E3+1 -> 44456 | G3: =F3+1 -> 44457 | H3: =G3+1 -> 44458
A4: Pivô | B4: =TEXT(B3,"ddd") -> seg | C4: =TEXT(C3,"ddd") -> ter | D4: =TEXT(D3,"ddd") -> qua | E4: =TEXT(E3,"ddd") -> qui | F4: =TEXT(F3,"ddd") -> sex | G4: =TEXT(G3,"ddd") -> sáb | H4: =TEXT(H3,"ddd") -> dom | K4: Parametros
A5: 1 | B5: Feito | C5: Feito | D5: Feito | E5: Feito | F5: Feito | G5: Feito | H5: Feito | K5: Feito | L5: =COUNTIF($B$5:$I$60,K5) -> 156
A6: 2 | B6: Feito | C6: Feito | D6: Feito | E6: Feito | F6: Feito | G6: Feito | H6: Feito | K6: Mecânico | L6: =COUNTIF($B$5:$I$60,K6) -> 7
A7: 3 | B7: Feito | C7: Feito | D7: Feito | E7: Feito | F7: Feito | G7: Feito | H7: Feito | K7: Elétrico | L7: =COUNTIF($B$5:$I$60,K7) -> 6
A8: 4 | B8: Feito | C8: Feito | D8: Feito | E8: Feito | F8: Feito | G8: Feito | H8: Feito | K8: Energia | L8: =COUNTIF($B$5:$I$60,K8) -> 0
A9: 5 | K9: Chuva | L9: =COUNTIF($B$5:$I$60,K9) -> 0
A10: 6 | K10: Operação | L10: =COUNTIF($B$5:$I$60,K10) -> 20
A11: 7 | L11: =SUM(L5:L10) -> 189
A12: 8
A13: 9 | C13: Feito | D13: Feito
A14: 10 | B14: Feito | D14: Feito | E14: Feito | G14: Feito | H14: Feito
A15: 11 | C15: Feito | D15: Elétrico | E15: Feito | F15: Feito | G15: Feito | H15: Feito
A16: 12 | C16: Feito | D16: Operação | F16: Operação | G16: Feito | H16: Feito
A17: 13 | B17: Feito | C17: Feito | D17: Feito | E17: Feito | F17: Feito | G17: Feito | H17: Feito
A18: 14 | D18: Elétrico | E18: Mecânico | G18: Mecânico | H18: Feito
A19: 15 | F19: Operação | H19: Feito
A20: 16 | C20: Feito
A21: 17 | H21: Feito
A22: 18
A23: 19 | H23: Feito
A24: 20 | F24: Operação
A25: 21
A26: 22
A27: 23
A28: 24
A29: 25 | B29: Feito | C29: Feito | D29: Feito | E29: Feito | F29: Feito | G29: Feito | H29: Feito
A30: 26
A31: 27
A32: 28
A33: 29 | B33: Feito | C33: Feito | D33: Feito | E33: Feito | F33: Feito | G33: Feito | H33: feito
A34: 30 | B34: Feito | C34: Feito | D34: Feito | E34: Feito | F34: Feito | G34: Feito | H34: Feito
A35: 31 | B35: Feito | C35: Feito | D35: Feito | E35: Mecânico | F35: Feito | G35: Operação | H35: Feito
A36: 32 | B36: Feito | C36: Feito | D36: Feito | E36: Feito | F36: Feito | G36: Feito | H36: Feito
A37: 33 | B37: Feito | C37: Mecânico | D37: Operação | E37: Mecânico | F37: Operação | G37: Operação | H37: Feito
A38: 34 | B38: Feito | C38: Feito | D38: Feito | E38: Feito | F38: Feito | H38: Feito
A39: 35
A40: 36 | C40: Feito | E40: Feito | G40: Operação
A41: 37 | B41: Feito | D41: Feito | F41: Feito
A42: 38 | B42: Operação | D42: Operação
A43: 39 | B43: Feito | E43: Feito
A44: 40 | C44: Operação
A45: 41 | E45: Feito
A46: 42
A47: 43
A48: 44 | G48: Elétrico
A49: 45 | B49: Feito | C49: Feito | D49: Feito | E49: Feito | G49: Feito | H49: Feito
A50: 46 | B50: Feito | C50: Feito | D50: Feito | E50: Feito | F50: Feito | G50: Operação | H50: Feito
A51: 47 | B51: Feito | C51: Feito | D51: Feito | E51: Feito | F51: Feito | G51: Feito | H51: Feito
A52: 48 | B52: Feito | C52: Feito | D52: Feito | E52: Feito | F52: Feito | G52: Feito | H52: Feito
A53: 49 | B53: Feito | C53: Feito | D53: Feito | E53: Feito | F53: Feito | G53: Operação | H53: Feito
A54: 50 | B54: Elétrico | C54: Operação | D54: Feito | E54: Feito | F54: Feito | G54: Feito | H54: Feito
A55: 51 | B55: Feito | C55: Feito | D55: Feito | E55: Feito | F55: Feito | G55: Feito | H55: Feito
A56: 52 | F56: Feito | G56: Feito | H56: Feito
A57: 53
A58: 54 | B58: Feito | C58: Operação | F58: Feito | H58: Feito
A59: 55 | B59: Elétrico | E59: Operação | H59: Elétrico
A60: 56 | B60: Feito | C60: Operação | D60: Feito | E60: Operação | F60: Mecânico | G60: Operação | H60: Mecânico
A61: 73
A62: 74

Sheet 21 09 2021
B3: 44459 | C3: =B3+1 -> 44460 | D3: =C3+1 -> 44461 | E3: =D3+1 -> 44462 | F3: =E3+1 -> 44463 | G3: =F3+1 -> 44464 | H3: =G3+1 -> 44465
A4: Pivô | B4: =TEXT(B3,"ddd") -> seg | C4: =TEXT(C3,"ddd") -> ter | D4: =TEXT(D3,"ddd") -> qua | E4: =TEXT(E3,"ddd") -> qui | F4: =TEXT(F3,"ddd") -> sex | G4: =TEXT(G3,"ddd") -> sáb | H4: =TEXT(H3,"ddd") -> dom | K4: Parametros
A5: 1 | B5: Operação | C5: Feito | D5: Feito | E5: Feito | F5: Feito | G5: Feito | H5: Feito | K5: Feito | L5: =COUNTIF($C$5:$I$60,K5) -> 127
A6: 2 | B6: Feito | C6: Feito | D6: Feito | E6: Elétrico | F6: Feito | G6: Feito | H6: Feito | K6: Mecânico | L6: =COUNTIF($C$5:$I$60,K6) -> 3
A7: 3 | B7: Feito | C7: Feito | D7: Feito | E7: Feito | F7: Feito | G7: Feito | H7: Feito | K7: Elétrico | L7: =COUNTIF($C$5:$I$60,K7) -> 4
A8: 4 | B8: Feito | C8: Feito | D8: Feito | E8: Feito | F8: Elétrico | G8: Feito | H8: Feito | K8: Energia | L8: =COUNTIF($C$5:$I$60,K8) -> 0
A9: 5 | C9: Feito | K9: Chuva | L9: =COUNTIF($C$5:$I$60,K9) -> 0
A10: 6 | K10: Operação | L10: =COUNTIF($C$5:$I$60,K10) -> 26
A11: 7 | E11: Operação | L11: =SUM(L5:L10) -> 160
A12: 8 | G12: Feito
A13: 9
A14: 10 | C14: Feito
A15: 11 | B15: Feito | C15: Feito | E15: Feito | F15: Feito | H15: Feito
A16: 12 | B16: Feito | C16: Feito | E16: Feito | F16: Feito | H16: Feito
A17: 13 | B17: Feito | C17: Operação | D17: Feito | E17: Mecânico | F17: Elétrico | H17: Feito
A18: 14 | B18: Feito | C18: Feito | E18: Feito | F18: Feito | G18: Feito | H18: Feito
A19: 15 | B19: Elétrico | D19: Operação | G19: Feito
A20: 16 | B20: Elétrico | G20: Feito | H20: Feito
A21: 17 | C21: Operação | D21: Feito | F21: Operação | H21: Feito
A22: 18
A23: 19 | C23: Operação | D23: Operação | F23: Feito
A24: 20
A25: 21
A26: 22
A27: 23
A28: 24
A29: 25 | B29: Feito | C29: Feito | D29: Operação | E29: Feito | F29: Feito | G29: Mecânico | H29: Operação
A30: 26
A31: 27
A32: 28
A33: 29 | B33: Feito | C33: Feito | D33: Feito | E33: Feito | F33: Feito | G33: Feito | H33: Operação
A34: 30 | B34: Feito | C34: Feito | D34: Feito | E34: Feito | F34: Feito | G34: Feito | H34: Operação
A35: 31 | B35: Operação | D35: Feito | E35: Feito | F35: Feito | G35: Operação
A36: 32 | B36: Feito | C36: Feito | D36: Feito | E36: Feito | F36: Feito | G36: Feito
A37: 33 | B37: Feito | C37: Feito | D37: Feito | G37: Operação
A38: 34 | B38: Feito | D38: Operação | E38: Feito | G38: Mecânico
A39: 35
A40: 36
A41: 37
A42: 38 | G42: Operação
A43: 39 | G43: Operação | H43: Operação
A44: 40 | G44: Feito | H44: Operação
A45: 41 | F45: Operação | G45: Feito | H45: Operação
A46: 42 | E46: Feito | F46: Feito | H46: Feito
A47: 43
A48: 44 | B48: Feito | E48: Feito
A49: 45 | B49: Feito | C49: Feito | D49: Feito | E49: Feito | F49: Feito | G49: Feito | H49: Feito
A50: 46 | B50: Operação | C50: Feito | D50: Feito | E50: Feito | F50: Operação | G50: Feito | H50: Operação
A51: 47 | B51: Feito | C51: Feito | D51: Feito | E51: Feito | F51: Feito | G51: Feito | H51: Feito
A52: 48 | B52: Feito | D52: Feito | E52: Feito | F52: Feito | H52: Feito
A53: 49 | B53: Feito | C53: Feito | D53: Feito | E53: Feito | F53: Elétrico | G53: Operação
A54: 50 | B54: Feito | D54: Feito | E54: Feito | G54: Feito | H54: Feito
A55: 51 | B55: Feito | D55: Feito | E55: Feito | F55: Feito | G55: Feito | H55: Feito
A56: 52 | B56: Feito | C56: Feito | D56: Feito | E56: Feito | F56: Feito | G56: Feito | H56: Operação
A57: 53 | C57: Feito
A58: 54 | B58: Feito | D58: Feito | E58: Feito | G58: Feito | H58: Feito
A59: 55 | B59: Elétrico | C59: Operação | D59: Feito | E59: Feito | F59: Feito | H59: Operação
A60: 56 | B60: Operação | C60: Feito | D60: Feito | E60: Feito | F60: Feito | G60: Feito | H60: Feito
A61: 73
A62: 74

Sheet 27 09 2021
B3: 44466 | C3: =B3+1 -> 44467 | D3: =C3+1 -> 44468 | E3: =D3+1 -> 44469 | F3: =E3+1 -> 44470 | G3: =F3+1 -> 44471 | H3: =G3+1 -> 44472
A4: Pivô | B4: =TEXT(B3,"ddd") -> seg | C4: =TEXT(C3,"ddd") -> ter | D4: =TEXT(D3,"ddd") -> qua | E4: =TEXT(E3,"ddd") -> qui | F4: =TEXT(F3,"ddd") -> sex | G4: =TEXT(G3,"ddd") -> sáb | H4: =TEXT(H3,"ddd") -> dom | K4: Parametros
A5: 1 | B5: Feito | C5: Feito | D5: Feito | E5: Feito | F5: Feito | G5: Feito | H5: Feito | K5: Feito | L5: =COUNTIF($B$5:$I$60,K5) -> 152
A6: 2 | B6: Feito | C6: Feito | D6: Feito | E6: Feito | F6: Feito | G6: Feito | H6: Feito | K6: Mecânico | L6: =COUNTIF($B$5:$I$60,K6) -> 4
A7: 3 | B7: Feito | C7: Feito | D7: Feito | E7: Feito | F7: Feito | G7: Feito | H7: Feito | K7: Elétrico | L7: =COUNTIF($B$5:$I$60,K7) -> 2
A8: 4 | B8: Feito | C8: Feito | D8: Feito | E8: Feito | F8: Feito | G8: Feito | H8: Feito | K8: Energia | L8: =COUNTIF($B$5:$I$60,K8) -> 0
A9: 5 | K9: Chuva | L9: =COUNTIF($B$5:$I$60,K9) -> 0
A10: 6 | K10: Operação | L10: =COUNTIF($B$5:$I$60,K10) -> 36
A11: 7 | L11: =SUM(L5:L10) -> 194
A12: 8
A13: 9
A14: 10
A15: 11 | B15: Mecânico | D15: Feito
A16: 12 | B16: Feito | D16: Feito | E16: Feito | H16: Feito
A17: 13 | B17: Feito | D17: Feito | E17: Feito | G17: Feito | H17: Feito
A18: 14 | C18: Operação | D18: Feito | F18: Feito | G18: Feito
A19: 15 | B19: Operação | E19: Operação
A20: 16 | B20: Feito | C20: Feito | D20: Operação | E20: Feito | F20: Elétrico | G20: Feito | H20: Operação
A21: 17 | B21: Feito
A22: 18 | F22: Mecânico
A23: 19 | B23: Mecânico
A24: 20 | C24: Feito | H24: Operação
A25: 21 | C25: Operação | F25: Feito
A26: 22
A27: 23 | C27: Operação | E27: Operação | G27: Feito
A28: 24
A29: 25 | B29: Feito | C29: Feito | D29: Feito | E29: Feito | F29: Feito | G29: Feito | H29: Feito
A30: 26 | E30: Operação | G30: Operação | H30: Operação
A31: 27 | G31: Operação | H31: Operação
A32: 28
A33: 29 | B33: Feito | C33: Feito | D33: Feito | E33: Feito | F33: Feito | G33: Feito | H33: Feito
A34: 30 | B34: Feito | C34: Feito | D34: Feito | E34: Feito | F34: Feito | G34: Feito | H34: Feito
A35: 31 | B35: Feito | C35: Operação | D35: Operação | E35: Operação | F35: Feito | G35: Operação
A36: 32 | B36: Feito | C36: Feito | D36: Feito | E36: Feito | F36: Elétrico | G36: Operação | H36: Operação
A37: 33 | B37: Operação | C37: Operação | D37: Feito | E37: Feito | F37: Feito | G37: Operação | H37: Operação
A38: 34 | B38: Feito | C38: Mecânico | E38: Feito | F38: Feito | H38: Feito
A39: 35
A40: 36
A41: 37
A42: 38
A43: 39 | B43: Operação | D43: Feito | E43: Feito | F43: Feito | G43: Feito
A44: 40 | B44: Feito | C44: Feito | D44: Feito
A45: 41 | B45: Operação | G45: Feito | H45: Operação
A46: 42 | B46: Feito | C46: Feito | G46: Feito | H46: Feito
A47: 43
A48: 44
A49: 45 | B49: Feito | C49: Feito | D49: Feito | E49: Feito | F49: Feito | G49: Feito | H49: Feito
A50: 46 | B50: Operação | C50: Operação | D50: Operação | E50: Operação | F50: Operação | G50: Feito | H50: Feito
A51: 47 | B51: Feito | C51: Feito | D51: Feito | E51: Feito | F51: Operação | G51: Operação | H51: Feito
A52: 48 | B52: Feito | D52: Feito | E52: Feito | G52: Feito | H52: Feito
A53: 49 | C53: Operação | D53: Feito | E53: Feito | G53: Feito | H53: Feito
A54: 50 | B54: Feito | D54: Feito | E54: Feito | G54: Feito | H54: Feito
A55: 51 | B55: Feito | C55: Feito | D55: Feito | F55: Feito | H55: Feito
A56: 52 | B56: Feito | C56: Feito | D56: Feito | E56: Feito | F56: Feito | G56: Feito | H56: Feito
A57: 53
A58: 54 | C58: Feito | D58: Feito | E58: Feito | F58: Feito | H58: Feito
A59: 55 | B59: Feito | C59: Feito | D59: Feito | E59: Operação | F59: Feito | G59: Feito | H59: Feito
A60: 56 | B60: Feito | C60: Feito | D60: Feito | E60: Feito | F60: Feito | H60: Feito
A61: 73
A62: 74

Sheet 04 10 2021
B3: 44473 | C3: =B3+1 -> 44474 | D3: =C3+1 -> 44475 | E3: =D3+1 -> 44476 | F3: =E3+1 -> 44477 | G3: =F3+1 -> 44478 | H3: =G3+1 -> 44479
A4: Pivô | B4: =TEXT(B3,"ddd") -> seg | C4: =TEXT(C3,"ddd") -> ter | D4: =TEXT(D3,"ddd") -> qua | E4: =TEXT(E3,"ddd") -> qui | F4: =TEXT(F3,"ddd") -> sex | G4: =TEXT(G3,"ddd") -> sáb | H4: =TEXT(H3,"ddd") -> dom | K4: Parametros
A5: 1 | B5: Feito | C5: Feito | D5: Feito | E5: Feito | F5: Feito | G5: Feito | H5: Feito | K5: Feito | L5: =COUNTIF($B$5:$I$60,K5) -> 170
A6: 2 | B6: Feito | C6: Feito | D6: Feito | E6: Feito | F6: Feito | G6: Feito | H6: Feito | K6: Mecânico | L6: =COUNTIF($B$5:$I$60,K6) -> 4
A7: 3 | B7: Feito | C7: Feito | D7: Feito | E7: Feito | F7: Feito | G7: Feito | H7: Feito | K7: Elétrico | L7: =COUNTIF($B$5:$I$60,K7) -> 0
A8: 4 | B8: Feito | C8: Feito | D8: Feito | E8: Feito | F8: Feito | G8: Feito | H8: Feito | K8: Energia | L8: =COUNTIF($B$5:$I$60,K8) -> 0
A9: 5 | K9: Chuva | L9: =COUNTIF($B$5:$I$60,K9) -> 0
A10: 6 | K10: Operação | L10: =COUNTIF($B$5:$I$60,K10) -> 21
A11: 7 | L11: =SUM(L5:L10) -> 195
A12: 8
A13: 9
A14: 10
A15: 11
A16: 12 | B16: Feito | D16: Feito | F16: Feito
A17: 13 | C17: Mecânico | D17: Mecânico | E17: Operação | F17: Feito | G17: Feito | H17: Feito
A18: 14 | B18: Feito | F18: Feito | H18: Feito
A19: 15 | B19: Operação | C19: Operação | D19: Feito | E19: Feito | F19: Feito | G19: Feito | H19: Feito
A20: 16 | B20: Operação | C20: Operação
A21: 17 | D21: Feito | E21: Operação | F21: Feito | G21: Feito | H21: Feito
A22: 18 | F22: Operação | G22: Operação | H22: Feito
A23: 19
A24: 20 | B24: Operação | E24: Feito | F24: Feito | H24: Feito
A25: 21
A26: 22
A27: 23 | D27: Feito | G27: Feito | H27: Feito
A28: 24
A29: 25 | B29: Feito | C29: Feito | D29: Feito | E29: Feito | F29: Feito | G29: Feito | H29: Feito
A30: 26 | F30: Feito | H30: Feito
A31: 27 | D31: Feito | F31: Operação | H31: Feito
A32: 28
A33: 29 | B33: Feito | C33: Feito | D33: Feito | E33: Feito | F33: Feito | G33: Feito | H33: Feito
A34: 30 | C34: Feito
A35: 31 | B35: Feito | C35: Feito | D35: Feito | E35: Feito | F35: Feito | G35: Feito | H35: Feito
A36: 32 | B36: Feito | C36: Feito | D36: Feito | E36: Feito | F36: Feito | G36: Operação | H36: Feito
A37: 33 | B37: Operação | C37: Feito | D37: Feito | E37: Feito | F37: Feito | G37: Feito | H37: Feito
A38: 34 | B38: Feito | C38: Feito | D38: Feito | E38: Feito | G38: Feito | H38: Feito
A39: 35
A40: 36
A41: 37
A42: 38 | D42: Operação | E42: Feito | G42: Feito | H42: Feito
A43: 39 | D43: Feito | E43: Feito | F43: Operação | G43: Feito | H43: Feito
A44: 40 | C44: Operação | D44: Feito
A45: 41 | B45: Feito | C45: Operação | D45: Feito | E45: Feito | F45: Feito | G45: Feito | H45: Feito
A46: 42 | B46: Feito | C46: Operação | D46: Feito | E46: Feito | F46: Feito | G46: Feito | H46: Feito
A47: 43
A48: 44
A49: 45 | B49: Feito | C49: Feito | D49: Feito | E49: Feito | F49: Feito | G49: Feito | H49: Feito
A50: 46 | B50: Feito | C50: Feito | E50: Feito | F50: Feito | G50: Operação | H50: Feito
A51: 47 | C51: Mecânico | D51: Mecânico | E51: Feito | F51: Feito | G51: Feito
A52: 48 | C52: Feito | D52: Feito | F52: Operação | G52: Operação
A53: 49 | C53: Feito | D53: Feito | F53: Feito | G53: Feito
A54: 50 | B54: Feito | C54: Feito | F54: Operação
A55: 51 | B55: Feito | C55: Feito | E55: Feito | G55: Feito | H55: Feito
A56: 52 | B56: Feito | C56: Feito | D56: Feito | E56: Feito | F56: Feito | G56: Feito | H56: Feito
A57: 53
A58: 54 | B58: Feito | C58: Feito | E58: Feito | F58: Feito | G58: Feito | H58: Feito
A59: 55 | B59: Feito | C59: Feito | D59: Feito | E59: Feito | F59: Feito | H59: Feito
A60: 56 | B60: Feito | C60: Feito | D60: Feito | E60: Feito | F60: Feito | G60: Feito
A61: 73
A62: 74

Sheet 11 10 2021
B3: 44480 | C3: =B3+1 -> 44481 | D3: =C3+1 -> 44482 | E3: =D3+1 -> 44483 | F3: =E3+1 -> 44484 | G3: =F3+1 -> 44485 | H3: =G3+1 -> 44486
A4: Pivô | B4: =TEXT(B3,"ddd") -> seg | C4: =TEXT(C3,"ddd") -> ter | D4: =TEXT(D3,"ddd") -> qua | E4: =TEXT(E3,"ddd") -> qui | F4: =TEXT(F3,"ddd") -> sex | G4: =TEXT(G3,"ddd") -> sáb | H4: =TEXT(H3,"ddd") -> dom | K4: Parametros
A5: 1 | B5: Chuva | C5: Chuva | H5: Feito | K5: Feito | L5: =COUNTIF($B$5:$I$60,K5) -> 20
A6: 2 | B6: Chuva | C6: Feito | H6: Feito | K6: Mecânico | L6: =COUNTIF($B$5:$I$60,K6) -> 2
A7: 3 | B7: Chuva | C7: Feito | H7: Feito | K7: Elétrico | L7: =COUNTIF($B$5:$I$60,K7) -> 0
A8: 4 | B8: Chuva | C8: Feito | H8: Feito | K8: Energia | L8: =COUNTIF($B$5:$I$60,K8) -> 2
A9: 5 | K9: Chuva | L9: =COUNTIF($B$5:$I$60,K9) -> 40
A10: 6 | K10: Operação | L10: =COUNTIF($B$5:$I$60,K10) -> 1
A11: 7 | L11: =SUM(L5:L10) -> 65
A12: 8
A13: 9
A14: 10
A15: 11
A16: 12
A17: 13 | B17: Chuva
A18: 14 | B18: Chuva
A19: 15 | B19: Chuva | C19: Feito
A20: 16 | H20: Feito
A21: 17 | B21: Chuva | C21: Feito | H21: Feito
A22: 18 | B22: Chuva
A23: 19
A24: 20 | B24: Chuva
A25: 21
A26: 22
A27: 23
A28: 24
A29: 25 | B29: Chuva
A30: 26 | B30: Chuva
A31: 27 | B31: Chuva
A32: 28
A33: 29 | B33: Chuva | C33: Chuva
A34: 30
A35: 31 | B35: Chuva | C35: Feito | H35: Feito
A36: 32 | B36: Chuva | C36: Chuva | D36: Chuva | H36: Operação
A37: 33 | B37: Chuva | C37: Chuva
A38: 34
A39: 35
A40: 36
A41: 37
A42: 38 | B42: Chuva | C42: Feito | D42: Chuva
A43: 39 | B43: Chuva | C43: Feito
A44: 40
A45: 41 | B45: Chuva | C45: Feito | D45: Chuva
A46: 42 | B46: Chuva | C46: Feito | D46: Chuva
A47: 43
A48: 44
A49: 45 | B49: Chuva | C49: Feito | D49: Chuva
A50: 46 | B50: Chuva
A51: 47 | B51: Chuva
A52: 48 | B52: Chuva
A53: 49
A54: 50 | B54: Chuva | C54: Mecânico | D54: Chuva | G54: Feito
A55: 51
A56: 52 | B56: Chuva | D56: Chuva
A57: 53
A58: 54 | B58: Chuva | C58: Mecânico | D58: Chuva | H58: Feito
A59: 55 | C59: Energia
A60: 56 | C60: Energia
A61: 73
A62: 74

Sheet 18 10 2021
B3: 44487 | C3: =B3+1 -> 44488 | D3: =C3+1 -> 44489 | E3: =D3+1 -> 44490 | F3: =E3+1 -> 44491 | G3: =F3+1 -> 44492 | H3: =G3+1 -> 44493
A4: Pivô | B4: =TEXT(B3,"ddd") -> seg | C4: =TEXT(C3,"ddd") -> ter | D4: =TEXT(D3,"ddd") -> qua | E4: =TEXT(E3,"ddd") -> qui | F4: =TEXT(F3,"ddd") -> sex | G4: =TEXT(G3,"ddd") -> sáb | H4: =TEXT(H3,"ddd") -> dom | K4: Parametros
A5: 1 | C5: Chuva | E5: Chuva | F5: Chuva | H5: Chuva | K5: Feito | L5: =COUNTIF($B$5:$I$60,K5) -> 7
A6: 2 | C6: Chuva | E6: Chuva | F6: Chuva | H6: Chuva | K6: Mecânico | L6: =COUNTIF($B$5:$I$60,K6) -> 0
A7: 3 | C7: Chuva | E7: Chuva | F7: Chuva | H7: Chuva | K7: Elétrico | L7: =COUNTIF($B$5:$I$60,K7) -> 0
A8: 4 | C8: Chuva | E8: Chuva | F8: Chuva | H8: Chuva | K8: Energia | L8: =COUNTIF($B$5:$I$60,K8) -> 0
A9: 5 | K9: Chuva | L9: =COUNTIF($B$5:$I$60,K9) -> 109
A10: 6 | K10: Operação | L10: =COUNTIF($B$5:$I$60,K10) -> 1
A11: 7 | L11: =SUM(L5:L10) -> 117
A12: 8
A13: 9
A14: 10
A15: 11
A16: 12
A17: 13
A18: 14 | B18: Chuva | C18: Chuva | D18: Chuva | E18: Chuva | F18: Chuva
A19: 15 | B19: Chuva | C19: Chuva | D19: Chuva | E19: Chuva | F19: Chuva
A20: 16 | B20: Chuva | C20: Chuva | D20: Chuva | E20: Feito | F20: Chuva
A21: 17 | B21: Chuva | C21: Chuva | D21: Chuva | E21: Chuva | F21: Chuva
A22: 18
A23: 19
A24: 20
A25: 21
A26: 22
A27: 23
A28: 24
A29: 25 | C29: Chuva | E29: Chuva | F29: Chuva
A30: 26
A31: 27
A32: 28
A33: 29 | C33: Chuva | E33: Chuva | F33: Chuva
A34: 30
A35: 31 | C35: Chuva | E35: Chuva | F35: Chuva
A36: 32 | C36: Chuva | E36: Chuva | F36: Chuva
A37: 33 | C37: Chuva | F37: Chuva
A38: 34
A39: 35
A40: 36 | D40: Feito | E40: Chuva | F40: Chuva | H40: Chuva
A41: 37 | E41: Chuva | F41: Chuva
A42: 38 | B42: Chuva | C42: Chuva | E42: Chuva | F42: Chuva
A43: 39 | B43: Chuva | C43: Chuva | E43: Chuva | F43: Chuva
A44: 40 | E44: Chuva | F44: Chuva
A45: 41 | B45: Chuva | C45: Chuva | E45: Chuva | F45: Chuva
A46: 42 | B46: Feito | C46: Chuva | E46: Chuva | F46: Chuva
A47: 43
A48: 44
A49: 45 | B49: Operação | C49: Chuva | E49: Chuva | F49: Chuva
A50: 46 | B50: Chuva | C50: Chuva | E50: Chuva | F50: Chuva | H50: Chuva
A51: 47 | C51: Chuva | E51: Chuva | F51: Chuva | H51: Chuva
A52: 48 | C52: Chuva | E52: Chuva | F52: Chuva | H52: Chuva
A53: 49 | B53: Chuva | C53: Chuva | E53: Chuva | F53: Chuva | H53: Chuva
A54: 50 | B54: Chuva | C54: Chuva | E54: Feito | F54: Chuva
A55: 51 | B55: Chuva | C55: Chuva | D55: Feito | E55: Chuva | F55: Chuva
A56: 52 | C56: Chuva | F56: Chuva
A57: 53
A58: 54 | C58: Chuva | D58: Feito | F58: Chuva
A59: 55 | B59: Chuva | C59: Feito | E59: Chuva | F59: Chuva | H59: Chuva
A60: 56 | C60: Chuva | F60: Chuva
A61: 73
A62: 74

Sheet 25 10 2021
B3: 44494 | C3: =B3+1 -> 44495 | D3: =C3+1 -> 44496 | E3: =D3+1 -> 44497 | F3: =E3+1 -> 44498 | G3: =F3+1 -> 44499 | H3: =G3+1 -> 44500
A4: Pivô | B4: =TEXT(B3,"ddd") -> seg | C4: =TEXT(C3,"ddd") -> ter | D4: =TEXT(D3,"ddd") -> qua | E4: =TEXT(E3,"ddd") -> qui | F4: =TEXT(F3,"ddd") -> sex | G4: =TEXT(G3,"ddd") -> sáb | H4: =TEXT(H3,"ddd") -> dom | K4: Parametros
A5: 1 | C5: Chuva | E5: Operação | F5: Operação | G5: Operação | H5: Operação | K5: Feito | L5: =COUNTIF($B$5:$I$60,K5) -> 69
A6: 2 | B6: Operação | E6: Feito | F6: Feito | G6: Feito | H6: Feito | K6: Mecânico | L6: =COUNTIF($B$5:$I$60,K6) -> 5
A7: 3 | B7: Operação | E7: Feito | F7: Mecânico | G7: Feito | H7: Operação | K7: Elétrico | L7: =COUNTIF($B$5:$I$60,K7) -> 4
A8: 4 | B8: Operação | E8: Feito | F8: Feito | G8: Feito | H8: Feito | K8: Energia | L8: =COUNTIF($B$5:$I$60,K8) -> 0
A9: 5 | D9: Operação | E9: Feito | F9: Feito | G9: Feito | H9: Feito | K9: Chuva | L9: =COUNTIF($B$5:$I$60,K9) -> 7
A10: 6 | F10: Feito | G10: Feito | H10: Feito | K10: Operação | L10: =COUNTIF($B$5:$I$60,K10) -> 28
A11: 7 | D11: Operação | E11: Feito | F11: Feito | G11: Feito | H11: Feito | L11: =SUM(L5:L10) -> 113
A12: 8 | F12: Operação | G12: Operação | H12: Feito
A13: 9 | H13: Feito
A14: 10 | G14: Feito
A15: 11 | H15: Operação
A16: 12
A17: 13
A18: 14
A19: 15 | E19: Feito | H19: Feito
A20: 16 | D20: Operação
A21: 17
A22: 18
A23: 19
A24: 20
A25: 21
A26: 22
A27: 23
A28: 24
A29: 25 | C29: Chuva | F29: Feito | G29: Feito | H29: Feito
A30: 26
A31: 27
A32: 28
A33: 29 | C33: Chuva | G33: Feito
A34: 30
A35: 31 | C35: Chuva | D35: Operação | E35: Feito | F35: Elétrico | G35: Feito | H35: Feito
A36: 32 | B36: Operação | D36: Feito | E36: Mecânico | F36: Elétrico | G36: Operação | H36: Mecânico
A37: 33 | C37: Chuva | D37: Operação | E37: Operação | F37: Elétrico | G37: Feito | H37: Feito
A38: 34
A39: 35 | C39: Chuva | D39: Feito | E39: Operação | F39: Feito | G39: Feito | H39: Feito
A40: 36 | C40: Chuva | E40: Feito | F40: Feito | G40: Feito | H40: Feito
A41: 37 | D41: Feito | E41: Feito | F41: Feito | G41: Feito | H41: Feito
A42: 38 | F42: Operação | G42: Feito
A43: 39 | D43: Operação | E43: Feito | G43: Feito
A44: 40 | D44: Feito | F44: Feito | G44: Feito | H44: Feito
A45: 41 | C45: Mecânico | E45: Operação
A46: 42 | B46: Mecânico | F46: Feito | H46: Feito
A47: 43
A48: 44
A49: 45 | B49: Operação | H49: Feito
A50: 46 | B50: Operação
A51: 47 | B51: Operação
A52: 48
A53: 49
A54: 50 | D54: Feito | G54: Feito
A55: 51 | B55: Feito | C55: Feito | F55: Feito | H55: Feito
A56: 52
A57: 53
A58: 54 | B58: Operação | C58: Feito | D58: Feito | G58: Feito
A59: 55 | G59: Elétrico
A60: 56 | E60: Operação | G60: Feito
A61: 73
A62: 74

Sheet 01 11 2021 
B3: 44501 | C3: =B3+1 -> 44502 | D3: =C3+1 -> 44503 | E3: =D3+1 -> 44504 | F3: =E3+1 -> 44505 | G3: =F3+1 -> 44506 | H3: =G3+1 -> 44507
A4: Pivô | B4: =TEXT(B3,"ddd") -> seg | C4: =TEXT(C3,"ddd") -> ter | D4: =TEXT(D3,"ddd") -> qua | E4: =TEXT(E3,"ddd") -> qui | F4: =TEXT(F3,"ddd") -> sex | G4: =TEXT(G3,"ddd") -> sáb | H4: =TEXT(H3,"ddd") -> dom | K4: Parametros
A5: 1 | B5: Feito | C5: Feito | D5: Feito | E5: Operação | G5: Feito | H5: Feito | K5: Feito | L5: =COUNTIF($B$5:$I$60,K5) -> 85
A6: 2 | B6: Feito | C6: Feito | D6: Feito | E6: Feito | G6: Feito | H6: Feito | K6: Mecânico | L6: =COUNTIF($B$5:$I$60,K6) -> 4
A7: 3 | B7: Operação | C7: Feito | D7: Operação | E7: Feito | G7: Feito | H7: Operação | K7: Elétrico | L7: =COUNTIF($B$5:$I$60,K7) -> 8
A8: 4 | B8: Feito | C8: Feito | D8: Feito | E8: Feito | G8: Feito | H8: Feito | K8: Energia | L8: =COUNTIF($B$5:$I$60,K8) -> 0
A9: 5 | B9: Feito | C9: Feito | D9: Feito | E9: Feito | H9: Feito | K9: Chuva | L9: =COUNTIF($B$5:$I$60,K9) -> 5
A10: 6 | B10: Feito | C10: Feito | D10: Feito | E10: Mecânico | H10: Operação | K10: Operação | L10: =COUNTIF($B$5:$I$60,K10) -> 20
A11: 7 | B11: Feito | C11: Feito | D11: Feito | E11: Feito | F11: Chuva | G11: Feito | L11: =SUM(L5:L10) -> 122
A12: 8 | B12: Feito | C12: Feito | D12: Feito | E12: Feito | F12: Chuva | G12: Operação
A13: 9 | B13: Feito | C13: Feito | D13: Feito | E13: Feito | F13: Feito | G13: Feito | H13: Feito
A14: 10 | D14: Feito | E14: Feito | F14: Chuva | G14: Feito | H14: Feito
A15: 11 | E15: Feito | F15: Feito | G15: Feito | H15: Feito
A16: 12 | C16: Feito | E16: Feito | F16: Feito | G16: Feito | H16: Feito
A17: 13
A18: 14 | H18: Operação
A19: 15 | D19: Operação | H19: Feito
A20: 16 | B20: Operação
A21: 17 | E21: Operação
A22: 18
A23: 19
A24: 20
A25: 21
A26: 22
A27: 23 | D27: Elétrico | H27: Feito
A28: 24
A29: 25 | C29: Feito | E29: Elétrico | F29: Chuva | H29: Feito
A30: 26
A31: 27
A32: 28
A33: 29 | B33: Feito | D33: Chuva | F33: Feito | H33: Feito
A34: 30
A35: 31 | B35: Feito | C35: Operação | D35: Elétrico | G35: Elétrico
A36: 32 | B36: Operação | C36: Operação | D36: Operação | E36: Elétrico | G36: Operação | H36: Operação
A37: 33 | B37: Operação | C37: Mecânico | D37: Mecânico | E37: Elétrico | G37: Feito | H37: Feito
A38: 34
A39: 35 | B39: Feito | C39: Mecânico | D39: Feito | F39: Feito
A40: 36 | B40: Feito | C40: Feito | D40: Feito | H40: Operação
A41: 37 | B41: Feito | C41: Feito | H41: Feito
A42: 38 | B42: Feito | F42: Feito
A43: 39 | C43: Feito | E43: Feito | G43: Feito
A44: 40 | F44: Feito
A45: 41 | C45: Elétrico | G45: Feito
A46: 42 | D46: Feito | F46: Operação
A47: 43
A48: 44
A49: 45
A50: 46
A51: 47
A52: 48
A53: 49
A54: 50
A55: 51 | B55: Feito
A56: 52
A57: 53
A58: 54 | B58: Elétrico
A59: 55 | B59: Operação
A60: 56
A61: 73
A62: 74

Sheet 08 11 2021
B3: 44508 | C3: =B3+1 -> 44509 | D3: =C3+1 -> 44510 | E3: =D3+1 -> 44511 | F3: =E3+1 -> 44512 | G3: =F3+1 -> 44513 | H3: =G3+1 -> 44514
A4: Pivô | B4: =TEXT(B3,"ddd") -> seg | C4: =TEXT(C3,"ddd") -> ter | D4: =TEXT(D3,"ddd") -> qua | E4: =TEXT(E3,"ddd") -> qui | F4: =TEXT(F3,"ddd") -> sex | G4: =TEXT(G3,"ddd") -> sáb | H4: =TEXT(H3,"ddd") -> dom | K4: Parametros
A5: 1 | K5: Feito | L5: =COUNTIF($B$5:$I$60,K5) -> 3
A6: 2 | K6: Mecânico | L6: =COUNTIF($B$5:$I$60,K6) -> 0
A7: 3 | K7: Elétrico | L7: =COUNTIF($B$5:$I$60,K7) -> 2
A8: 4 | K8: Energia | L8: =COUNTIF($B$5:$I$60,K8) -> 0
A9: 5 | K9: Chuva | L9: =COUNTIF($B$5:$I$60,K9) -> 5
A10: 6 | K10: Operação | L10: =COUNTIF($B$5:$I$60,K10) -> 6
A11: 7 | L11: =SUM(L5:L10) -> 16
A12: 8
A13: 9
A14: 10
A15: 11
A16: 12
A17: 13
A18: 14
A19: 15
A20: 16
A21: 17
A22: 18
A23: 19
... A28: 24
A29: 25 | B29: Operação | E29: Elétrico | F29: Feito
A30: 26
A31: 27
A32: 28
A33: 29
A34: 30
A35: 31
A36: 32
A37: 33
A38: 34
A39: 35 | B39: Chuva
A40: 36 | B40: Chuva
A41: 37
A42: 38 | B42: Chuva
A43: 39
A44: 40 | B44: Chuva
A45: 41
A46: 42 | B46: Chuva
A47: 43
A48: 44
A49: 45
A50: 46
A51: 47
A52: 48
A53: 49
A54: 50
A55: 51
A56: 52
A57: 53
A58: 54
A59: 55 | B59: Operação | E59: Feito | F59: Operação | G59: Elétrico
A60: 56 | B60: Operação | E60: Feito | F60: Operação | G60: Operação
A61: 73
A62: 74

Sheet 15 11 2021
B3: 44515 | C3: =B3+1 -> 44516 | D3: =C3+1 -> 44517 | E3: =D3+1 -> 44518 | F3: =E3+1 -> 44519 | G3: =F3+1 -> 44520 | H3: =G3+1 -> 44521
A4: Pivô | B4: =TEXT(B3,"ddd") -> seg | C4: =TEXT(C3,"ddd") -> ter | D4: =TEXT(D3,"ddd") -> qua | E4: =TEXT(E3,"ddd") -> qui | F4: =TEXT(F3,"ddd") -> sex | G4: =TEXT(G3,"ddd") -> sáb | H4: =TEXT(H3,"ddd") -> dom | K4: Parametros
A5: 1 | E5: Chuva | F5: Feito | K5: Feito | L5: =COUNTIF($B$5:$I$60,K5) -> 11
A6: 2 | E6: Elétrico | K6: Mecânico | L6: =COUNTIF($B$5:$I$60,K6) -> 0
A7: 3 | E7: Chuva | K7: Elétrico | L7: =COUNTIF($B$5:$I$60,K7) -> 2
A8: 4 | E8: Chuva | K8: Energia | L8: =COUNTIF($B$5:$I$60,K8) -> 0
A9: 5 | E9: Chuva | K9: Chuva | L9: =COUNTIF($B$5:$I$60,K9) -> 13
A10: 6 | K10: Operação | L10: =COUNTIF($B$5:$I$60,K10) -> 1
A11: 7 | E11: Feito | L11: =SUM(L5:L10) -> 27
A12: 8
A13: 9 | E13: Chuva
A14: 10
A15: 11
A16: 12 | E16: Chuva
A17: 13
A18: 14 | E18: Chuva
A19: 15
A20: 16
A21: 17
A22: 18
A23: 19
A24: 20
A25: 21
A26: 22
A27: 23
A28: 24
A29: 25 | E29: Feito
A30: 26 | E30: Chuva
A31: 27
A32: 28
A33: 29 | E33: Feito
A34: 30
A35: 31
A36: 32 | E36: Operação
A37: 33 | E37: Elétrico
A38: 34
A39: 35 | E39: Chuva
A40: 36 | E40: Chuva
A41: 37 | D41: Feito
A42: 38 | E42: Chuva
A43: 39
A44: 40 | E44: Chuva
A45: 41 | E45: Chuva
A46: 42 | F46: Feito
A47: 43
A48: 44
A49: 45
A50: 46
A51: 47
A52: 48
A53: 49
A54: 50
A55: 51
A56: 52
A57: 53
A58: 54
A59: 55 | C59: Feito | D59: Feito | E59: Feito
A60: 56 | C60: Feito | D60: Feito
A61: 73
A62: 74

Sheet 22 11 2021
B3: 44522 | C3: =B3+1 -> 44523 | D3: =C3+1 -> 44524 | E3: =D3+1 -> 44525 | F3: =E3+1 -> 44526 | G3: =F3+1 -> 44527 | H3: =G3+1 -> 44528
A4: Pivô | B4: =TEXT(B3,"ddd") -> seg | C4: =TEXT(C3,"ddd") -> ter | D4: =TEXT(D3,"ddd") -> qua | E4: =TEXT(E3,"ddd") -> qui | F4: =TEXT(F3,"ddd") -> sex | G4: =TEXT(G3,"ddd") -> sáb | H4: =TEXT(H3,"ddd") -> dom | K4: Parametros
A5: 1 | G5: Chuva | K5: Feito | L5: =COUNTIF($B$5:$I$60,K5) -> 26
A6: 2 | F6: Elétrico | H6: Chuva | K6: Mecânico | L6: =COUNTIF($B$5:$I$60,K6) -> 0
A7: 3 | F7: Feito | G7: Chuva | H7: Chuva | K7: Elétrico | L7: =COUNTIF($B$5:$I$60,K7) -> 1
A8: 4 | F8: Feito | G8: Feito | H8: Chuva | K8: Energia | L8: =COUNTIF($B$5:$I$60,K8) -> 0
A9: 5 | D9: Feito | F9: Feito | H9: Chuva | K9: Chuva | L9: =COUNTIF($B$5:$I$60,K9) -> 22
A10: 6 | G10: Chuva | K10: Operação | L10: =COUNTIF($B$5:$I$60,K10) -> 6
A11: 7 | F11: Operação | L11: =SUM(L5:L10) -> 55
A12: 8 | G12: Feito
A13: 9 | G13: Chuva
A14: 10 | F14: Feito | H14: Chuva
A15: 11 | F15: Feito | H15: Chuva
A16: 12 | F16: Operação | G16: Feito
A17: 13 | F17: Feito | G17: Feito | H17: Chuva
A18: 14 | G18: Feito
A19: 15
A20: 16
A21: 17
A22: 18
A23: 19
A24: 20
A25: 21
A26: 22
A27: 23
A28: 24
A29: 25 | F29: Feito | G29: Feito | H29: Chuva
A30: 26
A31: 27
A32: 28
A33: 29 | D33: Feito | F33: Feito | G33: Feito | H33: Chuva
A34: 30
A35: 31
A36: 32
A37: 33
A38: 34
A39: 35 | B39: Feito | F39: Feito | H39: Chuva
A40: 36 | C40: Feito | G40: Feito
A41: 37 | F41: Feito | H41: Chuva
A42: 38 | D42: Operação | G42: Chuva
A43: 39 | H43: Chuva
A44: 40 | G44: Feito
A45: 41 | B45: Operação | F45: Operação | H45: Chuva
A46: 42 | F46: Feito | H46: Chuva
A47: 43
A48: 44
A49: 45
A50: 46
A51: 47 | G51: Feito
A52: 48 | G52: Chuva
A53: 49
A54: 50
A55: 51 | H55: Chuva
A56: 52
A57: 53
A58: 54
A59: 55 | B59: Feito | C59: Operação
A60: 56 | H60: Chuva
A61: 73 | F61: Feito | G61: Feito | H61: Chuva
A62: 74

Sheet 29 11 2021
B3: 44529 | C3: =B3+1 -> 44530 | D3: =C3+1 -> 44531 | E3: =D3+1 -> 44532 | F3: =E3+1 -> 44533 | G3: =F3+1 -> 44534 | H3: =G3+1 -> 44535
A4: Pivô | B4: =TEXT(B3,"ddd") -> seg | C4: =TEXT(C3,"ddd") -> ter | D4: =TEXT(D3,"ddd") -> qua | E4: =TEXT(E3,"ddd") -> qui | F4: =TEXT(F3,"ddd") -> sex | G4: =TEXT(G3,"ddd") -> sáb | H4: =TEXT(H3,"ddd") -> dom | K4: Parametros
A5: 1 | K5: Feito | L5: =COUNTIF($B$5:$I$60,K5) -> 17
A6: 2 | B6: Chuva | F6: Chuva | K6: Mecânico | L6: =COUNTIF($B$5:$I$60,K6) -> 0
A7: 3 | B7: Chuva | F7: Chuva | K7: Elétrico | L7: =COUNTIF($B$5:$I$60,K7) -> 0
A8: 4 | B8: Chuva | F8: Chuva | K8: Energia | L8: =COUNTIF($B$5:$I$60,K8) -> 2
A9: 5 | E9: Feito | K9: Chuva | L9: =COUNTIF($B$5:$I$60,K9) -> 38
A10: 6 | B10: Chuva | F10: Chuva | G10: Feito | H10: Feito | K10: Operação | L10: =COUNTIF($B$5:$I$60,K10) -> 7
A11: 7 | B11: Chuva | H11: Chuva | L11: =SUM(L5:L10) -> 64
A12: 8 | B12: Chuva | E12: Feito
A13: 9 | B13: Chuva | E13: Feito | H13: Chuva
A14: 10 | F14: Operação | G14: Feito
A15: 11 | C15: Feito
A16: 12 | B16: Chuva | F16: Chuva
A17: 13 | B17: Chuva | E17: Feito | F17: Chuva
A18: 14 | B18: Chuva | E18: Feito | F18: Operação | G18: Feito
A19: 15
A20: 16 | F20: Chuva | G20: Operação
A21: 17
A22: 18
A23: 19
A24: 20
A25: 21
A26: 22
A27: 23
A28: 24
A29: 25 | B29: Chuva | C29: Feito | D29: Feito | E29: Feito | F29: Chuva | G29: Feito | H29: Chuva
A30: 26
A31: 27
A32: 28
A33: 29 | B33: Chuva | F33: Chuva
A34: 30
A35: 31
A36: 32
A37: 33
A38: 34
A39: 35 | D39: Operação
A40: 36 | B40: Chuva | F40: Chuva | G40: Feito
A41: 37 | C41: Feito
A42: 38 | B42: Chuva | F42: Chuva
A43: 39 | E43: Operação
A44: 40 | B44: Chuva | C44: Operação | F44: Chuva
A45: 41
A46: 42
A47: 43
A48: 44
A49: 45
A50: 46
A51: 47
A52: 48 | D52: Feito | E52: Energia | F52: Chuva | G52: Chuva | H52: Chuva
A53: 49 | D53: Operação | E53: Energia | F53: Chuva | G53: Chuva | H53: Chuva
A54: 50 | B54: Chuva
A55: 51
A56: 52
A57: 53
A58: 54
A59: 55 | B59: Chuva
A60: 56
A61: 73 | B61: Chuva | E61: Mecânico | F61: Chuva
A62: 74 | F62: Chuva | G62: Elétrico | H62: Chuva

Sheet 06 12 2021 
B3: 44536 | C3: =B3+1 -> 44537 | D3: =C3+1 -> 44538 | E3: =D3+1 -> 44539 | F3: =E3+1 -> 44540 | G3: =F3+1 -> 44541 | H3: =G3+1 -> 44542
A4: Pivô | B4: =TEXT(B3,"ddd") -> seg | C4: =TEXT(C3,"ddd") -> ter | D4: =TEXT(D3,"ddd") -> qua | E4: =TEXT(E3,"ddd") -> qui | F4: =TEXT(F3,"ddd") -> sex | G4: =TEXT(G3,"ddd") -> sáb | H4: =TEXT(H3,"ddd") -> dom | K4: Parametros
A5: 1 | K5: Feito | L5: =COUNTIF($B$5:$I$60,K5) -> 0
A6: 2 | K6: Mecânico | L6: =COUNTIF($B$5:$I$60,K6) -> 0
A7: 3 | K7: Elétrico | L7: =COUNTIF($B$5:$I$60,K7) -> 0
A8: 4 | K8: Energia | L8: =COUNTIF($B$5:$I$60,K8) -> 0
A9: 5 | K9: Chuva | L9: =COUNTIF($B$5:$I$60,K9) -> 0
A10: 6 | K10: Operação | L10: =COUNTIF($B$5:$I$60,K10) -> 0
A11: 7 | L11: =SUM(L5:L10) -> 0
A12: 8
A13: 9
A14: 10
A15: 11
A16: 12
A17: 13
A18: 14
A19: 15
A20: 16
A21: 17
A22: 18
A23: 19
... A62: 74

Sheet 03 01 2022
B3: 44564 | C3: =B3+1 -> 44565 | D3: =C3+1 -> 44566 | E3: =D3+1 -> 44567 | F3: =E3+1 -> 44568 | G3: =F3+1 -> 44569 | H3: =G3+1 -> 44570
A4: Pivô | B4: =TEXT(B3,"ddd") -> seg | C4: =TEXT(C3,"ddd") -> ter | D4: =TEXT(D3,"ddd") -> qua | E4: =TEXT(E3,"ddd") -> qui | F4: =TEXT(F3,"ddd") -> sex | G4: =TEXT(G3,"ddd") -> sáb | H4: =TEXT(H3,"ddd") -> dom | K4: Parametros
A5: 1 | K5: Feito | L5: =COUNTIF($B$5:$I$60,K5) -> 3
A6: 2 | K6: Mecânico | L6: =COUNTIF($B$5:$I$60,K6) -> 0
A7: 3 | K7: Elétrico | L7: =COUNTIF($B$5:$I$60,K7) -> 2
A8: 4 | K8: Energia | L8: =COUNTIF($B$5:$I$60,K8) -> 0
A9: 5 | K9: Chuva | L9: =COUNTIF($B$5:$I$60,K9) -> 0
A10: 6 | K10: Operação | L10: =COUNTIF($B$5:$I$60,K10) -> 0
A11: 7 | L11: =SUM(L5:L10) -> 5
A12: 8
A13: 9
A14: 10
A15: 11
A16: 12
A17: 13
A18: 14
A19: 15
A20: 16
A21: 17
A22: 18
A23: 19
A24: 20 | E24: Elétrico | F24: Feito
A25: 21
A26: 22
A27: 23
A28: 24 | E28: Elétrico
A29: 25
A30: 26
A31: 27
A32: 28
A33: 29
A34: 30 | E34: Feito | F34: Feito
A35: 31
A36: 32
A37: 33
A38: 34
A39: 35
A40: 36
A41: 37
A42: 38
A43: 39
A44: 40
A45: 41
A46: 42
... A62: 74

Sheet 10 01 2022 
B3: 44571 | C3: =B3+1 -> 44572 | D3: =C3+1 -> 44573 | E3: =D3+1 -> 44574 | F3: =E3+1 -> 44575 | G3: =F3+1 -> 44576 | H3: =G3+1 -> 44577
A4: Pivô | B4: =TEXT(B3,"ddd") -> seg | C4: =TEXT(C3,"ddd") -> ter | D4: =TEXT(D3,"ddd") -> qua | E4: =TEXT(E3,"ddd") -> qui | F4: =TEXT(F3,"ddd") -> sex | G4: =TEXT(G3,"ddd") -> sáb | H4: =TEXT(H3,"ddd") -> dom | K4: Parametros
A5: 1 | H5: Mecânico | K5: Feito | L5: =COUNTIF($B$5:$I$60,K5) -> 5
A6: 2 | K6: Mecânico | L6: =COUNTIF($B$5:$I$60,K6) -> 1
A7: 3 | K7: Elétrico | L7: =COUNTIF($B$5:$I$60,K7) -> 0
A8: 4 | K8: Energia | L8: =COUNTIF($B$5:$I$60,K8) -> 0
A9: 5 | K9: Chuva | L9: =COUNTIF($B$5:$I$60,K9) -> 0
A10: 6 | K10: Operação | L10: =COUNTIF($B$5:$I$60,K10) -> 2
A11: 7 | L11: =SUM(L5:L10) -> 8
A12: 8
A13: 9
A14: 10
A15: 11
A16: 12
A17: 13
A18: 14
A19: 15
A20: 16
A21: 17
A22: 18
A23: 19
... A26: 22
A27: 23 | G27: Feito | H27: Feito
A28: 24 | G28: Operação
A29: 25
A30: 26 | H30: Operação
A31: 27
A32: 28 | G32: Feito
A33: 29
A34: 30
A35: 31
A36: 32
A37: 33 | G37: Feito
A38: 34
A39: 35
A40: 36
A41: 37
A42: 38
A43: 39
A44: 40
A45: 41
A46: 42
A47: 43 | H47: Feito
A48: 44
A49: 45
A50: 46
A51: 47
A52: 48
A53: 49
A54: 50
A55: 51
A56: 52
A57: 53
A58: 54
A59: 55
... A62: 74

Sheet 17 01 2022
B3: 44578 | C3: =B3+1 -> 44579 | D3: =C3+1 -> 44580 | E3: =D3+1 -> 44581 | F3: =E3+1 -> 44582 | G3: =F3+1 -> 44583 | H3: =G3+1 -> 44584
A4: Pivô | B4: =TEXT(B3,"ddd") -> seg | C4: =TEXT(C3,"ddd") -> ter | D4: =TEXT(D3,"ddd") -> qua | E4: =TEXT(E3,"ddd") -> qui | F4: =TEXT(F3,"ddd") -> sex | G4: =TEXT(G3,"ddd") -> sáb | H4: =TEXT(H3,"ddd") -> dom | K4: Parametros
A5: 1 | B5: Feito | C5: Feito | D5: Feito | E5: Feito | F5: Feito | G5: Feito | H5: Feito | K5: Feito | L5: =COUNTIF($B$5:$I$95,K5) -> 99
A6: 2 | K6: Mecânico | L6: =COUNTIF($B$5:$I$60,K6) -> 11
A7: 3 | K7: Elétrico | L7: =COUNTIF($B$5:$I$60,K7) -> 8
A8: 4 | K8: Energia | L8: =COUNTIF($B$5:$I$60,K8) -> 0
A9: 5 | C9: Feito | E9: Feito | G9: Operação | K9: Chuva | L9: =COUNTIF($B$5:$I$60,K9) -> 5
A10: 6 | B10: Elétrico | E10: Feito | G10: Operação | K10: Operação | L10: =COUNTIF($B$5:$I$60,K10) -> 46
A11: 7 | B11: Operação | F11: Feito | H11: Feito | L11: =SUM(L5:L10) -> 169
A12: 8 | B12: Operação | F12: Feito | H12: Feito
A13: 9 | C13: Feito | F13: Feito | H13: Feito
A14: 10 | C14: Feito | F14: Feito | H14: Feito
A15: 11 | B15: Operação | E15: Operação | G15: Operação
A16: 12 | C16: Operação | E16: Operação | G16: Operação
A17: 13 | B17: Operação | D17: Feito | E17: Operação | F17: Mecânico | H17: Feito
A18: 14 | B18: Operação | C18: Operação | E18: Operação | F18: Mecânico | H18: Mecânico
A19: 15
A20: 16
A21: 17
A22: 18 | C22: Operação | E22: Operação | H22: Feito
A23: 19
A24: 20 | E24: Elétrico | F24: Operação
A25: 21
A26: 22 | B26: Elétrico | D26: Feito | E26: Feito | G26: Feito
A27: 23 | B27: Operação | C27: Operação | D27: Feito | F27: Mecânico | G27: Feito
A28: 24 | F28: Mecânico
A29: 25
A30: 26 | B30: Operação | C30: Operação | D30: Operação | E30: Operação | F30: Mecânico | G30: Feito | H30: Elétrico
A31: 27 | C31: Feito | D31: Feito | E31: Feito | F31: Feito | G31: Feito | H31: Feito
A32: 28 | B32: Operação | F32: Elétrico | G32: Feito
A33: 29 | B33: Feito | D33: Feito | F33: Operação | G33: Feito
A34: 30 | D34: Operação | G34: Feito
A35: 31 | D35: Operação | F35: Mecânico | G35: Mecânico
A36: 32 | C36: Feito | D36: Mecânico | E36: Operação | F36: Mecânico | G36: Feito | H36: Feito
A37: 33 | H37: Operação
A38: 34
A39: 35 | B39: Operação | E39: Operação | G39: Operação
A40: 36 | B40: Operação | E40: Operação | G40: Feito
A41: 37 | C41: Feito | E41: Feito | H41: Feito
A42: 38
A43: 39
A44: 40
A45: 41 | H45: Operação
A46: 42 | D46: Feito | E46: Feito | F46: Feito | G46: Feito | H46: Feito
A47: 43 | D47: Feito | E47: Operação | F47: Operação
A48: 44 | E48: Feito | F48: Feito | G48: Feito | H48: Chuva
A49: 45 | G49: Feito
A50: 46 | B50: Operação | C50: Operação | D50: Operação | E50: Operação | G50: Feito
A51: 47
A52: 48 | C52: Operação | F52: Elétrico | H52: Elétrico
A53: 49 | C53: Operação | H53: Operação
A54: 50 | H54: Chuva
A55: 51 | H55: Feito
A56: 52 | D56: Mecânico | F56: Operação | G56: Feito | H56: Feito
A57: 53 | E57: Feito | H57: Chuva
A58: 54
A59: 55 | F59: Elétrico | G59: Feito | H59: Chuva
A60: 56 | G60: Feito | H60: Chuva
A61: 73
A62: 74 | D62: Feito | E62: Operação | H62: Operação
A63: 101 | F63: Feito | H63: Feito
A64: 102 | E64: Mecânico | F64: Mecânico | G64: Mecânico
A65: 103 | E65: Feito | G65: Feito
A66: 104 | E66: Feito
A67: 105
A68: 106 | D68: Feito | E68: Feito | F68: Feito | G68: Feito | H68: Feito
A69: 107
A70: 108 | D70: Feito | E70: Feito | F70: Feito | H70: Feito
A71: 109 | E71: Feito | F71: Feito | G71: Feito | H71: Feito
A72: 110 | D72: Feito | E72: Feito | F72: Feito | G72: Feito | H72: Feito
A73: 111
A74: 112 | E74: Feito | G74: Feito
A75: 113 | D75: Feito | F75: Feito | G75: Feito | H75: Mecânico
A76: 114 | E76: Feito
A77: 115 | D77: Feito | G77: Mecânico | H77: Mecânico
A78: 116 | E78: Feito | F78: Feito | G78: Mecânico | H78: Mecânico
A79: 117 | F79: Mecânico | G79: Mecânico | H79: Mecânico
A80: 118 | E80: Feito | G80: Mecânico | H80: Mecânico
A81: 119 | F81: Feito | G81: Mecânico | H81: Mecânico
A82: 120
A83: 121
A84: 122
A85: 123
A86: 124
A87: 125
A88: 126
A89: 127
A90: 128 | F90: Mecânico | G90: Mecânico | H90: Mecânico
A91: 129 | F91: Mecânico | G91: Mecânico | H91: Mecânico
A92: 130 | F92: Mecânico | G92: Mecânico | H92: Mecânico
A93: 131
A94: 132
A95: 133

Sheet 24 01 2021
B3: 44585 | C3: =B3+1 -> 44586 | D3: =C3+1 -> 44587 | E3: =D3+1 -> 44588 | F3: =E3+1 -> 44589 | G3: =F3+1 -> 44590 | H3: =G3+1 -> 44591
A4: Pivô | B4: =TEXT(B3,"ddd") -> seg | C4: =TEXT(C3,"ddd") -> ter | D4: =TEXT(D3,"ddd") -> qua | E4: =TEXT(E3,"ddd") -> qui | F4: =TEXT(F3,"ddd") -> sex | G4: =TEXT(G3,"ddd") -> sáb | H4: =TEXT(H3,"ddd") -> dom | K4: Parametros
A5: 1 | C5: Feito | H5: Feito | K5: Feito | L5: =COUNTIF($B$5:$H$95,K5) -> 80
A6: 2 | K6: Mecânico | L6: =COUNTIF($B$5:$H$95,K6) -> 18
A7: 3 | K7: Elétrico | L7: =COUNTIF($B$5:$H$95,K7) -> 24
A8: 4 | K8: Energia | L8: =COUNTIF($B$5:$H$95,K8) -> 0
A9: 5 | B9: Feito | D9: Chuva | G9: Feito | K9: Chuva | L9: =COUNTIF($B$5:$H$95,K9) -> 31
A10: 6 | B10: Feito | D10: Operação | H10: Elétrico | K10: Operação | L10: =COUNTIF($B$5:$H$95,K10) -> 15
A11: 7 | C11: Feito | G11: Feito | L11: =SUM(L5:L10) -> 168
A12: 8 | C12: Feito | H12: Elétrico
A13: 9 | C13: Feito | G13: Feito
A14: 10 | C14: Feito | H14: Feito
A15: 11 | B15: Feito | D15: Elétrico
A16: 12 | B16: Feito | D16: Chuva | H16: Elétrico
A17: 13 | C17: Operação | G17: Feito
A18: 14 | C18: Feito | H18: Feito
A19: 15 | D19: Operação | G19: Elétrico
A20: 16
A21: 17
A22: 18 | F22: Feito
A23: 19 | G23: Feito
A24: 20 | B24: Feito | H24: Feito
A25: 21 | D25: Operação | F25: Elétrico | G25: Feito | H25: Chuva
A26: 22 | H26: Chuva
A27: 23 | C27: Elétrico | D27: Elétrico | G27: Feito
A28: 24 | C28: Operação | H28: Chuva
A29: 25 | H29: Mecânico
A30: 26 | B30: Elétrico | D30: Elétrico | G30: Feito
A31: 27 | B31: Feito | C31: Feito | H31: Feito
A32: 28 | C32: Operação | H32: Chuva
A33: 29 | B33: Feito | D33: Feito | G33: Feito
A34: 30 | B34: Mecânico | C34: Feito | H34: Feito
A35: 31
A36: 32 | B36: Feito | C36: Feito | D36: Chuva | H36: Chuva
A37: 33 | D37: Chuva | H37: Chuva
A38: 34 | B38: Operação | H38: Chuva
A39: 35 | B39: Operação | D39: Chuva | G39: Elétrico | H39: Elétrico
A40: 36 | B40: Operação | D40: Chuva | G40: Elétrico | H40: Elétrico
A41: 37 | C41: Feito | H41: Feito
A42: 38 | D42: Elétrico | F42: Elétrico | H42: Feito
A43: 39 | B43: Chuva | H43: Feito
A44: 40
A45: 41 | C45: Feito | F45: Elétrico | H45: Feito
A46: 42 | B46: Feito | H46: Feito
A47: 43 | B47: Feito | D47: Feito | E47: Feito
A48: 44 | B48: Chuva | H48: Chuva
A49: 45 | B49: Feito | D49: Chuva | H49: Feito
A50: 46 | B50: Chuva | D50: Chuva | H50: Elétrico
A51: 47 | G51: Operação
A52: 48 | C52: Feito | G52: Elétrico | H52: Elétrico
A53: 49 | C53: Operação | G53: Elétrico | H53: Elétrico
A54: 50 | D54: Chuva | F54: Operação | H54: Feito
A55: 51 | D55: Chuva | F55: Operação | H55: Feito
A56: 52 | B56: Chuva | D56: Chuva | H56: Feito
A57: 53 | B57: Chuva | H57: Chuva
A58: 54 | D58: Chuva | H58: Chuva
A59: 55 | B59: Chuva | D59: Chuva | F59: Operação
A60: 56 | B60: Chuva | D60: Chuva | F60: Operação
A61: 73
A62: 74 | H62: Feito
A63: 101 | H63: Feito
A64: 102 | D64: Feito | G64: Feito | H64: Feito
A65: 103
A66: 104
A67: 105 | G67: Mecânico | H67: Feito
A68: 106 | B68: Feito | D68: Feito | H68: Feito
A69: 107 | B69: Feito | G69: Mecânico | H69: Feito
A70: 108 | B70: Feito | D70: Feito | H70: Feito
A71: 109 | D71: Feito
A72: 110 | D72: Feito | H72: Feito
A73: 111
A74: 112 | H74: Feito
A75: 113 | B75: Feito | D75: Feito | G75: Feito | H75: Feito
A76: 114
A77: 115 | B77: Feito | G77: Feito | H77: Feito
A78: 116 | B78: Mecânico | C78: Mecânico
A79: 117 | B79: Mecânico | C79: Mecânico | H79: Feito
A80: 118 | B80: Mecânico | C80: Mecânico | H80: Feito
A81: 119 | B81: Mecânico | C81: Mecânico
A82: 120
A83: 121
A84: 122
A85: 123
A86: 124
A87: 125
A88: 126
A89: 127
A90: 128 | B90: Mecânico | C90: Mecânico | G90: Elétrico | H90: Feito
A91: 129 | B91: Mecânico | C91: Mecânico
A92: 130 | B92: Mecânico | C92: Mecânico | G92: Elétrico | H92: Feito
A93: 131
A94: 132
A95: 133

Sheet 31 01 2021
B3: 44592 | C3: =B3+1 -> 44593 | D3: =C3+1 -> 44594 | E3: =D3+1 -> 44595 | F3: =E3+1 -> 44596 | G3: =F3+1 -> 44597 | H3: =G3+1 -> 44598
A4: Pivô | B4: =TEXT(B3,"ddd") -> seg | C4: =TEXT(C3,"ddd") -> ter | D4: =TEXT(D3,"ddd") -> qua | E4: =TEXT(E3,"ddd") -> qui | F4: =TEXT(F3,"ddd") -> sex | G4: =TEXT(G3,"ddd") -> sáb | H4: =TEXT(H3,"ddd") -> dom | K4: Parametros
A5: 1 | B5: Operação | D5: Chuva | K5: Feito | L5: =COUNTIF($B$5:$H$95,K5) -> 111
A6: 2 | C6: Feito | K6: Mecânico | L6: =COUNTIF($B$5:$H$95,K6) -> 7
A7: 3 | K7: Elétrico | L7: =COUNTIF($B$5:$H$95,K7) -> 35
A8: 4 | C8: Feito | K8: Energia | L8: =COUNTIF($B$5:$H$95,K8) -> 0
A9: 5 | B9: Feito | D9: Chuva | K9: Chuva | L9: =COUNTIF($B$5:$H$95,K9) -> 16
A10: 6 | G10: Feito | K10: Operação | L10: =COUNTIF($B$5:$H$95,K10) -> 8
A11: 7 | B11: Feito | D11: Chuva | L11: =SUM(L5:L10) -> 177
A12: 8 | B12: Elétrico | C12: Elétrico | D12: Elétrico | E12: Elétrico | F12: Elétrico | G12: Elétrico | H12: Elétrico
A13: 9 | B13: Feito | D13: Chuva
A14: 10 | C14: Feito | G14: Feito
A15: 11 | B15: Feito
A16: 12 | B16: Elétrico | C16: Elétrico | D16: Elétrico | E16: Elétrico | F16: Elétrico | G16: Elétrico | H16: Elétrico
A17: 13 | B17: Elétrico | D17: Feito
A18: 14 | C18: Feito
A19: 15 | B19: Feito | C19: Mecânico | D19: Feito | G19: Chuva
A20: 16 | G20: Mecânico | H20: Mecânico
A21: 17 | B21: Feito | C21: Feito | D21: Feito | F21: Feito
A22: 18 | C22: Feito
A23: 19 | B23: Feito | C23: Feito | D23: Feito | F23: Feito | G23: Feito
A24: 20 | D24: Chuva
A25: 21 | B25: Feito | C25: Feito | D25: Chuva | G25: Feito
A26: 22 | D26: Chuva
A27: 23 | C27: Feito
A28: 24 | D28: Chuva
A29: 25 | B29: Mecânico | C29: Feito | D29: Operação | E29: Feito | F29: Feito | G29: Elétrico
A30: 26 | B30: Operação | C30: Feito
A31: 27 | D31: Feito
A32: 28 | D32: Chuva
A33: 29 | B33: Feito | D33: Feito | G33: Feito
A34: 30 | D34: Feito
A35: 31 | B35: Feito
A36: 32 | D36: Elétrico
A37: 33 | B37: Feito
A38: 34 | B38: Mecânico | C38: Feito
A39: 35 | B39: Elétrico | D39: Chuva
A40: 36 | B40: Elétrico | C40: Elétrico | D40: Elétrico | E40: Elétrico | G40: Feito
A41: 37 | C41: Feito
A42: 38 | B42: Feito | C42: Feito | F42: Operação
A43: 39 | B43: Feito | C43: Feito
A44: 40
A45: 41 | B45: Mecânico | C45: Mecânico
A46: 42 | D46: Feito
A47: 43 | B47: Elétrico
A48: 44 | F48: Operação
A49: 45 | B49: Feito | C49: Feito
A50: 46
A51: 47 | B51: Elétrico | C51: Elétrico | D51: Elétrico
A52: 48 | D52: Chuva | E52: Elétrico | F52: Operação
A53: 49 | B53: Elétrico | C53: Elétrico | D53: Elétrico | E53: Elétrico | F53: Elétrico
A54: 50 | B54: Feito | C54: Elétrico
A55: 51 | B55: Feito | C55: Feito
A56: 52 | C56: Elétrico
A57: 53 | D57: Chuva
A58: 54 | B58: Feito
A59: 55 | B59: Feito | C59: Feito | D59: Elétrico
A60: 56 | B60: Feito | C60: Feito | D60: Chuva
A61: 73 | G61: Chuva
A62: 74 | C62: Feito | G62: Feito
A63: 101 | G63: Feito
A64: 102 | B64: Feito | C64: Feito | E64: Feito | H64: Feito
A65: 103 | G65: Feito
A66: 104 | C66: Feito | F66: Feito
A67: 105 | B67: Feito | C67: Feito | D67: Feito | E67: Feito | F67: Feito | G67: Feito
A68: 106 | B68: Feito | D68: Feito | E68: Feito | F68: Feito | H68: Feito
A69: 107 | C69: Feito | D69: Feito | E69: Feito | F69: Feito | G69: Feito
A70: 108 | D70: Feito | G70: Feito
A71: 109 | B71: Feito | E71: Feito | H71: Feito
A72: 110 | D72: Feito | G72: Feito
A73: 111
A74: 112 | E74: Feito
A75: 113 | B75: Feito | C75: Feito | D75: Feito | E75: Feito | G75: Feito | H75: Chuva
A76: 114 | B76: Feito | H76: Operação
A77: 115 | B77: Feito | C77: Feito | D77: Feito | E77: Feito | F77: Feito | G77: Feito | H77: Feito
A78: 116 | D78: Feito | H78: Feito
A79: 117
A80: 118 | F80: Operação | H80: Feito
A81: 119 | D81: Feito
A82: 120
A83: 121
A84: 122
A85: 123
A86: 124
A87: 125
A88: 126
A89: 127
A90: 128 | B90: Feito
A91: 129
A92: 130 | B92: Feito | C92: Feito | E92: Feito
A93: 131
A94: 132
A95: 133

Sheet 07 02 2022
B3: 44599 | C3: =B3+1 -> 44600 | D3: =C3+1 -> 44601 | E3: =D3+1 -> 44602 | F3: =E3+1 -> 44603 | G3: =F3+1 -> 44604 | H3: =G3+1 -> 44605
A4: Pivô | B4: =TEXT(B3,"ddd") -> seg | C4: =TEXT(C3,"ddd") -> ter | D4: =TEXT(D3,"ddd") -> qua | E4: =TEXT(E3,"ddd") -> qui | F4: =TEXT(F3,"ddd") -> sex | G4: =TEXT(G3,"ddd") -> sáb | H4: =TEXT(H3,"ddd") -> dom | K4: Parametros
A5: 1 | K5: Feito | L5: =COUNTIF($B$5:$H$95,K5) -> 8
A6: 2 | K6: Mecânico | L6: =COUNTIF($B$5:$H$95,K6) -> 3
A7: 3 | K7: Elétrico | L7: =COUNTIF($B$5:$H$95,K7) -> 2
A8: 4 | K8: Energia | L8: =COUNTIF($B$5:$H$95,K8) -> 0
A9: 5 | K9: Chuva | L9: =COUNTIF($B$5:$H$95,K9) -> 1
A10: 6 | K10: Operação | L10: =COUNTIF($B$5:$H$95,K10) -> 8
A11: 7 | L11: =SUM(L5:L10) -> 22
A12: 8
A13: 9
A14: 10
A15: 11
A16: 12
A17: 13
A18: 14
A19: 15
A20: 16 | B20: Mecânico | C20: Mecânico | D20: Mecânico
A21: 17
A22: 18
A23: 19
A24: 20
A25: 21
A26: 22
A27: 23
A28: 24
A29: 25
A30: 26 | F30: Feito
A31: 27 | F31: Feito
A32: 28
A33: 29
A34: 30
A35: 31
A36: 32 | B36: Operação | C36: Operação | D36: Elétrico
A37: 33 | F37: Operação
A38: 34
A39: 35
A40: 36
A41: 37
A42: 38 | B42: Feito
A43: 39 | C43: Operação
A44: 40 | B44: Chuva
A45: 41
A46: 42
A47: 43
A48: 44 | B48: Operação
A49: 45
A50: 46
A51: 47
A52: 48
A53: 49
A54: 50
A55: 51
A56: 52
A57: 53 | E57: Feito | F57: Feito
A58: 54
A59: 55
A60: 56
A61: 73
A62: 74
A63: 101 | B63: Operação
A64: 102 | C64: Operação
A65: 103 | D65: Operação
A66: 104 | E66: Feito
A67: 105
A68: 106
A69: 107
A70: 108
A71: 109
A72: 110 | F72: Elétrico
A73: 111
A74: 112
A75: 113 | B75: Feito
A76: 114
A77: 115 | B77: Feito
A78: 116
A79: 117
A80: 118
A81: 119
A82: 120
A83: 121
A84: 122
A85: 123
A86: 124
A87: 125
A88: 126
A89: 127
... A95: 133

Sheet 14 02 2022
B3: 44606 | C3: =B3+1 -> 44607 | D3: =C3+1 -> 44608 | E3: =D3+1 -> 44609 | F3: =E3+1 -> 44610 | G3: =F3+1 -> 44611 | H3: =G3+1 -> 44612
A4: Pivô | B4: =TEXT(B3,"ddd") -> seg | C4: =TEXT(C3,"ddd") -> ter | D4: =TEXT(D3,"ddd") -> qua | E4: =TEXT(E3,"ddd") -> qui | F4: =TEXT(F3,"ddd") -> sex | G4: =TEXT(G3,"ddd") -> sáb | H4: =TEXT(H3,"ddd") -> dom | K4: Parametros
A5: 1 | K5: Feito | L5: =COUNTIF($B$5:$H$95,K5) -> 10
A6: 2 | B6: Feito | C6: Mecânico | D6: Chuva | F6: Chuva | K6: Mecânico | L6: =COUNTIF($B$5:$H$95,K6) -> 1
A7: 3 | K7: Elétrico | L7: =COUNTIF($B$5:$H$95,K7) -> 0
A8: 4 | K8: Energia | L8: =COUNTIF($B$5:$H$95,K8) -> 0
A9: 5 | K9: Chuva | L9: =COUNTIF($B$5:$H$95,K9) -> 4
A10: 6 | K10: Operação | L10: =COUNTIF($B$5:$H$95,K10) -> 3
A11: 7 | L11: =SUM(L5:L10) -> 18
A12: 8
A13: 9
A14: 10
A15: 11
A16: 12
A17: 13
A18: 14
A19: 15
A20: 16
A21: 17
A22: 18
A23: 19
... A33: 29
A34: 30 | B34: Operação | C34: Operação
A35: 31 | D35: Feito | E35: Feito
A36: 32
A37: 33
A38: 34 | F38: Feito
A39: 35
A40: 36
A41: 37
A42: 38
A43: 39
A44: 40
A45: 41
A46: 42
A47: 43
A48: 44
A49: 45
A50: 46
... A66: 104
A67: 105 | D67: Feito
A68: 106 | B68: Feito
A69: 107 | E69: Feito
A70: 108 | C70: Feito
A71: 109 | F71: Feito
A72: 110
A73: 111
A74: 112
A75: 113 | B75: Operação | C75: Chuva | D75: Chuva
A76: 114
A77: 115 | F77: Feito
A78: 116
A79: 117
A80: 118
A81: 119
A82: 120
A83: 121
A84: 122
A85: 123
A86: 124
A87: 125
A88: 126
A89: 127
... A95: 133

Sheet 21 02 2022
A1: Atendimento de irrigação - (Planejando vs Executado) - Semana 21/02/2022
A3: Data | B3: 44613 | C3: =B3+1 -> 44614 | D3: =C3+1 -> 44615 | E3: =D3+1 -> 44616 | F3: =E3+1 -> 44617 | G3: =F3+1 -> 44618 | H3: =G3+1 -> 44619
A4: Pivô | B4: =TEXT(B3,"ddd") -> seg | C4: =TEXT(C3,"ddd") -> ter | D4: =TEXT(D3,"ddd") -> qua | E4: =TEXT(E3,"ddd") -> qui | F4: =TEXT(F3,"ddd") -> sex | G4: =TEXT(G3,"ddd") -> sáb | H4: =TEXT(H3,"ddd") -> dom | K4: Parametros
A5: 1 | B5: Feito | C5: Feito | G5: Feito | K5: Feito | L5: =COUNTIF($B$5:$H$95,K5) -> 79 | M5: =L5/$L$11 -> 0.69298246
A6: 2 | D6: Feito | E6: Feito | F6: Feito | G6: Feito | H6: Feito | K6: Mecânico | L6: =COUNTIF($B$5:$H$95,K6) -> 9 | M6: =L6/$L$11 -> 0.078947368
A7: 3 | G7: Feito | H7: Feito | K7: Elétrico | L7: =COUNTIF($B$5:$H$95,K7) -> 16 | M7: =L7/$L$11 -> 0.14035088
A8: 4 | K8: Energia | L8: =COUNTIF($B$5:$H$95,K8) -> 1 | M8: =L8/$L$11 -> 0.0087719298
A9: 5 | H9: Feito | K9: Chuva | L9: =COUNTIF($B$5:$H$95,K9) -> 1 | M9: =L9/$L$11 -> 0.0087719298
A10: 6 | H10: Feito | K10: Operação | L10: =COUNTIF($B$5:$H$95,K10) -> 8 | M10: =L10/$L$11 -> 0.070175439
A11: 7 | H11: Feito | K11: Total | L11: =SUM(L5:L10) -> 114
A12: 8
A13: 9 | F13: Feito
A14: 10
A15: 11 | F15: Elétrico
A16: 12
A17: 13 | F17: Feito | H17: Feito
A18: 14 | G18: Elétrico | H18: Elétrico
A19: 15 | E19: Feito
A20: 16 | F20: Mecânico | G20: Mecânico | H20: Mecânico
A21: 17 | F21: Feito
A22: 18 | H22: Elétrico
A23: 19 | G23: Feito
A24: 20 | F24: Elétrico
A25: 21 | G25: Feito
A26: 22 | C26: Operação | D26: Feito | H26: Feito
A27: 23 | F27: Elétrico | G27: Feito
A28: 24 | H28: Elétrico
A29: 25 | E29: Feito | F29: Feito | G29: Feito | H29: Feito
A30: 26 | H30: Elétrico
A31: 27 | G31: Feito
A32: 28 | E32: Operação | F32: Operação | G32: Feito | H32: Feito
A33: 29 | E33: Feito | F33: Feito | G33: Feito | H33: Feito
A34: 30 | F34: Feito
A35: 31 | G35: Feito
A36: 32 | H36: Operação
A37: 33 | F37: Mecânico
A38: 34 | B38: Operação | C38: Energia | G38: Feito
A39: 35
A40: 36
A41: 37 | H41: Feito
A42: 38 | C42: Feito | G42: Mecânico | H42: Mecânico
A43: 39 | H43: Feito
A44: 40
A45: 41 | C45: Chuva | H45: Feito
A46: 42 | E46: Mecânico
A47: 43 | E47: Feito | G47: Feito
A48: 44 | F48: Elétrico
A49: 45 | F49: Feito | H49: Feito
A50: 46 | G50: Feito
A51: 47
A52: 48
A53: 49
A54: 50 | F54: Feito
A55: 51 | G55: Feito
A56: 52 | F56: Elétrico | G56: Elétrico | H56: Elétrico
A57: 53 | F57: Feito | G57: Feito
A58: 54 | B58: Elétrico | C58: Operação | D58: Feito | H58: Feito
A59: 55 | B59: Elétrico | F59: Feito | H59: Elétrico
A60: 56 | E60: Operação | G60: Feito
A61: 73 | F61: Feito | H61: Operação
A62: 74 | G62: Elétrico
A63: 101 | F63: Feito
A64: 102 | G64: Feito
A65: 103 | G65: Feito
A66: 104 | F66: Feito
A67: 105 | G67: Feito
A68: 106 | E68: Feito | G68: Feito | H68: Feito
A69: 107 | F69: Feito
A70: 108 | G70: Feito
A71: 109 | H71: Feito
A72: 110 | F72: Feito
A73: 111
A74: 112 | G74: Feito
A75: 113 | C75: Mecânico | D75: Mecânico | F75: Feito
A76: 114 | H76: Feito
A77: 115 | C77: Feito | F77: Feito
A78: 116 | F78: Feito
A79: 117 | G79: Feito
A80: 118 | H80: Feito
A81: 119 | F81: Feito
A82: 120
A83: 121
A84: 122
A85: 123
A86: 124
A87: 125
A88: 126
A89: 127
A90: 128 | D90: Feito
A91: 129
A92: 130 | E92: Feito | H92: Feito
A93: 131
A94: 132
A95: 133

Sheet 28 02 2022
A1: Atendimento de irrigação - (Planejando vs Executado) - Semana 21/02/2022
A3: Data | B3: 44620 | C3: =B3+1 -> 44621 | D3: =C3+1 -> 44622 | E3: =D3+1 -> 44623 | F3: =E3+1 -> 44624 | G3: =F3+1 -> 44625 | H3: =G3+1 -> 44626
A4: Pivô | B4: =TEXT(B3,"ddd") -> seg | C4: =TEXT(C3,"ddd") -> ter | D4: =TEXT(D3,"ddd") -> qua | E4: =TEXT(E3,"ddd") -> qui | F4: =TEXT(F3,"ddd") -> sex | G4: =TEXT(G3,"ddd") -> sáb | H4: =TEXT(H3,"ddd") -> dom | J4: Parametros
A5: 1 | C5: Feito | E5: Chuva | G5: Feito | J5: Feito | K5: =COUNTIF($B$5:$H$95,J5) -> 137 | L5: =K5/$K$11 -> 0.68159204
A6: 2 | B6: Feito | C6: Feito | D6: Feito | E6: Chuva | G6: Feito | J6: Mecânico | K6: =COUNTIF($B$5:$H$95,J6) -> 17 | L6: =K6/$K$11 -> 0.084577114
A7: 3 | B7: Feito | C7: Feito | D7: Feito | E7: Feito | F7: Feito | G7: Feito | H7: Feito | J7: Elétrico | K7: =COUNTIF($B$5:$H$95,J7) -> 14 | L7: =K7/$K$11 -> 0.069651741
A8: 4 | J8: Energia | K8: =COUNTIF($B$5:$H$95,J8) -> 0 | L8: =K8/$K$11 -> 0
A9: 5 | D9: Mecânico | J9: Chuva | K9: =COUNTIF($B$5:$H$95,J9) -> 17 | L9: =K9/$K$11 -> 0.084577114
A10: 6 | D10: Feito | J10: Operação | K10: =COUNTIF($B$5:$H$95,J10) -> 16 | L10: =K10/$K$11 -> 0.07960199
A11: 7 | D11: Feito | J11: Total | K11: =SUM(K5:K10) -> 201
A12: 8
A13: 9
A14: 10
A15: 11
A16: 12
A17: 13 | C17: Feito | E17: Feito
A18: 14 | B18: Feito | D18: Elétrico
A19: 15 | B19: Feito | E19: Chuva
A20: 16 | B20: Mecânico | C20: Mecânico | D20: Mecânico | E20: Chuva | H20: Feito
A21: 17 | B21: Feito | E21: Chuva | H21: Feito
A22: 18 | D22: Feito | E22: Feito | F22: Feito
A23: 19 | C23: Feito | E23: Feito | H23: Feito
A24: 20 | C24: Feito | D24: Feito | E24: Chuva
A25: 21 | B25: Feito | E25: Chuva | H25: Feito
A26: 22 | D26: Operação | G26: Operação
A27: 23 | B27: Feito | E27: Chuva
A28: 24 | D28: Feito
A29: 25 | B29: Elétrico | C29: Mecânico | D29: Feito | E29: Chuva | F29: Feito | G29: Feito | H29: Feito
A30: 26 | D30: Feito | G30: Feito
A31: 27 | C31: Operação | D31: Feito | H31: Feito
A32: 28 | B32: Feito | E32: Chuva
A33: 29 | B33: Feito | C33: Feito | D33: Feito | E33: Chuva | F33: Feito | G33: Feito | H33: Feito
A34: 30 | B34: Elétrico | C34: Elétrico | D34: Mecânico | E34: Mecânico | G34: Feito
A35: 31 | C35: Feito | H35: Feito
A36: 32 | B36: Operação | C36: Mecânico | D36: Operação | G36: Feito | H36: Feito
A37: 33 | B37: Feito | E37: Chuva | G37: Elétrico | H37: Elétrico
A38: 34 | B38: Operação | C38: Operação | D38: Operação | E38: Operação | F38: Operação | G38: Feito
A39: 35 | H39: Feito
A40: 36
A41: 37 | E41: Feito | H41: Feito
A42: 38 | C42: Feito | H42: Feito
A43: 39 | D43: Feito
A44: 40 | B44: Feito | E44: Chuva
A45: 41 | D45: Mecânico | G45: Elétrico
A46: 42 | B46: Feito | E46: Chuva
A47: 43 | C47: Feito | G47: Elétrico
A48: 44 | B48: Feito | E48: Feito
A49: 45 | C49: Feito | E49: Chuva | G49: Feito
A50: 46 | B50: Feito | D50: Feito | H50: Feito
A51: 47
A52: 48
A53: 49
A54: 50 | C54: Feito | E54: Chuva | H54: Feito
A55: 51 | B55: Feito | G55: Elétrico
A56: 52 | B56: Elétrico | D56: Feito | E56: Chuva | G56: Feito
A57: 53 | B57: Feito | E57: Feito
A58: 54 | D58: Feito | H58: Feito
A59: 55 | D59: Feito | G59: Mecânico
A60: 56 | C60: Feito | D60: Feito
A61: 73 | C61: Feito | E61: Feito | G61: Feito
A62: 74 | B62: Feito | D62: Operação | H62: Operação
A63: 101 | B63: Feito | E63: Feito | G63: Feito
A64: 102 | C64: Feito | F64: Elétrico | H64: Feito
A65: 103 | C65: Feito | F65: Elétrico | H65: Feito
A66: 104 | B66: Feito | E66: Feito | F66: Elétrico | H66: Feito
A67: 105 | C67: Feito | F67: Feito
A68: 106 | B68: Feito | D68: Feito | F68: Feito | G68: Feito | H68: Feito
A69: 107 | B69: Feito | E69: Feito | G69: Feito
A70: 108 | C70: Feito | F70: Feito
A71: 109 | D71: Feito | G71: Feito
A72: 110 | B72: Feito | E72: Elétrico
A73: 111
A74: 112 | B74: Operação | C74: Feito | D74: Feito | E74: Feito | F74: Operação
A75: 113 | B75: Operação | C75: Feito | E75: Feito | H75: Feito
A76: 114 | D76: Feito | F76: Feito
A77: 115 | B77: Feito | D77: Feito | G77: Feito
A78: 116 | B78: Feito | E78: Operação | F78: Feito
A79: 117 | C79: Feito | F79: Mecânico | H79: Feito
A80: 118 | D80: Feito | F80: Feito
A81: 119 | B81: Feito | E81: Feito | H81: Feito
A82: 120
A83: 121
A84: 122
A85: 123
A86: 124
A87: 125
A88: 126
A89: 127
A90: 128 | C90: Feito | F90: Mecânico | H90: Feito
A91: 129 | B91: Mecânico | C91: Mecânico | D91: Mecânico | E91: Mecânico | F91: Mecânico
A92: 130 | D92: Feito | G92: Feito
A93: 131
A94: 132
A95: 133

Sheet 07 03 2022
A1: Atendimento de irrigação - (Planejando vs Executado) - Semana 21/02/2022
A3: Data | B3: 44627 | C3: =B3+1 -> 44628 | D3: =C3+1 -> 44629 | E3: =D3+1 -> 44630 | F3: =E3+1 -> 44631 | G3: =F3+1 -> 44632 | H3: =G3+1 -> 44633
A4: Pivô | B4: =TEXT(B3,"ddd") -> seg | C4: =TEXT(C3,"ddd") -> ter | D4: =TEXT(D3,"ddd") -> qua | E4: =TEXT(E3,"ddd") -> qui | F4: =TEXT(F3,"ddd") -> sex | G4: =TEXT(G3,"ddd") -> sáb | H4: =TEXT(H3,"ddd") -> dom | J4: Parametros
A5: 1 | C5: Operação | D5: Feito | F5: Feito | J5: Feito | K5: =COUNTIF($B$5:$H$95,J5) -> 149 | L5: =K5/$K$11 -> 0.80540541
A6: 2 | B6: Feito | D6: Feito | E6: Feito | G6: Feito | J6: Mecânico | K6: =COUNTIF($B$5:$H$95,J6) -> 10 | L6: =K6/$K$11 -> 0.054054054
A7: 3 | B7: Feito | D7: Feito | F7: Operação | G7: Feito | H7: Feito | J7: Elétrico | K7: =COUNTIF($B$5:$H$95,J7) -> 7 | L7: =K7/$K$11 -> 0.037837838
A8: 4 | B8: Feito | C8: Feito | D8: Operação | E8: Feito | F8: Feito | G8: Feito | H8: Feito | J8: Energia | K8: =COUNTIF($B$5:$H$95,J8) -> 0 | L8: =K8/$K$11 -> 0
A9: 5 | J9: Chuva | K9: =COUNTIF($B$5:$H$95,J9) -> 0 | L9: =K9/$K$11 -> 0
A10: 6 | J10: Operação | K10: =COUNTIF($B$5:$H$95,J10) -> 19 | L10: =K10/$K$11 -> 0.1027027
A11: 7 | J11: Total | K11: =SUM(K5:K10) -> 185
A12: 8
A13: 9
A14: 10
A15: 11
A16: 12
A17: 13
A18: 14
A19: 15 | B19: Feito | E19: Feito | H19: Feito
A20: 16 | D20: Feito | F20: Feito
A21: 17 | D21: Feito | G21: Feito
A22: 18 | B22: Mecânico | E22: Feito | H22: Feito
A23: 19 | D23: Feito | G23: Feito
A24: 20 | B24: Feito | E24: Feito | H24: Feito
A25: 21 | D25: Feito | G25: Feito
A26: 22 | C26: Feito | F26: Mecânico | H26: Feito
A27: 23 | B27: Feito | E27: Feito | G27: Operação | H27: Feito
A28: 24 | F28: Feito
A29: 25 | B29: Feito | C29: Feito | D29: Mecânico | E29: Mecânico | F29: Feito | G29: Elétrico | H29: Feito
A30: 26 | C30: Operação | D30: Operação | E30: Feito | G30: Operação
A31: 27 | C31: Operação | F31: Elétrico | G31: Feito
A32: 28 | B32: Feito | E32: Operação
A33: 29 | B33: Feito | C33: Feito | D33: Feito | E33: Feito | F33: Feito | G33: Feito | H33: Feito
A34: 30 | H34: Feito
A35: 31 | E35: Operação | F35: Feito | H35: Feito
A36: 32 | C36: Feito | F36: Feito
A37: 33 | B37: Operação | G37: Feito
A38: 34 | C38: Feito | F38: Feito
A39: 35 | D39: Feito
A40: 36
A41: 37 | B41: Feito | E41: Feito | F41: Feito | H41: Feito
A42: 38 | D42: Feito | G42: Feito
A43: 39 | B43: Feito | E43: Feito | H43: Feito
A44: 40 | C44: Feito | F44: Operação
A45: 41 | C45: Feito | F45: Operação
A46: 42 | B46: Feito | D46: Feito | E46: Feito | H46: Feito
A47: 43 | C47: Feito | E47: Feito | G47: Feito
A48: 44 | B48: Elétrico | E48: Feito | H48: Feito
A49: 45 | D49: Feito | G49: Feito
A50: 46 | C50: Feito | E50: Mecânico | G50: Feito
A51: 47 | H51: Feito
A52: 48
A53: 49 | E53: Operação
A54: 50 | D54: Feito | G54: Feito
A55: 51 | C55: Feito | F55: Feito
A56: 52 | B56: Feito | D56: Feito | F56: Feito | H56: Feito
A57: 53 | B57: Feito | E57: Feito | H57: Feito
A58: 54 | D58: Feito | G58: Feito
A59: 55 | C59: Feito | F59: Feito
A60: 56 | B60: Feito | E60: Feito | H60: Feito
A61: 73 | B61: Feito | D61: Feito
A62: 74 | C62: Operação | E62: Operação | G62: Feito
A63: 101 | C63: Feito | F63: Feito
A64: 102 | D64: Operação | G64: Feito
A65: 103 | D65: Elétrico | G65: Feito
A66: 104 | D66: Feito | G66: Feito
A67: 105 | B67: Feito | E67: Feito | H67: Feito
A68: 106 | C68: Feito | E68: Feito | F68: Feito | G68: Feito
A69: 107 | C69: Feito | E69: Feito | F69: Feito
A70: 108 | B70: Feito | H70: Feito
A71: 109 | C71: Elétrico | D71: Elétrico | F71: Feito
A72: 110 | B72: Feito | E72: Feito | G72: Feito | H72: Feito
A73: 111
A74: 112 | B74: Feito | F74: Feito
A75: 113 | C75: Feito | D75: Operação | E75: Operação | H75: Feito
A76: 114 | B76: Feito | E76: Feito | H76: Feito
A77: 115 | C77: Feito | F77: Feito
A78: 116 | B78: Feito | D78: Mecânico | H78: Feito
A79: 117 | D79: Feito
A80: 118 | B80: Feito | E80: Feito
A81: 119 | E81: Mecânico | F81: Feito | H81: Feito
A82: 120
A83: 121
A84: 122
A85: 123
A86: 124
A87: 125
A88: 126
A89: 127
A90: 128 | B90: Feito | D90: Mecânico
A91: 129 | C91: Elétrico | D91: Feito | E91: Mecânico
A92: 130 | C92: Feito | F92: Mecânico
A93: 131
A94: 132
A95: 133

Sheet 14 03 2022
A1: Atendimento de irrigação - (Planejando vs Executado) - Semana 14/03/2022
A3: Data | B3: 44634 | C3: =B3+1 -> 44635 | D3: =C3+1 -> 44636 | E3: =D3+1 -> 44637 | F3: =E3+1 -> 44638 | G3: =F3+1 -> 44639 | H3: =G3+1 -> 44640
A4: Pivô | B4: =TEXT(B3,"ddd") -> seg | C4: =TEXT(C3,"ddd") -> ter | D4: =TEXT(D3,"ddd") -> qua | E4: =TEXT(E3,"ddd") -> qui | F4: =TEXT(F3,"ddd") -> sex | G4: =TEXT(G3,"ddd") -> sáb | H4: =TEXT(H3,"ddd") -> dom | J4: Parametros
A5: 1 | B5: Feito | G5: Feito | J5: Feito | K5: =COUNTIF($B$5:$H$95,J5) -> 105 | L5: =K5/$K$11 -> 0.66878981
A6: 2 | B6: Feito | C6: Feito | H6: Feito | J6: Mecânico | K6: =COUNTIF($B$5:$H$95,J6) -> 18 | L6: =K6/$K$11 -> 0.11464968
A7: 3 | B7: Feito | C7: Feito | D7: Feito | G7: Operação | J7: Elétrico | K7: =COUNTIF($B$5:$H$95,J7) -> 13 | L7: =K7/$K$11 -> 0.082802548
A8: 4 | B8: Feito | C8: Feito | D8: Feito | G8: Feito | H8: Feito | J8: Energia | K8: =COUNTIF($B$5:$H$95,J8) -> 5 | L8: =K8/$K$11 -> 0.031847134
A9: 5 | J9: Chuva | K9: =COUNTIF($B$5:$H$95,J9) -> 5 | L9: =K9/$K$11 -> 0.031847134
A10: 6 | C10: Elétrico | D10: Elétrico | J10: Operação | K10: =COUNTIF($B$5:$H$95,J10) -> 11 | L10: =K10/$K$11 -> 0.070063694
A11: 7 | J11: Total | K11: =SUM(K5:K10) -> 157
A12: 8
A13: 9
A14: 10
A15: 11
A16: 12
A17: 13
A18: 14
A19: 15 | D19: Feito | H19: Feito
A20: 16 | C20: Feito
A21: 17 | C21: Feito | H21: Feito
A22: 18 | D22: Operação | G22: Feito
A23: 19 | C23: Feito
A24: 20 | D24: Operação | G24: Feito
A25: 21 | H25: Elétrico
A26: 22 | D26: Feito | E26: Operação
A27: 23 | D27: Chuva | G27: Feito
A28: 24 | B28: Feito | H28: Feito
A29: 25 | B29: Feito | C29: Feito | D29: Elétrico | G29: Feito | H29: Feito
A30: 26 | B30: Feito | H30: Elétrico
A31: 27 | G31: Feito
A32: 28 | B32: Feito
A33: 29 | B33: Mecânico | C33: Feito | D33: Chuva | G33: Feito | H33: Feito
A34: 30 | B34: Operação | C34: Feito | G34: Feito
A35: 31 | D35: Chuva
A36: 32 | C36: Feito | E36: Feito | H36: Feito
A37: 33 | B37: Feito | D37: Feito | G37: Operação
A38: 34 | B38: Mecânico | D38: Chuva | H38: Feito
A39: 35 | B39: Elétrico | C39: Elétrico | D39: Elétrico | H39: Mecânico
A40: 36 | B40: Feito
A41: 37 | B41: Feito | C41: Feito | D41: Feito | E41: Feito | G41: Elétrico | H41: Feito
A42: 38 | C42: Feito | H42: Energia
A43: 39 | D43: Chuva
A44: 40 | B44: Feito
A45: 41 | B45: Feito | G45: Feito
A46: 42 | D46: Feito | H46: Energia
A47: 43 | C47: Operação | G47: Feito
A48: 44 | D48: Feito
A49: 45 | B49: Feito | D49: Mecânico | G49: Feito
A50: 46 | B50: Feito | D50: Feito | H50: Energia
A51: 47 | C51: Operação | D51: Mecânico
A52: 48
A53: 49 | C53: Mecânico | H53: Mecânico
A54: 50 | C54: Feito | H54: Energia
A55: 51 | B55: Feito | G55: Elétrico
A56: 52 | C56: Feito | G56: Feito
A57: 53 | D57: Feito | H57: Energia
A58: 54 | C58: Feito | G58: Operação
A59: 55 | B59: Mecânico | C59: Mecânico
A60: 56
A61: 73 | C61: Feito
A62: 74 | B62: Feito | D62: Feito | G62: Operação | H62: Operação
A63: 101 | B63: Feito | D63: Feito | H63: Feito
A64: 102 | C64: Feito | G64: Feito
A65: 103 | C65: Feito | G65: Feito
A66: 104 | B66: Feito | D66: Feito | H66: Feito
A67: 105 | D67: Feito
A68: 106 | B68: Feito | C68: Feito | D68: Feito | G68: Feito
A69: 107 | B69: Feito | H69: Feito
A70: 108 | D70: Feito | G70: Feito
A71: 109 | B71: Feito | H71: Feito
A72: 110 | D72: Feito
A73: 111
A74: 112 | B74: Feito | D74: Mecânico | G74: Feito
A75: 113 | C75: Feito | E75: Feito | G75: Feito | H75: Feito
A76: 114 | D76: Feito
A77: 115 | B77: Elétrico | E77: Feito
A78: 116 | D78: Feito | G78: Elétrico
A79: 117 | B79: Feito | G79: Elétrico
A80: 118 | C80: Mecânico | D80: Mecânico | H80: Mecânico
A81: 119 | D81: Mecânico | E81: Feito
A82: 120
A83: 121
A84: 122
A85: 123
A86: 124
A87: 125
A88: 126
A89: 127
A90: 128 | C90: Mecânico | D90: Mecânico | E90: Feito | H90: Mecânico
A91: 129 | B91: Feito | H91: Mecânico
A92: 130 | B92: Feito
A93: 131
A94: 132
A95: 133

Sheet 21 03 2022
A1: Atendimento de irrigação - (Planejando vs Executado) - Semana 21/03/2022
A3: Data | B3: 44641 | C3: =B3+1 -> 44642 | D3: =C3+1 -> 44643 | E3: =D3+1 -> 44644 | F3: =E3+1 -> 44645 | G3: =F3+1 -> 44646 | H3: =G3+1 -> 44647
A4: Pivô | B4: =TEXT(B3,"ddd") -> seg | C4: =TEXT(C3,"ddd") -> ter | D4: =TEXT(D3,"ddd") -> qua | E4: =TEXT(E3,"ddd") -> qui | F4: =TEXT(F3,"ddd") -> sex | G4: =TEXT(G3,"ddd") -> sáb | H4: =TEXT(H3,"ddd") -> dom | J4: Parametros
A5: 1 | C5: Feito | E5: Feito | F5: Feito | J5: Feito | K5: =COUNTIF($B$5:$H$95,J5) -> 161 | L5: =K5/$K$11 -> 0.82564103
A6: 2 | B6: Feito | C6: Feito | E6: Feito | G6: Feito | J6: Mecânico | K6: =COUNTIF($B$5:$H$95,J6) -> 16 | L6: =K6/$K$11 -> 0.082051282
A7: 3 | B7: Feito | D7: Feito | E7: Feito | G7: Feito | J7: Elétrico | K7: =COUNTIF($B$5:$H$95,J7) -> 6 | L7: =K7/$K$11 -> 0.030769231
A8: 4 | B8: Feito | C8: Feito | D8: Feito | E8: Feito | F8: Feito | G8: Feito | J8: Energia | K8: =COUNTIF($B$5:$H$95,J8) -> 0 | L8: =K8/$K$11 -> 0
A9: 5 | B9: Mecânico | D9: Feito | H9: Feito | J9: Chuva | K9: =COUNTIF($B$5:$H$95,J9) -> 0 | L9: =K9/$K$11 -> 0
A10: 6 | F10: Feito | H10: Feito | J10: Operação | K10: =COUNTIF($B$5:$H$95,J10) -> 12 | L10: =K10/$K$11 -> 0.061538462
A11: 7 | G11: Feito | J11: Total | K11: =SUM(K5:K10) -> 195
A12: 8 | F12: Feito
A13: 9 | G13: Feito
A14: 10
A15: 11
A16: 12
A17: 13
A18: 14
A19: 15 | D19: Feito | G19: Feito
A20: 16 | B20: Elétrico | E20: Mecânico | H20: Feito
A21: 17 | F21: Feito | G21: Feito
A22: 18 | C22: Feito | F22: Feito | H22: Feito
A23: 19 | B23: Feito | E23: Feito
A24: 20 | C24: Feito | F24: Feito | H24: Feito
A25: 21 | D25: Mecânico | F25: Feito | G25: Elétrico
A26: 22 | B26: Feito | E26: Feito | H26: Feito
A27: 23 | C27: Feito | F27: Feito
A28: 24 | D28: Feito | G28: Feito
A29: 25 | B29: Feito | C29: Feito | D29: Feito | E29: Feito | F29: Feito | G29: Mecânico | H29: Feito
A30: 26 | D30: Feito | G30: Feito
A31: 27 | C31: Elétrico | F31: Operação | H31: Feito
A32: 28 | B32: Elétrico | E32: Mecânico | H32: Feito
A33: 29 | B33: Feito | C33: Feito | D33: Feito | E33: Feito | F33: Feito | G33: Feito | H33: Feito
A34: 30 | C34: Feito | F34: Feito
A35: 31 | B35: Elétrico | E35: Feito | H35: Feito
A36: 32 | D36: Feito | G36: Feito
A37: 33 | C37: Feito | F37: Feito
A38: 34 | D38: Feito | F38: Feito | G38: Feito
A39: 35 | C39: Feito | D39: Operação | E39: Feito | F39: Feito | G39: Feito | H39: Feito
A40: 36 | C40: Feito | E40: Feito | H40: Feito
A41: 37 | B41: Feito | C41: Feito | E41: Feito
A42: 38 | D42: Feito | G42: Feito
A43: 39 | C43: Feito | F43: Feito
A44: 40 | B44: Feito | E44: Feito | H44: Feito
A45: 41 | C45: Feito | F45: Feito
A46: 42 | D46: Feito | G46: Feito
A47: 43 | C47: Feito | F47: Operação
A48: 44 | D48: Feito | H48: Feito
A49: 45 | B49: Feito | D49: Operação | F49: Feito | H49: Feito
A50: 46 | C50: Elétrico | E50: Feito | G50: Feito
A51: 47
A52: 48
A53: 49 | C53: Feito | E53: Feito | G53: Feito
A54: 50 | D54: Operação | G54: Feito
A55: 51 | C55: Feito | F55: Feito
A56: 52 | B56: Feito | D56: Feito | F56: Feito | H56: Feito
A57: 53 | D57: Feito | G57: Feito
A58: 54 | B58: Operação | E58: Feito | G58: Feito | H58: Feito
A59: 55 | B59: Feito | C59: Operação | F59: Feito
A60: 56 | B60: Feito | E60: Operação | H60: Feito
A61: 73
A62: 74 | B62: Operação | C62: Operação | F62: Feito | H62: Feito
A63: 101 | D63: Feito | G63: Feito
A64: 102 | C64: Feito | F64: Feito
A65: 103 | C65: Feito | D65: Feito | G65: Feito
A66: 104 | D66: Feito | G66: Feito
A67: 105 | B67: Feito | E67: Feito | H67: Feito
A68: 106 | B68: Feito | E68: Feito | F68: Feito | H68: Feito
A69: 107 | D69: Feito | G69: Feito
A70: 108 | C70: Feito | E70: Feito | F70: Feito | G70: Feito
A71: 109 | D71: Feito | G71: Feito
A72: 110 | B72: Feito | E72: Feito | H72: Feito
A73: 111
A74: 112 | C74: Feito | F74: Feito
A75: 113 | B75: Operação | E75: Feito | G75: Feito
A76: 114 | D76: Feito | G76: Feito
A77: 115 | B77: Feito | C77: Operação | F77: Feito | H77: Feito
A78: 116 | E78: Mecânico
A79: 117 | C79: Mecânico | D79: Mecânico | G79: Mecânico
A80: 118 | F80: Mecânico
A81: 119 | B81: Mecânico | G81: Mecânico
A82: 120
A83: 121
A84: 122
A85: 123
A86: 124
A87: 125
A88: 126
A89: 127
A90: 128 | E90: Mecânico | F90: Mecânico | H90: Mecânico
A91: 129
A92: 130 | C92: Mecânico | D92: Feito
A93: 131
A94: 132
A95: 133

Sheet 28 03 2022
A1: Atendimento de irrigação - (Planejando vs Executado) - Semana 28/03/2022
A3: Data | B3: 44648 | C3: =B3+1 -> 44649 | D3: =C3+1 -> 44650 | E3: =D3+1 -> 44651 | F3: =E3+1 -> 44652 | G3: =F3+1 -> 44653 | H3: =G3+1 -> 44654
A4: Pivô | B4: =TEXT(B3,"ddd") -> seg | C4: =TEXT(C3,"ddd") -> ter | D4: =TEXT(D3,"ddd") -> qua | E4: =TEXT(E3,"ddd") -> qui | F4: =TEXT(F3,"ddd") -> sex | G4: =TEXT(G3,"ddd") -> sáb | H4: =TEXT(H3,"ddd") -> dom | J4: Parametros
A5: 1 | B5: Feito | E5: Feito | H5: Feito | J5: Feito | K5: =COUNTIF($B$5:$H$95,J5) -> 173 | L5: =K5/$K$11 -> 0.84390244
A6: 2 | B6: Feito | D6: Feito | F6: Feito | H6: Feito | J6: Mecânico | K6: =COUNTIF($B$5:$H$95,J6) -> 15 | L6: =K6/$K$11 -> 0.073170732
A7: 3 | C7: Feito | D7: Feito | F7: Feito | J7: Elétrico | K7: =COUNTIF($B$5:$H$95,J7) -> 7 | L7: =K7/$K$11 -> 0.034146341
A8: 4 | B8: Feito | D8: Feito | E8: Feito | G8: Feito | J8: Energia | K8: =COUNTIF($B$5:$H$95,J8) -> 4 | L8: =K8/$K$11 -> 0.019512195
A9: 5 | B9: Elétrico | D9: Feito | E9: Feito | G9: Feito | H9: Feito | J9: Chuva | K9: =COUNTIF($B$5:$H$95,J9) -> 0 | L9: =K9/$K$11 -> 0
A10: 6 | F10: Elétrico | G10: Elétrico | H10: Mecânico | J10: Operação | K10: =COUNTIF($B$5:$H$95,J10) -> 6 | L10: =K10/$K$11 -> 0.029268293
A11: 7 | C11: Feito | E11: Feito | H11: Mecânico | J11: Total | K11: =SUM(K5:K10) -> 205
A12: 8
A13: 9
A14: 10 | E14: Feito
A15: 11
A16: 12
A17: 13
A18: 14
A19: 15 | B19: Feito | C19: Operação | G19: Feito
A20: 16 | D20: Operação | E20: Operação | G20: Feito
A21: 17 | B21: Elétrico | F21: Feito | H21: Feito
A22: 18 | D22: Feito | G22: Mecânico
A23: 19 | B23: Feito | E23: Feito | H23: Feito
A24: 20 | D24: Feito | G24: Feito
A25: 21 | B25: Elétrico | E25: Elétrico | H25: Feito
A26: 22 | D26: Feito | G26: Feito
A27: 23 | B27: Feito | E27: Feito | H27: Feito
A28: 24 | C28: Mecânico | F28: Feito
A29: 25 | B29: Feito | C29: Feito | D29: Feito | E29: Feito | F29: Feito | G29: Feito | H29: Feito
A30: 26 | C30: Mecânico | D30: Feito | F30: Feito
A31: 27 | E31: Feito | G31: Feito
A32: 28 | E32: Feito | G32: Feito
A33: 29 | B33: Feito | C33: Feito | D33: Feito | E33: Feito | F33: Feito | G33: Feito | H33: Feito
A34: 30 | B34: Feito | E34: Feito | H34: Feito
A35: 31 | E35: Feito | G35: Feito
A36: 32 | C36: Mecânico | F36: Feito
A37: 33 | B37: Feito | F37: Feito | H37: Feito
A38: 34 | C38: Mecânico | F38: Feito
A39: 35 | B39: Feito | C39: Feito | E39: Feito | F39: Feito | G39: Feito
A40: 36 | B40: Mecânico | C40: Feito | D40: Feito | E40: Feito | F40: Feito | G40: Feito | H40: Feito
A41: 37 | B41: Feito | E41: Feito | H41: Feito
A42: 38 | C42: Feito | F42: Feito
A43: 39 | B43: Feito | E43: Feito | H43: Feito
A44: 40 | D44: Feito | G44: Feito
A45: 41 | B45: Feito | E45: Feito | H45: Feito
A46: 42 | C46: Feito | F46: Feito
A47: 43 | C47: Feito | F47: Feito
A48: 44 | D48: Feito | G48: Energia
A49: 45 | C49: Feito | E49: Feito | G49: Feito
A50: 46 | B50: Feito | D50: Feito | F50: Feito | H50: Feito
A51: 47
A52: 48
A53: 49 | B53: Feito
A54: 50 | C54: Feito | F54: Operação
A55: 51 | B55: Feito | E55: Feito | H55: Feito
A56: 52 | C56: Feito | E56: Feito | G56: Energia
A57: 53 | B57: Feito | E57: Operação | H57: Feito
A58: 54 | C58: Feito | D58: Feito | G58: Energia
A59: 55 | B59: Elétrico | E59: Feito | H59: Feito
A60: 56 | D60: Feito | G60: Energia
A61: 73
A62: 74
A63: 101 | B63: Feito | E63: Feito | G63: Feito | H63: Feito
A64: 102 | B64: Feito | E64: Feito | H64: Feito
A65: 103 | C65: Feito | F65: Feito | H65: Feito
A66: 104 | C66: Feito | F66: Feito
A67: 105 | D67: Feito | G67: Feito | H67: Feito
A68: 106 | D68: Feito | E68: Feito | F68: Feito | G68: Feito | H68: Feito
A69: 107 | C69: Feito | F69: Feito
A70: 108 | B70: Feito | D70: Feito | E70: Feito | H70: Feito
A71: 109 | C71: Feito | F71: Feito | H71: Feito
A72: 110 | D72: Feito | G72: Feito | H72: Feito
A73: 111
A74: 112 | D74: Feito
A75: 113 | B75: Feito | C75: Feito | D75: Feito | F75: Operação | H75: Feito
A76: 114 | B76: Mecânico | E76: Feito | G76: Feito
A77: 115 | C77: Feito | E77: Feito | F77: Feito | G77: Feito
A78: 116
A79: 117 | C79: Mecânico | G79: Mecânico
A80: 118 | B80: Mecânico | F80: Feito
A81: 119 | D81: Mecânico | H81: Feito
A82: 120
A83: 121
A84: 122
A85: 123
A86: 124
A87: 125
A88: 126 | G88: Feito | H88: Feito
A89: 127 | G89: Feito | H89: Feito
A90: 128 | E90: Mecânico | H90: Feito
A91: 129 | D91: Feito | G91: Feito | H91: Feito
A92: 130 | B92: Feito | E92: Mecânico
A93: 131
A94: 132
A95: 133

Sheet 04 04 2022
A1: Atendimento de irrigação - (Planejando vs Executado) - Semana 04/04/2022
A3: Data | B3: 44655 | C3: =B3+1 -> 44656 | D3: =C3+1 -> 44657 | E3: =D3+1 -> 44658 | F3: =E3+1 -> 44659 | G3: =F3+1 -> 44660 | H3: =G3+1 -> 44661
A4: Pivô | B4: =TEXT(B3,"ddd") -> seg | C4: =TEXT(C3,"ddd") -> ter | D4: =TEXT(D3,"ddd") -> qua | E4: =TEXT(E3,"ddd") -> qui | F4: =TEXT(F3,"ddd") -> sex | G4: =TEXT(G3,"ddd") -> sáb | H4: =TEXT(H3,"ddd") -> dom | J4: Parametros
A5: 1 | C5: Feito | E5: Feito | G5: Feito | J5: Feito | K5: =COUNTIF($B$5:$H$95,J5) -> 209 | L5: =K5/$K$11 -> 0.87447699
A6: 2 | B6: Feito | D6: Feito | E6: Feito | G6: Feito | J6: Mecânico | K6: =COUNTIF($B$5:$H$95,J6) -> 17 | L6: =K6/$K$11 -> 0.071129707
A7: 3 | B7: Feito | E7: Feito | H7: Feito | J7: Elétrico | K7: =COUNTIF($B$5:$H$95,J7) -> 7 | L7: =K7/$K$11 -> 0.029288703
A8: 4 | B8: Feito | D8: Feito | F8: Feito | H8: Feito | J8: Energia | K8: =COUNTIF($B$5:$H$95,J8) -> 0 | L8: =K8/$K$11 -> 0
A9: 5 | B9: Feito | C9: Feito | D9: Feito | E9: Feito | F9: Feito | G9: Feito | H9: Feito | J9: Chuva | K9: =COUNTIF($B$5:$H$95,J9) -> 0 | L9: =K9/$K$11 -> 0
A10: 6 | B10: Mecânico | C10: Mecânico | E10: Feito | F10: Feito | G10: Feito | H10: Feito | J10: Operação | K10: =COUNTIF($B$5:$H$95,J10) -> 6 | L10: =K10/$K$11 -> 0.025104603
A11: 7 | J11: Total | K11: =SUM(K5:K10) -> 239
A12: 8 | E12: Feito
A13: 9
A14: 10
A15: 11 | C15: Elétrico
A16: 12
A17: 13
A18: 14
A19: 15 | B19: Feito | D19: Feito | F19: Feito | H19: Feito
A20: 16 | C20: Feito | E20: Feito | G20: Operação
A21: 17 | B21: Feito | C21: Feito | D21: Feito | F21: Feito | H21: Elétrico
A22: 18 | C22: Feito | E22: Mecânico | G22: Feito
A23: 19 | B23: Feito | D23: Feito | F23: Feito | H23: Feito
A24: 20 | C24: Feito | E24: Feito | G24: Feito
A25: 21 | B25: Elétrico | D25: Elétrico | F25: Elétrico | H25: Elétrico
A26: 22 | C26: Feito | E26: Feito | G26: Feito
A27: 23 | B27: Feito | D27: Feito | F27: Mecânico | H27: Feito
A28: 24 | C28: Feito | D28: Feito | E28: Mecânico | G28: Feito
A29: 25 | B29: Feito | C29: Feito | D29: Feito | E29: Feito | F29: Mecânico | G29: Feito | H29: Feito
A30: 26 | B30: Feito | D30: Feito | G30: Feito
A31: 27 | C31: Feito | E31: Feito | H31: Feito
A32: 28 | C32: Mecânico | E32: Feito | F32: Feito
A33: 29 | B33: Feito | C33: Feito | D33: Feito | E33: Feito | F33: Feito | G33: Feito | H33: Feito
A34: 30 | C34: Feito | E34: Mecânico | H34: Feito
A35: 31 | B35: Feito | D35: Feito | E35: Mecânico | G35: Elétrico
A36: 32 | B36: Feito | D36: Feito | G36: Feito
A37: 33 | C37: Mecânico | H37: Feito
A38: 34 | B38: Feito | D38: Feito | G38: Feito
A39: 35 | C39: Feito | D39: Feito | F39: Feito | H39: Feito
A40: 36 | B40: Feito | C40: Feito | D40: Feito | E40: Feito | F40: Feito | H40: Feito
A41: 37 | D41: Feito | F41: Feito
A42: 38 | B42: Feito | D42: Feito | F42: Feito | H42: Feito
A43: 39 | C43: Feito | E43: Feito | G43: Feito
A44: 40 | B44: Feito | D44: Feito | F44: Feito | H44: Feito
A45: 41 | C45: Feito | E45: Feito | G45: Feito
A46: 42 | B46: Feito | D46: Feito | F46: Feito | H46: Feito
A47: 43 | B47: Feito | D47: Feito | F47: Feito | H47: Feito
A48: 44 | B48: Feito | D48: Feito | F48: Feito | H48: Feito
A49: 45 | B49: Feito | D49: Feito | F49: Feito
A50: 46 | C50: Feito | E50: Feito | G50: Feito
A51: 47
A52: 48
A53: 49
A54: 50 | B54: Feito | D54: Feito | F54: Feito | H54: Feito
A55: 51 | C55: Feito | E55: Feito | G55: Feito
A56: 52 | B56: Feito | D56: Feito | F56: Feito | H56: Feito
A57: 53 | C57: Feito | E57: Feito | G57: Feito
A58: 54 | B58: Feito | D58: Feito | F58: Feito | H58: Operação
A59: 55 | C59: Feito | E59: Feito | G59: Mecânico
A60: 56 | B60: Feito | D60: Feito | F60: Feito | H60: Feito
A61: 73
A62: 74
A63: 101 | C63: Feito | D63: Feito | F63: Mecânico | G63: Feito
A64: 102 | B64: Feito | D64: Feito | G64: Feito
A65: 103 | B65: Feito | D65: Feito | G65: Feito
A66: 104 | B66: Feito | C66: Feito | F66: Feito
A67: 105 | D67: Feito | F67: Feito
A68: 106 | C68: Feito | D68: Operação | F68: Mecânico | G68: Feito
A69: 107 | B69: Feito | C69: Feito | F69: Mecânico | G69: Feito
A70: 108 | B70: Feito | D70: Feito | G70: Feito | H70: Feito
A71: 109 | B71: Feito | D71: Feito | F71: Feito | H71: Feito
A72: 110 | C72: Feito | D72: Feito | F72: Feito | G72: Feito
A73: 111
A74: 112 | B74: Feito
A75: 113 | C75: Feito | G75: Feito
A76: 114 | C76: Feito | F76: Operação
A77: 115 | B77: Feito | C77: Feito | D77: Feito | F77: Feito | H77: Feito
A78: 116
A79: 117 | C79: Feito | G79: Feito
A80: 118
A81: 119 | G81: Feito
A82: 120
A83: 121
A84: 122
A85: 123
A86: 124
A87: 125 | D87: Operação | F87: Feito | G87: Feito | H87: Feito
A88: 126 | B88: Feito | C88: Feito | D88: Feito | G88: Mecânico | H88: Feito
A89: 127 | D89: Operação | F89: Feito | G89: Feito | H89: Feito
A90: 128 | B90: Feito
A91: 129 | F91: Mecânico
A92: 130 | C92: Mecânico | D92: Feito | H92: Feito
A93: 131
A94: 132
A95: 133

Sheet 11 04 2022
A1: Atendimento de irrigação - (Planejando vs Executado) - Semana 04/04/2022
A3: Data | B3: 44662 | C3: =B3+1 -> 44663 | D3: =C3+1 -> 44664 | E3: =D3+1 -> 44665 | F3: =E3+1 -> 44666 | G3: =F3+1 -> 44667 | H3: =G3+1 -> 44668
A4: Pivô | B4: =TEXT(B3,"ddd") -> seg | C4: =TEXT(C3,"ddd") -> ter | D4: =TEXT(D3,"ddd") -> qua | E4: =TEXT(E3,"ddd") -> qui | F4: =TEXT(F3,"ddd") -> sex | G4: =TEXT(G3,"ddd") -> sáb | H4: =TEXT(H3,"ddd") -> dom | J4: Parametros
A5: 1 | B5: Feito | D5: Chuva | F5: Mecânico | H5: Mecânico | J5: Feito | K5: =COUNTIF($B$5:$H$95,J5) -> 205 | L5: =K5/$K$11 -> 0.78244275
A6: 2 | B6: Feito | C6: Feito | D6: Chuva | F6: Feito | H6: Elétrico | J6: Mecânico | K6: =COUNTIF($B$5:$H$95,J6) -> 25 | L6: =K6/$K$11 -> 0.095419847
A7: 3 | D7: Chuva | F7: Feito | G7: Feito | J7: Elétrico | K7: =COUNTIF($B$5:$H$95,J7) -> 19 | L7: =K7/$K$11 -> 0.072519084
A8: 4 | B8: Feito | C8: Feito | D8: Feito | E8: Feito | F8: Feito | G8: Feito | H8: Feito | J8: Energia | K8: =COUNTIF($B$5:$H$95,J8) -> 0 | L8: =K8/$K$11 -> 0
A9: 5 | B9: Feito | D9: Chuva | F9: Feito | H9: Elétrico | J9: Chuva | K9: =COUNTIF($B$5:$H$95,J9) -> 11 | L9: =K9/$K$11 -> 0.041984733
A10: 6 | B10: Feito | C10: Feito | D10: Feito | E10: Feito | F10: Feito | G10: Chuva | H10: Elétrico | J10: Operação | K10: =COUNTIF($B$5:$H$95,J10) -> 2 | L10: =K10/$K$11 -> 0.0076335878
A11: 7 | D11: Chuva | E11: Mecânico | G11: Chuva | H11: Feito | J11: Total | K11: =SUM(K5:K10) -> 262
A12: 8 | B12: Mecânico | G12: Chuva
A13: 9 | B13: Mecânico
A14: 10 | G14: Feito | H14: Elétrico
A15: 11
A16: 12 | D16: Elétrico
A17: 13
A18: 14
A19: 15 | C19: Feito | E19: Feito | G19: Feito
A20: 16 | B20: Operação | D20: Chuva | F20: Feito | H20: Elétrico
A21: 17 | C21: Feito | E21: Feito | G21: Feito
A22: 18 | B22: Feito | D22: Feito | F22: Feito | H22: Elétrico
A23: 19 | C23: Feito | E23: Feito | G23: Feito
A24: 20 | B24: Feito | D24: Feito | F24: Feito | H24: Elétrico
A25: 21 | C25: Feito | E25: Feito | G25: Feito
A26: 22 | B26: Mecânico | D26: Feito | F26: Feito | H26: Elétrico
A27: 23 | C27: Mecânico | E27: Feito | G27: Feito
A28: 24 | B28: Feito | D28: Mecânico | F28: Feito | H28: Elétrico
A29: 25 | B29: Feito | C29: Feito | D29: Feito | E29: Feito | F29: Feito | G29: Feito | H29: Feito
A30: 26 | B30: Feito | D30: Mecânico | H30: Elétrico
A31: 27 | C31: Feito | E31: Feito | G31: Feito
A32: 28 | B32: Feito | D32: Mecânico | G32: Feito
A33: 29 | B33: Feito | C33: Feito | D33: Feito | E33: Feito | F33: Feito | H33: Elétrico
A34: 30 | C34: Feito | E34: Mecânico | F34: Mecânico | G34: Mecânico | H34: Mecânico
A35: 31 | B35: Feito | D35: Mecânico | G35: Feito
A36: 32 | C36: Mecânico | E36: Mecânico | H36: Elétrico
A37: 33 | C37: Mecânico | E37: Mecânico | H37: Elétrico
A38: 34 | B38: Feito | D38: Mecânico | G38: Feito
A39: 35 | C39: Feito | F39: Feito
A40: 36 | C40: Feito | D40: Feito | E40: Feito | F40: Feito
A41: 37 | B41: Feito | E41: Feito
A42: 38 | C42: Feito | D42: Feito | F42: Feito | H42: Feito
A43: 39 | B43: Feito | D43: Feito | F43: Feito | H43: Feito
A44: 40 | C44: Feito | D44: Feito | E44: Feito | G44: Feito
A45: 41 | B45: Feito | D45: Feito | E45: Feito | F45: Feito | H45: Feito
A46: 42 | C46: Feito | E46: Feito | G46: Feito
A47: 43 | C47: Feito | E47: Feito | G47: Feito
A48: 44 | B48: Feito | D48: Mecânico | F48: Feito | H48: Feito
A49: 45 | C49: Feito | D49: Feito | E49: Feito | F49: Feito | G49: Feito | H49: Feito
A50: 46 | B50: Feito | D50: Feito | E50: Feito | F50: Feito | G50: Elétrico | H50: Elétrico
A51: 47
A52: 48
A53: 49
A54: 50 | C54: Feito | E54: Feito | G54: Feito
A55: 51 | B55: Feito | D55: Feito | F55: Feito | H55: Feito
A56: 52 | C56: Feito | E56: Feito
A57: 53 | B57: Feito | D57: Chuva | F57: Feito | H57: Feito
A58: 54 | C58: Feito | E58: Feito | G58: Feito
A59: 55 | B59: Feito | D59: Chuva | F59: Feito | H59: Feito
A60: 56 | E60: Feito | G60: Feito
A61: 73
A62: 74
A63: 101 | D63: Feito | E63: Feito | G63: Feito | H63: Feito
A64: 102 | B64: Feito | D64: Feito | E64: Feito | F64: Feito | H64: Feito
A65: 103 | C65: Feito | D65: Feito | G65: Feito | H65: Feito
A66: 104 | B66: Feito | C66: Feito | E66: Feito | F66: Feito | H66: Feito
A67: 105 | B67: Feito | C67: Feito | G67: Feito | H67: Feito
A68: 106 | B68: Feito | C68: Feito | D68: Feito | E68: Feito | F68: Feito | G68: Feito | H68: Feito
A69: 107 | D69: Feito | E69: Feito | G69: Feito | H69: Feito
A70: 108 | C70: Feito | D70: Mecânico | F70: Feito | G70: Feito
A71: 109 | D71: Mecânico | E71: Feito | F71: Feito
A72: 110 | D72: Feito | E72: Feito | F72: Feito | H72: Feito
A73: 111
A74: 112 | B74: Feito | C74: Elétrico | D74: Elétrico | E74: Elétrico | H74: Feito
A75: 113 | B75: Feito | C75: Feito | D75: Feito | E75: Feito | H75: Feito
A76: 114 | F76: Feito
A77: 115 | C77: Feito | D77: Feito | E77: Feito | F77: Feito | H77: Feito
A78: 116
A79: 117 | F79: Feito | H79: Feito
A80: 118
A81: 119 | D81: Mecânico | G81: Feito
A82: 120
A83: 121
A84: 122
A85: 123
A86: 124
A87: 125 | B87: Feito | C87: Feito
A88: 126 | B88: Feito | C88: Feito | D88: Mecânico | E88: Feito
A89: 127 | B89: Feito
A90: 128 | B90: Feito | C90: Feito | H90: Feito
A91: 129 | C91: Feito | F91: Feito | G91: Feito
A92: 130 | B92: Feito | D92: Operação
A93: 131
A94: 132
A95: 133

Sheet 18 04 2022
A1: Atendimento de irrigação - (Planejando vs Executado) - Semana 04/04/2022
A3: Data | B3: 44669 | C3: =B3+1 -> 44670 | D3: =C3+1 -> 44671 | E3: =D3+1 -> 44672 | F3: =E3+1 -> 44673 | G3: =F3+1 -> 44674 | H3: =G3+1 -> 44675
A4: Pivô | B4: =TEXT(B3,"ddd") -> seg | C4: =TEXT(C3,"ddd") -> ter | D4: =TEXT(D3,"ddd") -> qua | E4: =TEXT(E3,"ddd") -> qui | F4: =TEXT(F3,"ddd") -> sex | G4: =TEXT(G3,"ddd") -> sáb | H4: =TEXT(H3,"ddd") -> dom | J4: Parametros
A5: 1 | C5: Mecânico | D5: Feito | F5: Feito | H5: Feito | J5: Feito | K5: =COUNTIF($B$5:$H$95,J5) -> 178 | L5: =K5/$K$11 -> 0.8436019
A6: 2 | B6: Feito | C6: Feito | D6: Feito | F6: Feito | H6: Feito | J6: Mecânico | K6: =COUNTIF($B$5:$H$95,J6) -> 26 | L6: =K6/$K$11 -> 0.12322275
A7: 3 | C7: Feito | E7: Feito | G7: Feito | J7: Elétrico | K7: =COUNTIF($B$5:$H$95,J7) -> 5 | L7: =K7/$K$11 -> 0.023696682
A8: 4 | B8: Feito | C8: Feito | D8: Feito | E8: Feito | F8: Feito | G8: Feito | H8: Feito | J8: Energia | K8: =COUNTIF($B$5:$H$95,J8) -> 0 | L8: =K8/$K$11 -> 0
A9: 5 | B9: Feito | D9: Feito | F9: Operação | G9: Elétrico | H9: Elétrico | J9: Chuva | K9: =COUNTIF($B$5:$H$95,J9) -> 0 | L9: =K9/$K$11 -> 0
A10: 6 | D10: Feito | G10: Feito | J10: Operação | K10: =COUNTIF($B$5:$H$95,J10) -> 2 | L10: =K10/$K$11 -> 0.009478673
A11: 7 | B11: Feito | C11: Mecânico | D11: Mecânico | E11: Feito | F11: Mecânico | G11: Feito | H11: Feito | J11: Total | K11: =SUM(K5:K10) -> 211
A12: 8 | C12: Feito | F12: Feito | G12: Mecânico | H12: Feito
A13: 9
A14: 10 | F14: Mecânico | G14: Mecânico | H14: Mecânico
A15: 11
A16: 12 | H16: Feito
A17: 13
A18: 14
A19: 15 | B19: Feito | D19: Feito | F19: Feito | H19: Feito
A20: 16 | C20: Feito | E20: Feito | G20: Feito
A21: 17 | B21: Mecânico | D21: Feito | F21: Feito | H21: Feito
A22: 18 | C22: Mecânico | E22: Feito | G22: Feito
A23: 19 | B23: Feito | D23: Feito | F23: Feito | H23: Feito
A24: 20 | C24: Feito | E24: Feito | G24: Feito
A25: 21 | B25: Feito | D25: Feito | F25: Feito | H25: Elétrico
A26: 22 | C26: Feito | E26: Feito | G26: Feito
A27: 23 | B27: Feito | D27: Feito | F27: Feito | H27: Mecânico
A28: 24 | C28: Feito | E28: Mecânico | F28: Mecânico | G28: Mecânico
A29: 25 | B29: Feito | C29: Mecânico | D29: Feito | E29: Feito | F29: Feito | G29: Feito | H29: Feito
A30: 26 | C30: Feito | E30: Mecânico | G30: Feito
A31: 27 | B31: Feito | D31: Mecânico | F31: Feito | H31: Feito
A32: 28 | B32: Mecânico | D32: Feito | F32: Feito | H32: Feito
A33: 29 | B33: Feito | C33: Feito | D33: Feito | E33: Mecânico | F33: Feito | G33: Feito | H33: Feito
A34: 30 | B34: Mecânico | D34: Feito | F34: Mecânico | H34: Feito
A35: 31 | B35: Feito | D35: Feito | F35: Feito | H35: Feito
A36: 32 | C36: Feito | E36: Mecânico | G36: Feito
A37: 33 | C37: Mecânico | E37: Feito | G37: Feito
A38: 34 | B38: Mecânico | D38: Feito | F38: Feito | H38: Feito
A39: 35 | B39: Feito | E39: Feito | G39: Feito
A40: 36 | D40: Feito | F40: Feito
A41: 37 | D41: Feito | G41: Feito
A42: 38 | C42: Feito | E42: Feito | G42: Feito
A43: 39 | C43: Feito | D43: Feito | F43: Feito | H43: Feito
A44: 40 | B44: Mecânico | D44: Feito | F44: Feito | H44: Feito
A45: 41 | C45: Elétrico | E45: Elétrico | G45: Mecânico
A46: 42 | B46: Feito | D46: Feito | E46: Feito | G46: Feito
A47: 43 | B47: Feito | D47: Feito | F47: Feito | H47: Feito
A48: 44 | C48: Feito | E48: Feito | G48: Feito
A49: 45 | B49: Feito | C49: Feito | D49: Feito | E49: Feito | F49: Feito | G49: Feito | H49: Feito
A50: 46 | B50: Operação | C50: Feito | D50: Feito | E50: Feito | F50: Feito | G50: Feito | H50: Feito
A51: 47
A52: 48
A53: 49
A54: 50 | B54: Feito | D54: Feito | F54: Feito | H54: Feito
A55: 51 | C55: Feito | E55: Feito | G55: Feito
A56: 52 | B56: Feito | D56: Feito | F56: Feito | H56: Feito
A57: 53 | D57: Feito | F57: Feito | H57: Feito
A58: 54 | B58: Feito | D58: Feito | F58: Feito | H58: Feito
A59: 55 | C59: Feito | E59: Feito | G59: Feito
A60: 56 | B60: Feito | E60: Feito | G60: Feito
A61: 73
A62: 74
A63: 101 | C63: Feito
A64: 102 | B64: Feito
A65: 103 | C65: Feito
A66: 104 | B66: Feito
A67: 105 | C67: Feito
A68: 106 | B68: Feito
A69: 107 | C69: Feito
A70: 108 | B70: Feito | C70: Feito
A71: 109 | B71: Feito | C71: Feito
A72: 110 | B72: Feito
A73: 111
A74: 112
A75: 113 | B75: Feito | C75: Feito
A76: 114 | C76: Feito
A77: 115 | B77: Feito | C77: Feito
A78: 116
A79: 117
A80: 118
A81: 119 | C81: Feito
A82: 120
A83: 121
A84: 122
A85: 123
A86: 124
A87: 125
A88: 126
A89: 127
A90: 128 | B90: Feito
A91: 129 | C91: Feito
A92: 130 | B92: Feito
A93: 131
A94: 132
A95: 133

Sheet 25 04 2022
A1: Atendimento de irrigação - (Planejando vs Executado) - Semana 25/04/2022
A3: Data | B3: 44676 | C3: =B3+1 -> 44677 | D3: =C3+1 -> 44678 | E3: =D3+1 -> 44679 | F3: =E3+1 -> 44680 | G3: =F3+1 -> 44681 | H3: =G3+1 -> 44682
A4: Pivô | B4: =TEXT(B3,"ddd") -> seg | C4: =TEXT(C3,"ddd") -> ter | D4: =TEXT(D3,"ddd") -> qua | E4: =TEXT(E3,"ddd") -> qui | F4: =TEXT(F3,"ddd") -> sex | G4: =TEXT(G3,"ddd") -> sáb | H4: =TEXT(H3,"ddd") -> dom | J4: Parametros
A5: 1 | C5: Feito | E5: Elétrico | F5: Elétrico | G5: Feito | J5: Feito | K5: =COUNTIF($B$5:$H$95,J5) -> 227 | L5: =K5/$K$11 -> 0.82846715
A6: 2 | C6: Feito | E6: Mecânico | G6: Mecânico | J6: Mecânico | K6: =COUNTIF($B$5:$H$95,J6) -> 30 | L6: =K6/$K$11 -> 0.10948905
A7: 3 | B7: Feito | C7: Feito | D7: Feito | E7: Feito | G7: Feito | J7: Elétrico | K7: =COUNTIF($B$5:$H$95,J7) -> 9 | L7: =K7/$K$11 -> 0.032846715
A8: 4 | B8: Feito | C8: Feito | D8: Feito | E8: Feito | G8: Feito | H8: Feito | J8: Energia | K8: =COUNTIF($B$5:$H$95,J8) -> 0 | L8: =K8/$K$11 -> 0
A9: 5 | G9: Feito | J9: Chuva | K9: =COUNTIF($B$5:$H$95,J9) -> 0 | L9: =K9/$K$11 -> 0
A10: 6 | C10: Feito | D10: Feito | E10: Feito | H10: Feito | J10: Operação | K10: =COUNTIF($B$5:$H$95,J10) -> 8 | L10: =K10/$K$11 -> 0.02919708
A11: 7 | B11: Feito | C11: Feito | D11: Feito | E11: Feito | G11: Feito | J11: Total | K11: =SUM(K5:K10) -> 274
A12: 8 | B12: Feito | C12: Feito | D12: Feito | F12: Feito | G12: Feito | H12: Feito
A13: 9 | B13: Feito | E13: Feito | G13: Feito
A14: 10 | C14: Mecânico | D14: Mecânico | E14: Mecânico | F14: Mecânico
A15: 11 | B15: Mecânico | F15: Feito
A16: 12
A17: 13
A18: 14
A19: 15 | C19: Feito | E19: Mecânico | F19: Mecânico
A20: 16 | D20: Mecânico | F20: Feito | H20: Feito
A21: 17 | C21: Feito | E21: Feito | G21: Feito
A22: 18 | B22: Feito | D22: Feito | F22: Feito | H22: Feito
A23: 19 | C23: Feito | E23: Feito | G23: Feito
A24: 20 | D24: Feito | F24: Feito | H24: Feito
A25: 21 | C25: Elétrico | F25: Operação | H25: Elétrico
A26: 22 | B26: Feito | D26: Feito | G26: Feito
A27: 23 | C27: Mecânico | D27: Mecânico | E27: Mecânico | G27: Elétrico | H27: Mecânico
A28: 24 | D28: Mecânico | E28: Mecânico | G28: Elétrico | H28: Mecânico
A29: 25 | B29: Feito | C29: Feito | D29: Mecânico | E29: Feito | F29: Feito | G29: Feito | H29: Mecânico
A30: 26 | B30: Feito | D30: Feito | G30: Feito
A31: 27 | C31: Feito | E31: Feito | H31: Operação
A32: 28 | C32: Feito | E32: Feito | G32: Feito
A33: 29 | B33: Feito | C33: Feito | D33: Feito | E33: Feito | F33: Feito | H33: Feito
A34: 30 | C34: Feito | E34: Feito | G34: Feito
A35: 31 | C35: Feito | E35: Feito | G35: Elétrico
A36: 32 | B36: Feito | D36: Feito | F36: Mecânico | H36: Operação
A37: 33 | B37: Feito | D37: Feito | F37: Mecânico | H37: Operação
A38: 34 | C38: Feito | E38: Feito | G38: Elétrico
A39: 35 | C39: Feito | E39: Operação | F39: Operação | H39: Feito
A40: 36 | B40: Mecânico | C40: Feito | E40: Feito | G40: Feito
A41: 37 | B41: Feito | E41: Feito | F41: Feito | H41: Feito
A42: 38 | B42: Elétrico | D42: Feito | G42: Feito
A43: 39 | C43: Feito | E43: Operação | H43: Feito
A44: 40 | C44: Feito | E44: Feito | G44: Feito
A45: 41 | B45: Feito | D45: Feito | F45: Feito | H45: Feito
A46: 42 | B46: Feito | D46: Feito | F46: Feito | H46: Feito
A47: 43 | C47: Feito | E47: Feito | G47: Feito
A48: 44 | B48: Feito | D48: Feito | F48: Feito | G48: Feito
A49: 45 | B49: Feito | C49: Feito | D49: Feito | E49: Feito | F49: Feito | G49: Feito | H49: Feito
A50: 46 | B50: Feito | C50: Feito | D50: Feito | E50: Feito | F50: Feito | G50: Mecânico | H50: Feito
A51: 47
A52: 48
A53: 49
A54: 50 | C54: Feito | E54: Feito | G54: Feito
A55: 51 | B55: Feito | D55: Feito | F55: Feito | H55: Feito
A56: 52 | C56: Feito | E56: Feito | G56: Operação
A57: 53 | C57: Feito | E57: Feito | G57: Feito
A58: 54 | C58: Feito | D58: Feito | E58: Feito | G58: Feito
A59: 55 | B59: Feito | D59: Feito | F59: Feito | H59: Feito
A60: 56 | B60: Feito | D60: Feito | F60: Mecânico | H60: Feito
A61: 73
A62: 74
A63: 101 | B63: Feito | C63: Feito | D63: Feito | E63: Feito | F63: Feito | H63: Feito
A64: 102 | C64: Feito | F64: Feito | G64: Feito
A65: 103 | B65: Feito | C65: Feito | E65: Feito | F65: Feito | H65: Feito
A66: 104 | B66: Mecânico | C66: Mecânico | D66: Mecânico | E66: Mecânico | F66: Mecânico | G66: Mecânico | H66: Feito
A67: 105 | C67: Feito | E67: Feito | F67: Feito | H67: Feito
A68: 106 | B68: Feito | C68: Feito | E68: Feito | F68: Feito | H68: Feito
A69: 107 | B69: Feito | C69: Feito | E69: Feito | F69: Feito | H69: Feito
A70: 108 | B70: Feito | D70: Feito | G70: Feito | H70: Feito
A71: 109 | B71: Feito | D71: Feito | G71: Feito | H71: Feito
A72: 110 | C72: Feito | D72: Feito | F72: Feito | G72: Feito
A73: 111
A74: 112 | C74: Feito | D74: Feito | E74: Feito | G74: Feito | H74: Feito
A75: 113 | B75: Feito | C75: Feito | D75: Feito | F75: Feito | G75: Feito | H75: Feito
A76: 114 | C76: Feito | F76: Feito
A77: 115 | B77: Feito | C77: Feito | D77: Feito | F77: Feito | G77: Feito | H77: Feito
A78: 116
A79: 117 | C79: Feito | F79: Feito | G79: Feito
A80: 118
A81: 119 | B81: Feito | E81: Feito | G81: Feito | H81: Feito
A82: 120
A83: 121 | C83: Feito
A84: 122
A85: 123
A86: 124
A87: 125
A88: 126
A89: 127
A90: 128 | B90: Feito | E90: Feito | G90: Feito | H90: Feito
A91: 129 | D91: Feito | F91: Feito
A92: 130 | C92: Feito | F92: Feito | G92: Feito
A93: 131
A94: 132
A95: 133

Sheet 02 05 2022
A1: Atendimento de irrigação - (Planejando vs Executado) - Semana 02/05/2022
A3: Data | B3: 44683 | C3: =B3+1 -> 44684 | D3: =C3+1 -> 44685 | E3: =D3+1 -> 44686 | F3: =E3+1 -> 44687 | G3: =F3+1 -> 44688 | H3: =G3+1 -> 44689
A4: Pivô | B4: =TEXT(B3,"ddd") -> seg | C4: =TEXT(C3,"ddd") -> ter | D4: =TEXT(D3,"ddd") -> qua | E4: =TEXT(E3,"ddd") -> qui | F4: =TEXT(F3,"ddd") -> sex | G4: =TEXT(G3,"ddd") -> sáb | H4: =TEXT(H3,"ddd") -> dom | J4: Parametros
A5: 1 | B5: Feito | D5: Operação | F5: Mecânico | H5: Feito | J5: Feito | K5: =COUNTIF($B$5:$H$95,J5) -> 215 | L5: =K5/$K$11 -> 0.8531746
A6: 2 | B6: Operação | D6: Operação | E6: Feito | G6: Feito | H6: Feito | J6: Mecânico | K6: =COUNTIF($B$5:$H$95,J6) -> 17 | L6: =K6/$K$11 -> 0.067460317
A7: 3 | B7: Operação | C7: Feito | D7: Operação | F7: Mecânico | J7: Elétrico | K7: =COUNTIF($B$5:$H$95,J7) -> 3 | L7: =K7/$K$11 -> 0.011904762
A8: 4 | B8: Feito | C8: Feito | D8: Feito | E8: Feito | G8: Feito | H8: Feito | J8: Energia | K8: =COUNTIF($B$5:$H$95,J8) -> 0 | L8: =K8/$K$11 -> 0
A9: 5 | B9: Feito | D9: Feito | E9: Feito | G9: Feito | J9: Chuva | K9: =COUNTIF($B$5:$H$95,J9) -> 0 | L9: =K9/$K$11 -> 0
A10: 6 | D10: Feito | G10: Mecânico | J10: Operação | K10: =COUNTIF($B$5:$H$95,J10) -> 17 | L10: =K10/$K$11 -> 0.067460317
A11: 7 | B11: Feito | C11: Feito | D11: Feito | F11: Mecânico | H11: Feito | J11: Total | K11: =SUM(K5:K10) -> 252
A12: 8 | C12: Feito | E12: Feito | G12: Feito
A13: 9 | B13: Operação | C13: Feito | D13: Feito | F13: Feito | G13: Feito | H13: Feito
A14: 10 | E14: Feito | H14: Feito
A15: 11 | D15: Feito
A16: 12 | B16: Feito | D16: Feito
A17: 13 | H17: Feito
A18: 14 | B18: Mecânico | C18: Mecânico | D18: Mecânico | E18: Feito
A19: 15 | B19: Feito | D19: Feito | F19: Feito | H19: Feito
A20: 16 | C20: Feito | E20: Feito | G20: Feito
A21: 17 | B21: Feito | D21: Feito | F21: Feito | H21: Feito
A22: 18 | C22: Feito | E22: Feito | G22: Feito
A23: 19 | C23: Feito | E23: Feito | H23: Feito
A24: 20 | C24: Feito | E24: Feito | G24: Feito
A25: 21 | C25: Feito | E25: Elétrico | G25: Elétrico
A26: 22 | B26: Feito | D26: Feito | F26: Mecânico
A27: 23 | B27: Mecânico | F27: Feito
A28: 24 | B28: Mecânico | G28: Feito
A29: 25 | B29: Feito | C29: Feito | E29: Feito | G29: Feito | H29: Feito
A30: 26 | B30: Feito | D30: Feito | F30: Feito
A31: 27 | D31: Feito | F31: Feito
A32: 28 | B32: Feito | D32: Mecânico | F32: Operação
A33: 29 | C33: Feito | E33: Feito | G33: Feito | H33: Feito
A34: 30 | C34: Feito | E34: Operação
A35: 31 | C35: Feito | E35: Operação | G35: Feito
A36: 32 | B36: Mecânico | D36: Feito | F36: Operação | H36: Feito
A37: 33 | B37: Feito | D37: Feito | F37: Operação | H37: Feito
A38: 34 | C38: Operação | E38: Operação | G38: Feito
A39: 35 | C39: Feito | E39: Feito | G39: Feito
A40: 36 | B40: Operação | D40: Feito | F40: Feito | H40: Feito
A41: 37 | C41: Mecânico | E41: Feito | F41: Feito | G41: Feito
A42: 38 | B42: Feito | D42: Feito | F42: Feito | H42: Feito
A43: 39 | C43: Feito | E43: Feito | G43: Feito
A44: 40 | B44: Feito | D44: Feito | F44: Feito | H44: Feito
A45: 41 | C45: Feito | E45: Feito | G45: Feito
A46: 42 | C46: Feito | E46: Feito | G46: Feito
A47: 43 | F47: Feito | H47: Feito
A48: 44 | E48: Feito | H48: Feito
A49: 45 | B49: Feito | C49: Feito | D49: Feito | E49: Feito | F49: Mecânico | G49: Mecânico
A50: 46 | B50: Feito | C50: Feito
A51: 47
A52: 48 | C52: Elétrico
A53: 49
A54: 50 | C54: Operação | D54: Operação | E54: Operação | F54: Feito | H54: Feito
A55: 51 | E55: Feito
A56: 52 | B56: Feito | D56: Feito | F56: Feito | H56: Feito
A57: 53 | C57: Feito | F57: Feito | H57: Feito
A58: 54 | C58: Feito | F58: Feito | H58: Feito
A59: 55 | D59: Feito | F59: Feito
A60: 56 | D60: Feito | G60: Feito
A61: 73 | E61: Feito | F61: Feito | G61: Feito | H61: Feito
A62: 74 | G62: Feito
A63: 101 | B63: Feito | D63: Feito | E63: Feito | G63: Feito
A64: 102 | B64: Feito | C64: Feito | E64: Feito | F64: Feito
A65: 103 | B65: Feito | D65: Feito | E65: Feito | G65: Mecânico | H65: Mecânico
