Workbook
Name SegmentaçãodeDados_Ano: #N/A
Name SegmentaçãodeDados_Periodo: #N/A
Name SegmentaçãodeDados_Semana: #N/A

Sheet Acumulado
A2: Parâmetros | B2: 44613 | C2: 44620 | D2: 44627 | E2: 44634 | F2: 44641 | G2: 44648 | H2: 44655 | I2: 44662 | J2: 44669 | K2: 44676 | L2: 44683 | M2: 44690 | N2: 44697 | O2: 44704 | P2: 44711 | Q2: 44718 | R2: 44725 | S2: 44732 | T2: 44739 | U2: Total | V2: Percentual
A3: Redutor | B3: ='21 02 2022'!K5 -> 1 | C3: ='28 02 2022 '!K5 -> 2 | D3: ='07 03 2022'!K5 -> 2 | E3: ='14 03 2022'!K5 -> 0 | F3: ='21 03 2022'!K5 -> 0 | G3: ='28 03 2022'!K5 -> 0 | H3: ='04 04 2022'!K5 -> 0 | I3: ='11 04 2022'!K5 -> 2 | J3: ='18 04 2022'!K5 -> 4 | K3: ='25 04 2022'!K5 -> 3 | L3: ='02 05 2022'!K5 -> 2 | M3: ='09 05 2022'!K5 -> 1 | N3: ='16 05 2022 '!K5 -> 3 | O3: ='23 05 2022 '!K5 -> 4 | P3: ='30 05 2022 '!K5 -> 5 | Q3: ='06 06 2022'!K5 -> 0 | R3: ='13 06 2022 '!K5 -> 2 | S3: ='20 06 2022 '!K5 -> 3 | T3: ='27 06 2022 '!K5 -> 3 | U3: =SUM(B3:T3) -> 37 | V3: =U3/$U$13 -> 0.148
A4: Motorredutor | B4: ='21 02 2022'!K6 -> 1 | C4: ='28 02 2022 '!K6 -> 0 | D4: ='07 03 2022'!K6 -> 0 | E4: ='14 03 2022'!K6 -> 3 | F4: ='21 03 2022'!K6 -> 0 | G4: ='28 03 2022'!K6 -> 1 | H4: ='04 04 2022'!K6 -> 1 | I4: ='11 04 2022'!K6 -> 0 | J4: ='18 04 2022'!K6 -> 1 | K4: ='25 04 2022'!K6 -> 0 | L4: ='02 05 2022'!K6 -> 0 | M4: ='09 05 2022'!K6 -> 0 | N4: ='16 05 2022 '!K6 -> 0 | O4: ='23 05 2022 '!K6 -> 2 | P4: ='30 05 2022 '!K6 -> 0 | Q4: ='06 06 2022'!K6 -> 0 | R4: ='13 06 2022 '!K6 -> 1 | S4: ='20 06 2022 '!K6 -> 0 | T4: ='27 06 2022 '!K6 -> 0 | U4: =SUM(B4:T4) -> 10 | V4: =U4/$U$13 -> 0.04
A5: Castanha | B5: ='21 02 2022'!K7 -> 0 | C5: ='28 02 2022 '!K7 -> 0 | D5: ='07 03 2022'!K7 -> 0 | E5: ='14 03 2022'!K7 -> 0 | F5: ='21 03 2022'!K7 -> 0 | G5: ='28 03 2022'!K7 -> 0 | H5: ='04 04 2022'!K7 -> 0 | I5: ='11 04 2022'!K7 -> 0 | J5: ='18 04 2022'!K7 -> 0 | K5: ='25 04 2022'!K7 -> 1 | L5: ='02 05 2022'!K7 -> 2 | M5: ='09 05 2022'!K7 -> 0 | N5: ='16 05 2022 '!K7 -> 2 | O5: ='23 05 2022 '!K7 -> 1 | P5: ='30 05 2022 '!K7 -> 0 | Q5: ='06 06 2022'!K7 -> 0 | R5: ='13 06 2022 '!K7 -> 0 | S5: ='20 06 2022 '!K7 -> 1 | T5: ='27 06 2022 '!K7 -> 0 | U5: =SUM(B5:T5) -> 7 | V5: =U5/$U$13 -> 0.028
A6: Vedação | B6: ='21 02 2022'!K8 -> 0 | C6: ='28 02 2022 '!K8 -> 0 | D6: ='07 03 2022'!K8 -> 0 | E6: ='14 03 2022'!K8 -> 1 | F6: ='21 03 2022'!K8 -> 0 | G6: ='28 03 2022'!K8 -> 0 | H6: ='04 04 2022'!K8 -> 1 | I6: ='11 04 2022'!K8 -> 2 | J6: ='18 04 2022'!K8 -> 3 | K6: ='25 04 2022'!K8 -> 2 | L6: ='02 05 2022'!K8 -> 0 | M6: ='09 05 2022'!K8 -> 0 | N6: ='16 05 2022 '!K8 -> 1 | O6: ='23 05 2022 '!K8 -> 4 | P6: ='30 05 2022 '!K8 -> 0 | Q6: ='06 06 2022'!K8 -> 0 | R6: ='13 06 2022 '!K8 -> 0 | S6: ='20 06 2022 '!K8 -> 0 | T6: ='27 06 2022 '!K8 -> 0 | U6: =SUM(B6:T6) -> 14 | V6: =U6/$U$13 -> 0.056
A7: Pneu | B7: ='21 02 2022'!K9 -> 0 | C7: ='28 02 2022 '!K9 -> 2 | D7: ='07 03 2022'!K9 -> 2 | E7: ='14 03 2022'!K9 -> 4 | F7: ='21 03 2022'!K9 -> 1 | G7: ='28 03 2022'!K9 -> 1 | H7: ='04 04 2022'!K9 -> 1 | I7: ='11 04 2022'!K9 -> 2 | J7: ='18 04 2022'!K9 -> 4 | K7: ='25 04 2022'!K9 -> 1 | L7: ='02 05 2022'!K9 -> 5 | M7: ='09 05 2022'!K9 -> 0 | N7: ='16 05 2022 '!K9 -> 1 | O7: ='23 05 2022 '!K9 -> 1 | P7: ='30 05 2022 '!K9 -> 0 | Q7: ='06 06 2022'!K9 -> 0 | R7: ='13 06 2022 '!K9 -> 0 | S7: ='20 06 2022 '!K9 -> 2 | T7: ='27 06 2022 '!K9 -> 1 | U7: =SUM(B7:T7) -> 28 | V7: =U7/$U$13 -> 0.112
A8: Estrutura | B8: ='21 02 2022'!K10 -> 0 | C8: ='28 02 2022 '!K10 -> 10 | D8: ='07 03 2022'!K10 -> 5 | E8: ='14 03 2022'!K10 -> 11 | F8: ='21 03 2022'!K10 -> 11 | G8: ='28 03 2022'!K10 -> 11 | H8: ='04 04 2022'!K10 -> 11 | I8: ='11 04 2022'!K10 -> 15 | J8: ='18 04 2022'!K10 -> 5 | K8: ='25 04 2022'!K10 -> 0 | L8: ='02 05 2022'!K10 -> 0 | M8: ='09 05 2022'!K10 -> 0 | N8: ='16 05 2022 '!K10 -> 0 | O8: ='23 05 2022 '!K10 -> 0 | P8: ='30 05 2022 '!K10 -> 0 | Q8: ='06 06 2022'!K10 -> 0 | R8: ='13 06 2022 '!K10 -> 0 | S8: ='20 06 2022 '!K10 -> 0 | T8: ='27 06 2022 '!K10 -> 0 | U8: =SUM(B8:T8) -> 79 | V8: =U8/$U$13 -> 0.316
A9: Bomba/Sucção | B9: ='21 02 2022'!K11 -> 2 | C9: ='28 02 2022 '!K11 -> 1 | D9: ='07 03 2022'!K11 -> 0 | E9: ='14 03 2022'!K11 -> 1 | F9: ='21 03 2022'!K11 -> 0 | G9: ='28 03 2022'!K11 -> 0 | H9: ='04 04 2022'!K11 -> 1 | I9: ='11 04 2022'!K11 -> 0 | J9: ='18 04 2022'!K11 -> 1 | K9: ='25 04 2022'!K11 -> 13 | L9: ='02 05 2022'!K11 -> 5 | M9: ='09 05 2022'!K11 -> 0 | N9: ='16 05 2022 '!K11 -> 0 | O9: ='23 05 2022 '!K11 -> 7 | P9: ='30 05 2022 '!K11 -> 0 | Q9: ='06 06 2022'!K11 -> 0 | R9: ='13 06 2022 '!K11 -> 1 | S9: ='20 06 2022 '!K11 -> 0 | T9: ='27 06 2022 '!K11 -> 0 | U9: =SUM(B9:T9) -> 32 | V9: =U9/$U$13 -> 0.128
A10: Mangote | B10: ='21 02 2022'!K12 -> 0 | C10: ='28 02 2022 '!K12 -> 0 | D10: ='07 03 2022'!K12 -> 1 | E10: ='14 03 2022'!K12 -> 0 | F10: ='21 03 2022'!K12 -> 3 | G10: ='28 03 2022'!K12 -> 0 | H10: ='04 04 2022'!K12 -> 0 | I10: ='11 04 2022'!K12 -> 0 | J10: ='18 04 2022'!K12 -> 0 | K10: ='25 04 2022'!K12 -> 0 | L10: ='02 05 2022'!K12 -> 0 | M10: ='09 05 2022'!K12 -> 0 | N10: ='16 05 2022 '!K12 -> 0 | O10: ='23 05 2022 '!K12 -> 0 | P10: ='30 05 2022 '!K12 -> 0 | Q10: ='06 06 2022'!K12 -> 1 | R10: ='13 06 2022 '!K12 -> 0 | S10: ='20 06 2022 '!K12 -> 0 | T10: ='27 06 2022 '!K12 -> 0 | U10: =SUM(B10:T10) -> 5 | V10: =U10/$U$13 -> 0.02
A11: Canal/Reservatório | B11: ='21 02 2022'!K13 -> 0 | C11: ='28 02 2022 '!K13 -> 0 | D11: ='07 03 2022'!K13 -> 0 | E11: ='14 03 2022'!K13 -> 0 | F11: ='21 03 2022'!K13 -> 0 | G11: ='28 03 2022'!K13 -> 0 | H11: ='04 04 2022'!K13 -> 0 | I11: ='11 04 2022'!K13 -> 0 | J11: ='18 04 2022'!K13 -> 6 | K11: ='25 04 2022'!K13 -> 8 | L11: ='02 05 2022'!K13 -> 2 | M11: ='09 05 2022'!K13 -> 3 | N11: ='16 05 2022 '!K13 -> 0 | O11: ='23 05 2022 '!K13 -> 0 | P11: ='30 05 2022 '!K13 -> 0 | Q11: ='06 06 2022'!K13 -> 0 | R11: ='13 06 2022 '!K13 -> 0 | S11: ='20 06 2022 '!K13 -> 0 | T11: ='27 06 2022 '!K13 -> 0 | U11: =SUM(B11:T11) -> 19 | V11: =U11/$U$13 -> 0.076
A12: Adutora | B12: ='21 02 2022'!K14 -> 2 | C12: ='28 02 2022 '!K14 -> 2 | D12: ='07 03 2022'!K14 -> 0 | E12: ='14 03 2022'!K14 -> 0 | F12: ='21 03 2022'!K14 -> 0 | G12: ='28 03 2022'!K14 -> 1 | H12: ='04 04 2022'!K14 -> 2 | I12: ='11 04 2022'!K14 -> 2 | J12: ='18 04 2022'!K14 -> 1 | K12: ='25 04 2022'!K14 -> 0 | L12: ='02 05 2022'!K14 -> 0 | M12: ='09 05 2022'!K14 -> 3 | N12: ='16 05 2022 '!K14 -> 0 | O12: ='23 05 2022 '!K14 -> 1 | P12: ='30 05 2022 '!K14 -> 0 | Q12: ='06 06 2022'!K14 -> 1 | R12: ='13 06 2022 '!K14 -> 0 | S12: ='20 06 2022 '!K14 -> 2 | T12: ='27 06 2022 '!K14 -> 2 | U12: =SUM(B12:T12) -> 19 | V12: =U12/$U$13 -> 0.076
A13: Total | B13: =SUM(B3:B12) -> 6 | C13: =SUM(C3:C12) -> 17 | D13: =SUM(D3:D12) -> 10 | E13: =SUM(E3:E12) -> 20 | F13: =SUM(F3:F12) -> 15 | G13: =SUM(G3:G12) -> 14 | H13: =SUM(H3:H12) -> 17 | I13: =SUM(I3:I12) -> 23 | ... U13: =SUM(U3:U12) -> 250

Sheet 21 02 2022
A1: Atendimento de irrigação (Imapacto - Problemas Mecânicos) - Semana 21/02/2022
A3: Data | B3: 44613 | C3: 44614 | D3: 44615 | E3: 44616 | F3: 44617 | G3: 44618 | H3: 44619
A4: Pivô | B4: =TEXT(B3,"ddd") -> seg | C4: =TEXT(C3,"ddd") -> ter | D4: =TEXT(D3,"ddd") -> qua | E4: =TEXT(E3,"ddd") -> qui | F4: =TEXT(F3,"ddd") -> sex | G4: =TEXT(G3,"ddd") -> sáb | H4: =TEXT(H3,"ddd") -> dom | J4: Parâmetros | K4: Contagem | L4: Porcentagem | M4: Semana
A5: Pivô 01 | J5: Redutor | K5: =COUNTIF($B$5:$H$93,J5) -> 1 | L5: =K5/$K$15 -> 0.16666667 | M5: 44613
A6: Pivô 02 | J6: Motorredutor | K6: =COUNTIF($B$5:$H$93,J6) -> 1 | L6: =K6/$K$15 -> 0.16666667
A7: Pivô 03 | J7: Castanha | K7: =COUNTIF($B$5:$H$93,J7) -> 0 | L7: =K7/$K$15 -> 0
A8: Pivô 04 | J8: Vedação | K8: =COUNTIF($B$5:$H$93,J8) -> 0 | L8: =K8/$K$15 -> 0
A9: Pivô 05 | J9: Pneu | K9: =COUNTIF($B$5:$H$93,J9) -> 0 | L9: =K9/$K$15 -> 0
A10: Pivô 06 | J10: Sucção | K10: =COUNTIF($B$5:$H$93,J10) -> 0 | L10: =K10/$K$15 -> 0
A11: Pivô 07 | J11: Bomba | K11: =COUNTIF($B$5:$H$93,J11) -> 2 | L11: =K11/$K$15 -> 0.33333333
A12: Pivô 08 | J12: Mangote | K12: =COUNTIF($B$5:$H$93,J12) -> 0 | L12: =K12/$K$15 -> 0
A13: Pivô 09 | J13: Canal/Reservatório | K13: =COUNTIF($B$5:$H$93,J13) -> 0 | L13: =K13/$K$15 -> 0
A14: Pivô 10 | J14: Adutora | K14: =COUNTIF($B$5:$H$93,J14) -> 2 | L14: =K14/$K$15 -> 0.33333333
A15: Pivô 11 | J15: Total | K15: =SUM(K5:K14) -> 6
A16: Pivô 12
A17: Pivô 13
A18: Pivô 14
A19: Pivô 15
A20: Pivô 16
A21: Pivô 17
A22: Pivô 18
A23: Pivô 19
A24: Pivô 20
A25: Pivô 21
A26: Pivô 22
A27: Pivô 23
... A36: Pivô 32
A37: Pivô 33 | F37: Motorredutor
A38: Pivô 34
A39: Pivô 35
A40: Pivô 36
A41: Pivô 37
A42: Pivô 38 | G42: Bomba | H42: Bomba
A43: Pivô 39
A44: Pivô 40
A45: Pivô 41
A46: Pivô 42 | E46: Redutor
A47: Pivô 43
A48: Pivô 44
A49: Pivô 45
A50: Pivô 46
A51: Pivô 47
A52: Pivô 48
A53: Pivô 49
A54: Pivô 50
A55: Pivô 51
A56: Pivô 52
A57: Pivô 53
A58: Pivô 54
... A71: Pivô 109
A72: Pivô 110 | N72: Dashboard de Indicadores'!A1
A73: Pivô 111
A74: Pivô 112
A75: Pivô 113 | C75: Adutora | D75: Adutora
A76: Pivô 114
A77: Pivô 115
A78: Pivô 116
A79: Pivô 117
A80: Pivô 118
A81: Pivô 119
A82: Pivô 120
A83: Pivô 121
A84: Pivô 122
A85: Pivô 123
A86: Pivô 124
A87: Pivô 125
... A93: Pivô 133

Sheet 28 02 2022 
A1: Atendimento de irrigação (Imapacto - Problemas Mecânicos) - Semana 28/02/2022
A3: Data | B3: 44620 | C3: =B3+1 -> 44621 | D3: =C3+1 -> 44622 | E3: =D3+1 -> 44623 | F3: =E3+1 -> 44624 | G3: =F3+1 -> 44625 | H3: =G3+1 -> 44626
A4: Pivô | B4: =TEXT(B3,"ddd") -> seg | C4: =TEXT(C3,"ddd") -> ter | D4: =TEXT(D3,"ddd") -> qua | E4: =TEXT(E3,"ddd") -> qui | F4: =TEXT(F3,"ddd") -> sex | G4: =TEXT(G3,"ddd") -> sáb | H4: =TEXT(H3,"ddd") -> dom | J4: Parâmetros | K4: Contagem | L4: Porcentagem | M4: Semana
A5: Pivô 01 | J5: Redutor | K5: =COUNTIF($B$5:$H$93,J5) -> 2 | L5: =K5/$K$15 -> 0.11764706 | M5: 44620
A6: Pivô 02 | J6: Motorredutor | K6: =COUNTIF($B$5:$H$93,J6) -> 0 | L6: =K6/$K$15 -> 0
A7: Pivô 03 | J7: Castanha | K7: =COUNTIF($B$5:$H$93,J7) -> 0 | L7: =K7/$K$15 -> 0
A8: Pivô 04 | J8: Vedação | K8: =COUNTIF($B$5:$H$93,J8) -> 0 | L8: =K8/$K$15 -> 0
A9: Pivô 05 | D9: Pneu | J9: Pneu | K9: =COUNTIF($B$5:$H$93,J9) -> 2 | L9: =K9/$K$15 -> 0.11764706
A10: Pivô 06 | J10: Estrutura | K10: =COUNTIF($B$5:$H$93,J10) -> 10 | L10: =K10/$K$15 -> 0.58823529
A11: Pivô 07 | J11: Bomba/Sucção | K11: =COUNTIF($B$5:$H$93,J11) -> 1 | L11: =K11/$K$15 -> 0.058823529
A12: Pivô 08 | J12: Mangote | K12: =COUNTIF($B$5:$H$93,J12) -> 0 | L12: =K12/$K$15 -> 0
A13: Pivô 09 | J13: Canal/Reservatório | K13: =COUNTIF($B$5:$H$93,J13) -> 0 | L13: =K13/$K$15 -> 0
A14: Pivô 10 | J14: Adutora | K14: =COUNTIF($B$5:$H$93,J14) -> 2 | L14: =K14/$K$15 -> 0.11764706
A15: Pivô 11 | J15: Total | K15: =SUM(K5:K14) -> 17
A16: Pivô 12
A17: Pivô 13
A18: Pivô 14
A19: Pivô 15
A20: Pivô 16 | B20: Estrutura | C20: Estrutura | D20: Estrutura
A21: Pivô 17
A22: Pivô 18
A23: Pivô 19
A24: Pivô 20
A25: Pivô 21
A26: Pivô 22
A27: Pivô 23
A28: Pivô 24
A29: Pivô 25 | C29: Pneu
A30: Pivô 26
A31: Pivô 27
A32: Pivô 28
A33: Pivô 29
A34: Pivô 30 | D34: Adutora | E34: Adutora
A35: Pivô 31
A36: Pivô 32 | C36: Redutor
A37: Pivô 33
A38: Pivô 34
A39: Pivô 35
A40: Pivô 36
A41: Pivô 37
A42: Pivô 38
A43: Pivô 39
A44: Pivô 40
A45: Pivô 41 | D45: Redutor
A46: Pivô 42
A47: Pivô 43
A48: Pivô 44
A49: Pivô 45
A50: Pivô 46
A51: Pivô 47
A52: Pivô 48
A53: Pivô 49
A54: Pivô 50
A55: Pivô 51
A56: Pivô 52
A57: Pivô 53
A58: Pivô 54
A59: Pivô 55 | G59: Bomba/Sucção
A60: Pivô 56
A61: Pivô 73
A62: Pivô 74
A63: Pivô 101
A64: Pivô 102
A65: Pivô 103
A66: Pivô 104
A67: Pivô 105
A68: Pivô 106
A69: Pivô 107
A70: Pivô 108
A71: Pivô 109
... A78: Pivô 116
A79: Pivô 117 | F79: Estrutura
A80: Pivô 118
A81: Pivô 119
A82: Pivô 120
A83: Pivô 121
A84: Pivô 122
A85: Pivô 123
A86: Pivô 124
A87: Pivô 125
A88: Pivô 126
A89: Pivô 127
A90: Pivô 128 | F90: Estrutura
A91: Pivô 129 | B91: Estrutura | C91: Estrutura | D91: Estrutura | E91: Estrutura | F91: Estrutura
A92: Pivô 130
A93: Pivô 133

Sheet 07 03 2022
A1: Atendimento de irrigação (Imapacto - Problemas Mecânicos) - Semana 07/03/2022
A3: Data | B3: 44627 | C3: =B3+1 -> 44628 | D3: =C3+1 -> 44629 | E3: =D3+1 -> 44630 | F3: =E3+1 -> 44631 | G3: =F3+1 -> 44632 | H3: =G3+1 -> 44633
A4: Pivô | B4: =TEXT(B3,"ddd") -> seg | C4: =TEXT(C3,"ddd") -> ter | D4: =TEXT(D3,"ddd") -> qua | E4: =TEXT(E3,"ddd") -> qui | F4: =TEXT(F3,"ddd") -> sex | G4: =TEXT(G3,"ddd") -> sáb | H4: =TEXT(H3,"ddd") -> dom | J4: Parâmetros | K4: Contagem | L4: Porcentagem | M4: Semana
A5: Pivô 01 | J5: Redutor | K5: =COUNTIF($B$5:$H$93,J5) -> 2 | L5: =K5/$K$15 -> 0.2 | M5: 44627
A6: Pivô 02 | J6: Motorredutor | K6: =COUNTIF($B$5:$H$93,J6) -> 0 | L6: =K6/$K$15 -> 0
A7: Pivô 03 | J7: Castanha | K7: =COUNTIF($B$5:$H$93,J7) -> 0 | L7: =K7/$K$15 -> 0
A8: Pivô 04 | J8: Vedação | K8: =COUNTIF($B$5:$H$93,J8) -> 0 | L8: =K8/$K$15 -> 0
A9: Pivô 05 | J9: Pneu | K9: =COUNTIF($B$5:$H$93,J9) -> 2 | L9: =K9/$K$15 -> 0.2
A10: Pivô 06 | J10: Estrutura | K10: =COUNTIF($B$5:$H$93,J10) -> 5 | L10: =K10/$K$15 -> 0.5
A11: Pivô 07 | J11: Bomba/Sucção | K11: =COUNTIF($B$5:$H$93,J11) -> 0 | L11: =K11/$K$15 -> 0
A12: Pivô 08 | J12: Mangote | K12: =COUNTIF($B$5:$H$93,J12) -> 1 | L12: =K12/$K$15 -> 0.1
A13: Pivô 09 | J13: Canal/Reservatório | K13: =COUNTIF($B$5:$H$93,J13) -> 0 | L13: =K13/$K$15 -> 0
A14: Pivô 10 | J14: Adutora | K14: =COUNTIF($B$5:$H$93,J14) -> 0 | L14: =K14/$K$15 -> 0
A15: Pivô 11 | J15: Total | K15: =SUM(K5:K14) -> 10
A16: Pivô 12
A17: Pivô 13
A18: Pivô 14
A19: Pivô 15
A20: Pivô 16
A21: Pivô 17
A22: Pivô 18 | B22: Mangote
A23: Pivô 19
A24: Pivô 20
A25: Pivô 21
A26: Pivô 22 | F26: Redutor
A27: Pivô 23
A28: Pivô 24
A29: Pivô 25 | D29: Pneu | E29: Pneu
A30: Pivô 26
A31: Pivô 27
A32: Pivô 28
A33: Pivô 29
A34: Pivô 30
A35: Pivô 31
A36: Pivô 32
A37: Pivô 33
A38: Pivô 34
A39: Pivô 35
A40: Pivô 36
A41: Pivô 37
... A49: Pivô 45
A50: Pivô 46 | E50: Redutor
A51: Pivô 47
A52: Pivô 48
A53: Pivô 49
A54: Pivô 50
A55: Pivô 51
A56: Pivô 52
A57: Pivô 53
A58: Pivô 54
A59: Pivô 55
A60: Pivô 56
A61: Pivô 73
A62: Pivô 74
... A77: Pivô 115
A78: Pivô 116 | D78: Estrutura
A79: Pivô 117
A80: Pivô 118
A81: Pivô 119 | E81: Estrutura
A82: Pivô 120
A83: Pivô 121
A84: Pivô 122
A85: Pivô 123
A86: Pivô 124
A87: Pivô 125
A88: Pivô 126
A89: Pivô 127
A90: Pivô 128 | D90: Estrutura
A91: Pivô 129 | E91: Estrutura
A92: Pivô 130 | F92: Estrutura
A93: Pivô 133

Sheet 14 03 2022
A1: Atendimento de irrigação (Imapacto - Problemas Mecânicos) - Semana 14/03/2022
A3: Data | B3: 44634 | C3: =B3+1 -> 44635 | D3: =C3+1 -> 44636 | E3: =D3+1 -> 44637 | F3: =E3+1 -> 44638 | G3: =F3+1 -> 44639 | H3: =G3+1 -> 44640
A4: Pivô | B4: =TEXT(B3,"ddd") -> seg | C4: =TEXT(C3,"ddd") -> ter | D4: =TEXT(D3,"ddd") -> qua | E4: =TEXT(E3,"ddd") -> qui | F4: =TEXT(F3,"ddd") -> sex | G4: =TEXT(G3,"ddd") -> sáb | H4: =TEXT(H3,"ddd") -> dom | J4: Parâmetros | K4: Contagem | L4: Porcentagem | M4: Semana
A5: Pivô 01 | J5: Redutor | K5: =COUNTIF($B$5:$H$93,J5) -> 0 | L5: =K5/$K$15 -> 0 | M5: 44634
A6: Pivô 02 | J6: Motorredutor | K6: =COUNTIF($B$5:$H$93,J6) -> 3 | L6: =K6/$K$15 -> 0.15
A7: Pivô 03 | J7: Castanha | K7: =COUNTIF($B$5:$H$93,J7) -> 0 | L7: =K7/$K$15 -> 0
A8: Pivô 04 | J8: Vedação | K8: =COUNTIF($B$5:$H$93,J8) -> 1 | L8: =K8/$K$15 -> 0.05
A9: Pivô 05 | J9: Pneu | K9: =COUNTIF($B$5:$H$93,J9) -> 4 | L9: =K9/$K$15 -> 0.2
A10: Pivô 06 | J10: Estrutura | K10: =COUNTIF($B$5:$H$93,J10) -> 11 | L10: =K10/$K$15 -> 0.55
A11: Pivô 07 | J11: Bomba/Sucção | K11: =COUNTIF($B$5:$H$93,J11) -> 1 | L11: =K11/$K$15 -> 0.05
A12: Pivô 08 | J12: Mangote | K12: =COUNTIF($B$5:$H$93,J12) -> 0 | L12: =K12/$K$15 -> 0
A13: Pivô 09 | J13: Canal/Reservatório | K13: =COUNTIF($B$5:$H$93,J13) -> 0 | L13: =K13/$K$15 -> 0
A14: Pivô 10 | J14: Adutora | K14: =COUNTIF($B$5:$H$93,J14) -> 0 | L14: =K14/$K$15 -> 0
A15: Pivô 11 | J15: Total | K15: =SUM(K5:K14) -> 20
A16: Pivô 12
A17: Pivô 13
A18: Pivô 14
A19: Pivô 15
A20: Pivô 16
A21: Pivô 17
A22: Pivô 18
A23: Pivô 19
A24: Pivô 20
A25: Pivô 21
A26: Pivô 22
A27: Pivô 23
... A32: Pivô 28
A33: Pivô 29 | B33: Vedação
A34: Pivô 30
A35: Pivô 31
A36: Pivô 32
A37: Pivô 33 | B37: Bomba/Sucção
A38: Pivô 34
A39: Pivô 35 | H39: Pneu
A40: Pivô 36
A41: Pivô 37
A42: Pivô 38
A43: Pivô 39
A44: Pivô 40
A45: Pivô 41
A46: Pivô 42
A47: Pivô 43
A48: Pivô 44
A49: Pivô 45 | D49: Pneu
A50: Pivô 46
A51: Pivô 47 | D51: Motorredutor
A52: Pivô 48
A53: Pivô 49 | C53: Pneu | H53: Pneu
A54: Pivô 50
A55: Pivô 51
A56: Pivô 52
A57: Pivô 53
A58: Pivô 54
A59: Pivô 55 | B59: Motorredutor | C59: Motorredutor
A60: Pivô 56
A61: Pivô 73
A62: Pivô 74
A63: Pivô 101
A64: Pivô 102
A65: Pivô 103
A66: Pivô 104
A67: Pivô 105
A68: Pivô 106
A69: Pivô 107
A70: Pivô 108
A71: Pivô 109
... A73: Pivô 111
A74: Pivô 112 | D74: Estrutura
A75: Pivô 113
A76: Pivô 114
A77: Pivô 115
A78: Pivô 116 | G78: Estrutura
A79: Pivô 117 | G79: Estrutura
A80: Pivô 118 | C80: Estrutura | D80: Estrutura | H80: Estrutura
A81: Pivô 119 | D81: Estrutura
A82: Pivô 120
A83: Pivô 121
A84: Pivô 122
A85: Pivô 123
A86: Pivô 124
A87: Pivô 125
A88: Pivô 126
A89: Pivô 127
A90: Pivô 128 | C90: Estrutura | D90: Estrutura | H90: Estrutura
A91: Pivô 129 | H91: Estrutura
A92: Pivô 130
A93: Pivô 133

Sheet 21 03 2022
A1: Atendimento de irrigação (Imapacto - Problemas Mecânicos) - Semana 21/03/2022
A3: Data | B3: 44641 | C3: =B3+1 -> 44642 | D3: =C3+1 -> 44643 | E3: =D3+1 -> 44644 | F3: =E3+1 -> 44645 | G3: =F3+1 -> 44646 | H3: =G3+1 -> 44647
A4: Pivô | B4: =TEXT(B3,"ddd") -> seg | C4: =TEXT(C3,"ddd") -> ter | D4: =TEXT(D3,"ddd") -> qua | E4: =TEXT(E3,"ddd") -> qui | F4: =TEXT(F3,"ddd") -> sex | G4: =TEXT(G3,"ddd") -> sáb | H4: =TEXT(H3,"ddd") -> dom | J4: Parâmetros | K4: Contagem | L4: Porcentagem | M4: Semana
A5: Pivô 01 | J5: Redutor | K5: =COUNTIF($B$5:$H$93,J5) -> 0 | L5: =K5/$K$15 -> 0 | M5: 44641
A6: Pivô 02 | J6: Motorredutor | K6: =COUNTIF($B$5:$H$93,J6) -> 0 | L6: =K6/$K$15 -> 0
A7: Pivô 03 | J7: Castanha | K7: =COUNTIF($B$5:$H$93,J7) -> 0 | L7: =K7/$K$15 -> 0
A8: Pivô 04 | J8: Vedação | K8: =COUNTIF($B$5:$H$93,J8) -> 0 | L8: =K8/$K$15 -> 0
A9: Pivô 05 | B9: Mangote | J9: Pneu | K9: =COUNTIF($B$5:$H$93,J9) -> 1 | L9: =K9/$K$15 -> 0.066666667
A10: Pivô 06 | J10: Estrutura | K10: =COUNTIF($B$5:$H$93,J10) -> 11 | L10: =K10/$K$15 -> 0.73333333
A11: Pivô 07 | J11: Bomba/Sucção | K11: =COUNTIF($B$5:$H$93,J11) -> 0 | L11: =K11/$K$15 -> 0
A12: Pivô 08 | J12: Mangote | K12: =COUNTIF($B$5:$H$93,J12) -> 3 | L12: =K12/$K$15 -> 0.2
A13: Pivô 09 | J13: Canal/Reservatório | K13: =COUNTIF($B$5:$H$93,J13) -> 0 | L13: =K13/$K$15 -> 0
A14: Pivô 10 | J14: Adutora | K14: =COUNTIF($B$5:$H$93,J14) -> 0 | L14: =K14/$K$15 -> 0
A15: Pivô 11 | J15: Total | K15: =SUM(K5:K14) -> 15
A16: Pivô 12
A17: Pivô 13
A18: Pivô 14
A19: Pivô 15
A20: Pivô 16 | E20: Mangote
A21: Pivô 17
A22: Pivô 18
A23: Pivô 19
A24: Pivô 20
A25: Pivô 21
A26: Pivô 22
A27: Pivô 23
A28: Pivô 24
A29: Pivô 25
A30: Pivô 26 | G30: Pneu
A31: Pivô 27
A32: Pivô 28 | E32: Mangote
A33: Pivô 29
A34: Pivô 30
A35: Pivô 31
A36: Pivô 32
A37: Pivô 33
A38: Pivô 34
A39: Pivô 35
A40: Pivô 36
A41: Pivô 37
A42: Pivô 38
A43: Pivô 39
A44: Pivô 40
... A77: Pivô 115
A78: Pivô 116 | E78: Estrutura
A79: Pivô 117 | C79: Estrutura | D79: Estrutura | G79: Estrutura
A80: Pivô 118 | F80: Estrutura
A81: Pivô 119 | B81: Estrutura | G81: Estrutura
A82: Pivô 120
A83: Pivô 121
A84: Pivô 122
A85: Pivô 123
A86: Pivô 124
A87: Pivô 125
A88: Pivô 126
A89: Pivô 127
A90: Pivô 128 | E90: Estrutura | F90: Estrutura | H90: Estrutura
A91: Pivô 129
A92: Pivô 130 | C92: Estrutura
A93: Pivô 133

Sheet 28 03 2022
A1: Atendimento de irrigação (Imapacto - Problemas Mecânicos) - Semana 28/03/2022
A3: Data | B3: 44648 | C3: =B3+1 -> 44649 | D3: =C3+1 -> 44650 | E3: =D3+1 -> 44651 | F3: =E3+1 -> 44652 | G3: =F3+1 -> 44653 | H3: =G3+1 -> 44654
A4: Pivô | B4: =TEXT(B3,"ddd") -> seg | C4: =TEXT(C3,"ddd") -> ter | D4: =TEXT(D3,"ddd") -> qua | E4: =TEXT(E3,"ddd") -> qui | F4: =TEXT(F3,"ddd") -> sex | G4: =TEXT(G3,"ddd") -> sáb | H4: =TEXT(H3,"ddd") -> dom | J4: Parâmetros | K4: Contagem | L4: Porcentagem | M4: Semana
A5: Pivô 01 | J5: Redutor | K5: =COUNTIF($B$5:$H$93,J5) -> 0 | L5: =K5/$K$15 -> 0 | M5: 44648
A6: Pivô 02 | J6: Motorredutor | K6: =COUNTIF($B$5:$H$93,J6) -> 1 | L6: =K6/$K$15 -> 0.071428571
A7: Pivô 03 | J7: Castanha | K7: =COUNTIF($B$5:$H$93,J7) -> 0 | L7: =K7/$K$15 -> 0
A8: Pivô 04 | J8: Vedação | K8: =COUNTIF($B$5:$H$93,J8) -> 0 | L8: =K8/$K$15 -> 0
A9: Pivô 05 | J9: Pneu | K9: =COUNTIF($B$5:$H$93,J9) -> 1 | L9: =K9/$K$15 -> 0.071428571
A10: Pivô 06 | H10: Adutora | J10: Estrutura | K10: =COUNTIF($B$5:$H$93,J10) -> 11 | L10: =K10/$K$15 -> 0.78571429
A11: Pivô 07 | H11: Motorredutor | J11: Bomba/Sucção | K11: =COUNTIF($B$5:$H$93,J11) -> 0 | L11: =K11/$K$15 -> 0
A12: Pivô 08 | J12: Mangote | K12: =COUNTIF($B$5:$H$93,J12) -> 0 | L12: =K12/$K$15 -> 0
A13: Pivô 09 | J13: Canal/Reservatório | K13: =COUNTIF($B$5:$H$93,J13) -> 0 | L13: =K13/$K$15 -> 0
A14: Pivô 10 | J14: Adutora | K14: =COUNTIF($B$5:$H$93,J14) -> 1 | L14: =K14/$K$15 -> 0.071428571
A15: Pivô 11 | J15: Total | K15: =SUM(K5:K14) -> 14
A16: Pivô 12
A17: Pivô 13
A18: Pivô 14
A19: Pivô 15
A20: Pivô 16
A21: Pivô 17
A22: Pivô 18 | G22: Pneu
A23: Pivô 19
A24: Pivô 20
A25: Pivô 21
A26: Pivô 22
A27: Pivô 23
A28: Pivô 24 | C28: Estrutura
A29: Pivô 25
A30: Pivô 26 | C30: Estrutura
A31: Pivô 27
A32: Pivô 28
A33: Pivô 29
A34: Pivô 30
A35: Pivô 31
A36: Pivô 32 | C36: Estrutura
A37: Pivô 33
A38: Pivô 34 | C38: Estrutura
A39: Pivô 35
A40: Pivô 36
A41: Pivô 37
A42: Pivô 38
A43: Pivô 39
A44: Pivô 40
A45: Pivô 41
A46: Pivô 42
A47: Pivô 43
A48: Pivô 44
A49: Pivô 45
A50: Pivô 46
... A75: Pivô 113
A76: Pivô 114 | B76: Estrutura
A77: Pivô 115
A78: Pivô 116
A79: Pivô 117 | C79: Estrutura | G79: Estrutura
A80: Pivô 118 | B80: Estrutura
A81: Pivô 119 | D81: Estrutura
A82: Pivô 120
A83: Pivô 121
A84: Pivô 122
A85: Pivô 123
A86: Pivô 124
A87: Pivô 125
A88: Pivô 126
A89: Pivô 127
A90: Pivô 128 | E90: Estrutura
A91: Pivô 129
A92: Pivô 130 | E92: Estrutura
A93: Pivô 133

Sheet 04 04 2022
A1: Atendimento de irrigação (Imapacto - Problemas Mecânicos) - Semana 04/04/2022
A3: Data | B3: 44655 | C3: =B3+1 -> 44656 | D3: =C3+1 -> 44657 | E3: =D3+1 -> 44658 | F3: =E3+1 -> 44659 | G3: =F3+1 -> 44660 | H3: =G3+1 -> 44661
A4: Pivô | B4: =TEXT(B3,"ddd") -> seg | C4: =TEXT(C3,"ddd") -> ter | D4: =TEXT(D3,"ddd") -> qua | E4: =TEXT(E3,"ddd") -> qui | F4: =TEXT(F3,"ddd") -> sex | G4: =TEXT(G3,"ddd") -> sáb | H4: =TEXT(H3,"ddd") -> dom | J4: Parâmetros | K4: Contagem | L4: Porcentagem | M4: Semana
A5: Pivô 01 | J5: Redutor | K5: =COUNTIF($B$5:$H$93,J5) -> 0 | L5: =K5/$K$15 -> 0 | M5: 44655
A6: Pivô 02 | J6: Motorredutor | K6: =COUNTIF($B$5:$H$93,J6) -> 1 | L6: =K6/$K$15 -> 0.058823529
A7: Pivô 03 | J7: Castanha | K7: =COUNTIF($B$5:$H$93,J7) -> 0 | L7: =K7/$K$15 -> 0
A8: Pivô 04 | J8: Vedação | K8: =COUNTIF($B$5:$H$93,J8) -> 1 | L8: =K8/$K$15 -> 0.058823529
A9: Pivô 05 | J9: Pneu | K9: =COUNTIF($B$5:$H$93,J9) -> 1 | L9: =K9/$K$15 -> 0.058823529
A10: Pivô 06 | B10: Adutora | C10: Adutora | J10: Estrutura | K10: =COUNTIF($B$5:$H$93,J10) -> 11 | L10: =K10/$K$15 -> 0.64705882
A11: Pivô 07 | J11: Bomba/Sucção | K11: =COUNTIF($B$5:$H$93,J11) -> 1 | L11: =K11/$K$15 -> 0.058823529
A12: Pivô 08 | J12: Mangote | K12: =COUNTIF($B$5:$H$93,J12) -> 0 | L12: =K12/$K$15 -> 0
A13: Pivô 09 | J13: Canal/Reservatório | K13: =COUNTIF($B$5:$H$93,J13) -> 0 | L13: =K13/$K$15 -> 0
A14: Pivô 10 | J14: Adutora | K14: =COUNTIF($B$5:$H$93,J14) -> 2 | L14: =K14/$K$15 -> 0.11764706
A15: Pivô 11 | J15: Total | K15: =SUM(K5:K14) -> 17
A16: Pivô 12
A17: Pivô 13
A18: Pivô 14
A19: Pivô 15
A20: Pivô 16
A21: Pivô 17
A22: Pivô 18 | E22: Vedação
A23: Pivô 19
A24: Pivô 20
A25: Pivô 21
A26: Pivô 22
A27: Pivô 23 | F27: Estrutura
A28: Pivô 24 | E28: Estrutura
A29: Pivô 25 | F29: Bomba/Sucção
A30: Pivô 26
A31: Pivô 27
A32: Pivô 28 | C32: Estrutura
A33: Pivô 29
A34: Pivô 30 | E34: Estrutura
A35: Pivô 31
A36: Pivô 32
A37: Pivô 33 | C37: Pneu | E37: Estrutura
A38: Pivô 34
A39: Pivô 35
A40: Pivô 36
A41: Pivô 37
A42: Pivô 38
A43: Pivô 39
A44: Pivô 40
A45: Pivô 41
A46: Pivô 42
A47: Pivô 43
A48: Pivô 44
A49: Pivô 45
... A58: Pivô 54
A59: Pivô 55 | G59: Motorredutor
A60: Pivô 56
A61: Pivô 73
A62: Pivô 74
A63: Pivô 101 | F63: Estrutura
A64: Pivô 102
A65: Pivô 103
A66: Pivô 104
A67: Pivô 105
A68: Pivô 106 | F68: Estrutura
A69: Pivô 107 | F69: Estrutura
A70: Pivô 108
A71: Pivô 109
A72: Pivô 110
A73: Pivô 111
A74: Pivô 112
A75: Pivô 113
A76: Pivô 114
A77: Pivô 115
A78: Pivô 116
A79: Pivô 117
A80: Pivô 118
A81: Pivô 119
... A87: Pivô 125
A88: Pivô 126 | G88: Estrutura
A89: Pivô 127
A90: Pivô 128
A91: Pivô 129 | F91: Estrutura
A92: Pivô 130 | C92: Estrutura
A93: Pivô 133

Sheet 11 04 2022
A1: Atendimento de irrigação (Imapacto - Problemas Mecânicos) - Semana 11/04/2022
A3: Data | B3: 44662 | C3: =B3+1 -> 44663 | D3: =C3+1 -> 44664 | E3: =D3+1 -> 44665 | F3: =E3+1 -> 44666 | G3: =F3+1 -> 44667 | H3: =G3+1 -> 44668
A4: Pivô | B4: =TEXT(B3,"ddd") -> seg | C4: =TEXT(C3,"ddd") -> ter | D4: =TEXT(D3,"ddd") -> qua | E4: =TEXT(E3,"ddd") -> qui | F4: =TEXT(F3,"ddd") -> sex | G4: =TEXT(G3,"ddd") -> sáb | H4: =TEXT(H3,"ddd") -> dom | J4: Parâmetros | K4: Contagem | L4: Porcentagem | M4: Semana
A5: Pivô 01 | J5: Redutor | K5: =COUNTIF($B$5:$H$93,J5) -> 2 | L5: =K5/$K$15 -> 0.086956522 | M5: 44662
A6: Pivô 02 | J6: Motorredutor | K6: =COUNTIF($B$5:$H$93,J6) -> 0 | L6: =K6/$K$15 -> 0
A7: Pivô 03 | J7: Castanha | K7: =COUNTIF($B$5:$H$93,J7) -> 0 | L7: =K7/$K$15 -> 0
A8: Pivô 04 | J8: Vedação | K8: =COUNTIF($B$5:$H$93,J8) -> 2 | L8: =K8/$K$15 -> 0.086956522
A9: Pivô 05 | J9: Pneu | K9: =COUNTIF($B$5:$H$93,J9) -> 2 | L9: =K9/$K$15 -> 0.086956522
A10: Pivô 06 | J10: Estrutura | K10: =COUNTIF($B$5:$H$93,J10) -> 15 | L10: =K10/$K$15 -> 0.65217391
A11: Pivô 07 | E11: Pneu | J11: Bomba/Sucção | K11: =COUNTIF($B$5:$H$93,J11) -> 0 | L11: =K11/$K$15 -> 0
A12: Pivô 08 | B12: Redutor | J12: Mangote | K12: =COUNTIF($B$5:$H$93,J12) -> 0 | L12: =K12/$K$15 -> 0
A13: Pivô 09 | B13: Redutor | J13: Canal/Reservatório | K13: =COUNTIF($B$5:$H$93,J13) -> 0 | L13: =K13/$K$15 -> 0
A14: Pivô 10 | J14: Adutora | K14: =COUNTIF($B$5:$H$93,J14) -> 2 | L14: =K14/$K$15 -> 0.086956522
A15: Pivô 11 | J15: Total | K15: =SUM(K5:K14) -> 23
A16: Pivô 12
A17: Pivô 13
A18: Pivô 14
A19: Pivô 15
A20: Pivô 16
A21: Pivô 17
A22: Pivô 18
A23: Pivô 19
A24: Pivô 20
A25: Pivô 21
A26: Pivô 22 | B26: Vedação
A27: Pivô 23 | C27: Vedação
A28: Pivô 24 | D28: Pneu
A29: Pivô 25
A30: Pivô 26 | D30: Estrutura
A31: Pivô 27
A32: Pivô 28 | D32: Estrutura
A33: Pivô 29
A34: Pivô 30 | E34: Estrutura | F34: Estrutura | G34: Adutora | H34: Adutora
A35: Pivô 31 | D35: Estrutura
A36: Pivô 32 | C36: Estrutura | E36: Estrutura
A37: Pivô 33 | C37: Estrutura | E37: Estrutura
A38: Pivô 34 | D38: Estrutura
A39: Pivô 35
A40: Pivô 36
A41: Pivô 37
A42: Pivô 38
A43: Pivô 39
A44: Pivô 40
A45: Pivô 41
A46: Pivô 42
A47: Pivô 43
A48: Pivô 44 | D48: Estrutura
A49: Pivô 45
A50: Pivô 46
A51: Pivô 47
A52: Pivô 48
A53: Pivô 49
A54: Pivô 50
A55: Pivô 51
A56: Pivô 52
A57: Pivô 53
A58: Pivô 54
A59: Pivô 55
A60: Pivô 56
... A69: Pivô 107
A70: Pivô 108 | D70: Estrutura
A71: Pivô 109 | D71: Estrutura
A72: Pivô 110
A73: Pivô 111
A74: Pivô 112
A75: Pivô 113
A76: Pivô 114
A77: Pivô 115
A78: Pivô 116
A79: Pivô 117
A80: Pivô 118
A81: Pivô 119 | D81: Estrutura
A82: Pivô 120
A83: Pivô 121
A84: Pivô 122
A85: Pivô 123
A86: Pivô 124
A87: Pivô 125
A88: Pivô 126 | D88: Estrutura
A89: Pivô 127
A90: Pivô 128
A91: Pivô 129
A92: Pivô 130
A93: Pivô 133

Sheet 18 04 2022
A1: Atendimento de irrigação (Imapacto - Problemas Mecânicos) - Semana 18/04/2022
A3: Data | B3: 44669 | C3: =B3+1 -> 44670 | D3: =C3+1 -> 44671 | E3: =D3+1 -> 44672 | F3: =E3+1 -> 44673 | G3: =F3+1 -> 44674 | H3: =G3+1 -> 44675
A4: Pivô | B4: =TEXT(B3,"ddd") -> seg | C4: =TEXT(C3,"ddd") -> ter | D4: =TEXT(D3,"ddd") -> qua | E4: =TEXT(E3,"ddd") -> qui | F4: =TEXT(F3,"ddd") -> sex | G4: =TEXT(G3,"ddd") -> sáb | H4: =TEXT(H3,"ddd") -> dom | J4: Parâmetros | K4: Contagem | L4: Porcentagem | M4: Semana
A5: Pivô 01 | J5: Redutor | K5: =COUNTIF($B$5:$H$93,J5) -> 4 | L5: =K5/$K$15 -> 0.16 | M5: 44669
A6: Pivô 02 | J6: Motorredutor | K6: =COUNTIF($B$5:$H$93,J6) -> 1 | L6: =K6/$K$15 -> 0.04
A7: Pivô 03 | J7: Castanha | K7: =COUNTIF($B$5:$H$93,J7) -> 0 | L7: =K7/$K$15 -> 0
A8: Pivô 04 | J8: Vedação | K8: =COUNTIF($B$5:$H$93,J8) -> 3 | L8: =K8/$K$15 -> 0.12
A9: Pivô 05 | J9: Pneu | K9: =COUNTIF($B$5:$H$93,J9) -> 4 | L9: =K9/$K$15 -> 0.16
A10: Pivô 06 | J10: Estrutura | K10: =COUNTIF($B$5:$H$93,J10) -> 5 | L10: =K10/$K$15 -> 0.2
A11: Pivô 07 | C11: Canal/Reservatório | D11: Redutor | F11: Pneu | J11: Bomba/Sucção | K11: =COUNTIF($B$5:$H$93,J11) -> 1 | L11: =K11/$K$15 -> 0.04
A12: Pivô 08 | G12: Redutor | J12: Mangote | K12: =COUNTIF($B$5:$H$93,J12) -> 0 | L12: =K12/$K$15 -> 0
A13: Pivô 09 | J13: Canal/Reservatório | K13: =COUNTIF($B$5:$H$93,J13) -> 6 | L13: =K13/$K$15 -> 0.24
A14: Pivô 10 | G14: Redutor | H14: Bomba/Sucção | J14: Adutora | K14: =COUNTIF($B$5:$H$93,J14) -> 1 | L14: =K14/$K$15 -> 0.04
A15: Pivô 11 | J15: Total | K15: =SUM(K5:K14) -> 25
A16: Pivô 12
A17: Pivô 13
A18: Pivô 14
A19: Pivô 15
A20: Pivô 16
A21: Pivô 17 | B21: Canal/Reservatório
A22: Pivô 18 | C22: Canal/Reservatório
A23: Pivô 19 | C23: Motorredutor
A24: Pivô 20
A25: Pivô 21
A26: Pivô 22
A27: Pivô 23 | H27: Canal/Reservatório
A28: Pivô 24 | E28: Vedação | F28: Vedação | G28: Canal/Reservatório | H28: Canal/Reservatório
A29: Pivô 25 | C29: Pneu
A30: Pivô 26 | E30: Estrutura
A31: Pivô 27 | D31: Estrutura
A32: Pivô 28 | B32: Redutor
A33: Pivô 29 | E33: Adutora
A34: Pivô 30 | F34: Estrutura
A35: Pivô 31
A36: Pivô 32 | E36: Estrutura
A37: Pivô 33 | C37: Vedação
A38: Pivô 34 | B38: Estrutura
A39: Pivô 35
A40: Pivô 36
A41: Pivô 37
A42: Pivô 38
A43: Pivô 39
A44: Pivô 40 | B44: Pneu
A45: Pivô 41 | G45: Pneu
A46: Pivô 42
A47: Pivô 43
A48: Pivô 44
A49: Pivô 45
A50: Pivô 46
A51: Pivô 47
A52: Pivô 48
A53: Pivô 49
A54: Pivô 50
A55: Pivô 51
A56: Pivô 52
A57: Pivô 53
... A93: Pivô 133

Sheet 25 04 2022
A1: Atendimento de irrigação (Imapacto - Problemas Mecânicos) - Semana 25/04/2022
A3: Data | B3: 44676 | C3: =B3+1 -> 44677 | D3: =C3+1 -> 44678 | E3: =D3+1 -> 44679 | F3: =E3+1 -> 44680 | G3: =F3+1 -> 44681 | H3: =G3+1 -> 44682
A4: Pivô | B4: =TEXT(B3,"ddd") -> seg | C4: =TEXT(C3,"ddd") -> ter | D4: =TEXT(D3,"ddd") -> qua | E4: =TEXT(E3,"ddd") -> qui | F4: =TEXT(F3,"ddd") -> sex | G4: =TEXT(G3,"ddd") -> sáb | H4: =TEXT(H3,"ddd") -> dom | J4: Parâmetros | K4: Contagem | L4: Porcentagem | M4: Semana
A5: Pivô 01 | J5: Redutor | K5: =COUNTIF($B$5:$H$93,J5) -> 3 | L5: =K5/$K$15 -> 0.10714286 | M5: 44676
A6: Pivô 02 | E6: Redutor | G6: Bomba/Sucção | J6: Motorredutor | K6: =COUNTIF($B$5:$H$93,J6) -> 0 | L6: =K6/$K$15 -> 0
A7: Pivô 03 | J7: Castanha | K7: =COUNTIF($B$5:$H$93,J7) -> 1 | L7: =K7/$K$15 -> 0.035714286
A8: Pivô 04 | J8: Vedação | K8: =COUNTIF($B$5:$H$93,J8) -> 2 | L8: =K8/$K$15 -> 0.071428571
A9: Pivô 05 | J9: Pneu | K9: =COUNTIF($B$5:$H$93,J9) -> 1 | L9: =K9/$K$15 -> 0.035714286
A10: Pivô 06 | J10: Estrutura | K10: =COUNTIF($B$5:$H$93,J10) -> 0 | L10: =K10/$K$15 -> 0
A11: Pivô 07 | J11: Bomba/Sucção | K11: =COUNTIF($B$5:$H$93,J11) -> 13 | L11: =K11/$K$15 -> 0.46428571
A12: Pivô 08 | J12: Mangote | K12: =COUNTIF($B$5:$H$93,J12) -> 0 | L12: =K12/$K$15 -> 0
A13: Pivô 09 | J13: Canal/Reservatório | K13: =COUNTIF($B$5:$H$93,J13) -> 8 | L13: =K13/$K$15 -> 0.28571429
A14: Pivô 10 | C14: Bomba/Sucção | D14: Bomba/Sucção | E14: Bomba/Sucção | F14: Bomba/Sucção | J14: Adutora | K14: =COUNTIF($B$5:$H$93,J14) -> 0 | L14: =K14/$K$15 -> 0
A15: Pivô 11 | B15: Vedação | J15: Total | K15: =SUM(K5:K14) -> 28
A16: Pivô 12
A17: Pivô 13
A18: Pivô 14
A19: Pivô 15
A20: Pivô 16 | D20: Vedação
A21: Pivô 17
A22: Pivô 18
A23: Pivô 19
A24: Pivô 20
A25: Pivô 21
A26: Pivô 22
A27: Pivô 23 | C27: Canal/Reservatório | D27: Canal/Reservatório | E27: Canal/Reservatório | H27: Bomba/Sucção
A28: Pivô 24 | D28: Canal/Reservatório | E28: Canal/Reservatório | H28: Bomba/Sucção
A29: Pivô 25 | D29: Redutor | H29: Castanha
A30: Pivô 26
A31: Pivô 27
A32: Pivô 28
A33: Pivô 29
A34: Pivô 30
A35: Pivô 31
A36: Pivô 32 | F36: Canal/Reservatório
A37: Pivô 33 | F37: Canal/Reservatório
A38: Pivô 34
A39: Pivô 35
A40: Pivô 36 | B40: Redutor
A41: Pivô 37
A42: Pivô 38
A43: Pivô 39
A44: Pivô 40
A45: Pivô 41
A46: Pivô 42
A47: Pivô 43
A48: Pivô 44
A49: Pivô 45
A50: Pivô 46 | G50: Pneu
A51: Pivô 47
A52: Pivô 48
A53: Pivô 49
A54: Pivô 50
A55: Pivô 51
A56: Pivô 52
A57: Pivô 53
A58: Pivô 54
A59: Pivô 55
A60: Pivô 56 | F60: Canal/Reservatório
A61: Pivô 73
A62: Pivô 74
A63: Pivô 101
A64: Pivô 102
A65: Pivô 103
A66: Pivô 104 | B66: Bomba/Sucção | C66: Bomba/Sucção | D66: Bomba/Sucção | E66: Bomba/Sucção | F66: Bomba/Sucção | G66: Bomba/Sucção
A67: Pivô 105
A68: Pivô 106
A69: Pivô 107
A70: Pivô 108
A71: Pivô 109
A72: Pivô 110
A73: Pivô 111
A74: Pivô 112
A75: Pivô 113
A76: Pivô 114
A77: Pivô 115
A78: Pivô 116
... A93: Pivô 133

Sheet 02 05 2022
A1: Atendimento de irrigação (Imapacto - Problemas Mecânicos) - Semana 02/05/2022
A3: Data | B3: 44683 | C3: =B3+1 -> 44684 | D3: =C3+1 -> 44685 | E3: =D3+1 -> 44686 | F3: =E3+1 -> 44687 | G3: =F3+1 -> 44688 | H3: =G3+1 -> 44689
A4: Pivô | B4: =TEXT(B3,"ddd") -> seg | C4: =TEXT(C3,"ddd") -> ter | D4: =TEXT(D3,"ddd") -> qua | E4: =TEXT(E3,"ddd") -> qui | F4: =TEXT(F3,"ddd") -> sex | G4: =TEXT(G3,"ddd") -> sáb | H4: =TEXT(H3,"ddd") -> dom | J4: Parâmetros | K4: Contagem | L4: Porcentagem | M4: Semana
A5: Pivô 01 | F5: Canal/Reservatório | J5: Redutor | K5: =COUNTIF($B$5:$H$93,J5) -> 2 | L5: =K5/$K$15 -> 0.125 | M5: 44683
A6: Pivô 02 | J6: Motorredutor | K6: =COUNTIF($B$5:$H$93,J6) -> 0 | L6: =K6/$K$15 -> 0
A7: Pivô 03 | F7: Canal/Reservatório | J7: Castanha | K7: =COUNTIF($B$5:$H$93,J7) -> 2 | L7: =K7/$K$15 -> 0.125
A8: Pivô 04 | J8: Vedação | K8: =COUNTIF($B$5:$H$93,J8) -> 0 | L8: =K8/$K$15 -> 0
A9: Pivô 05 | J9: Pneu | K9: =COUNTIF($B$5:$H$93,J9) -> 5 | L9: =K9/$K$15 -> 0.3125
A10: Pivô 06 | G10: Pneu | J10: Estrutura | K10: =COUNTIF($B$5:$H$93,J10) -> 0 | L10: =K10/$K$15 -> 0
A11: Pivô 07 | F11: Pneu | J11: Bomba/Sucção | K11: =COUNTIF($B$5:$H$93,J11) -> 5 | L11: =K11/$K$15 -> 0.3125
A12: Pivô 08 | J12: Mangote | K12: =COUNTIF($B$5:$H$93,J12) -> 0 | L12: =K12/$K$15 -> 0
A13: Pivô 09 | J13: Canal/Reservatório | K13: =COUNTIF($B$5:$H$93,J13) -> 2 | L13: =K13/$K$15 -> 0.125
A14: Pivô 10 | J14: Adutora | K14: =COUNTIF($B$5:$H$93,J14) -> 0 | L14: =K14/$K$15 -> 0
A15: Pivô 11 | J15: Total | K15: =SUM(K5:K14) -> 16
A16: Pivô 12
A17: Pivô 13
A18: Pivô 14 | B18: Bomba/Sucção | C18: Bomba/Sucção | D18: Bomba/Sucção
A19: Pivô 15
A20: Pivô 16
A21: Pivô 17
A22: Pivô 18
A23: Pivô 19
A24: Pivô 20
A25: Pivô 21
A26: Pivô 22 | F26: Pneu
A27: Pivô 23 | B27: Bomba/Sucção
A28: Pivô 24 | B28: Bomba/Sucção
A29: Pivô 25
A30: Pivô 26
A31: Pivô 27
A32: Pivô 28 | D32: Castanha
A33: Pivô 29
A34: Pivô 30
A35: Pivô 31
A36: Pivô 32 | B36: Castanha
A37: Pivô 33
A38: Pivô 34
A39: Pivô 35
A40: Pivô 36
A41: Pivô 37
A42: Pivô 38
A43: Pivô 39
A44: Pivô 40
A45: Pivô 41
A46: Pivô 42
A47: Pivô 43
A48: Pivô 44
A49: Pivô 45 | F49: Redutor | G49: Redutor
A50: Pivô 46
A51: Pivô 47
A52: Pivô 48
A53: Pivô 49
A54: Pivô 50
A55: Pivô 51
A56: Pivô 52
A57: Pivô 53
A58: Pivô 54
A59: Pivô 55
A60: Pivô 56
A61: Pivô 73
... A74: Pivô 112
A75: Pivô 113 | G75: Pneu | H75: Pneu
A76: Pivô 114
A77: Pivô 115
A78: Pivô 116
A79: Pivô 117
A80: Pivô 118
A81: Pivô 119
A82: Pivô 120
A83: Pivô 121
A84: Pivô 122
A85: Pivô 123
A86: Pivô 124
A87: Pivô 125
... A93: Pivô 133

Sheet 09 05 2022
A1: Atendimento de irrigação (Imapacto - Problemas Mecânicos) - Semana 09/05/2022
A3: Data | B3: 44690 | C3: =B3+1 -> 44691 | D3: =C3+1 -> 44692 | E3: =D3+1 -> 44693 | F3: =E3+1 -> 44694 | G3: =F3+1 -> 44695 | H3: =G3+1 -> 44696
A4: Pivô | B4: =TEXT(B3,"ddd") -> seg | C4: =TEXT(C3,"ddd") -> ter | D4: =TEXT(D3,"ddd") -> qua | E4: =TEXT(E3,"ddd") -> qui | F4: =TEXT(F3,"ddd") -> sex | G4: =TEXT(G3,"ddd") -> sáb | H4: =TEXT(H3,"ddd") -> dom | J4: Parâmetros | K4: Contagem | L4: Porcentagem | M4: Semana
A5: Pivô 01 | F5: Canal/Reservatório | J5: Redutor | K5: =COUNTIF($B$5:$H$93,J5) -> 1 | L5: =K5/$K$15 -> 0.14285714 | M5: 44690
A6: Pivô 02 | E6: Canal/Reservatório | J6: Motorredutor | K6: =COUNTIF($B$5:$H$93,J6) -> 0 | L6: =K6/$K$15 -> 0
A7: Pivô 03 | F7: Canal/Reservatório | J7: Castanha | K7: =COUNTIF($B$5:$H$93,J7) -> 0 | L7: =K7/$K$15 -> 0
A8: Pivô 04 | J8: Vedação | K8: =COUNTIF($B$5:$H$93,J8) -> 0 | L8: =K8/$K$15 -> 0
A9: Pivô 05 | J9: Pneu | K9: =COUNTIF($B$5:$H$93,J9) -> 0 | L9: =K9/$K$15 -> 0
A10: Pivô 06 | J10: Estrutura | K10: =COUNTIF($B$5:$H$93,J10) -> 0 | L10: =K10/$K$15 -> 0
A11: Pivô 07 | J11: Bomba/Sucção | K11: =COUNTIF($B$5:$H$93,J11) -> 0 | L11: =K11/$K$15 -> 0
A12: Pivô 08 | J12: Mangote | K12: =COUNTIF($B$5:$H$93,J12) -> 0 | L12: =K12/$K$15 -> 0
A13: Pivô 09 | J13: Canal/Reservatório | K13: =COUNTIF($B$5:$H$93,J13) -> 3 | L13: =K13/$K$15 -> 0.42857143
A14: Pivô 10 | J14: Adutora | K14: =COUNTIF($B$5:$H$93,J14) -> 3 | L14: =K14/$K$15 -> 0.42857143
A15: Pivô 11 | J15: Total | K15: =SUM(K5:K14) -> 7
A16: Pivô 12
A17: Pivô 13
A18: Pivô 14
A19: Pivô 15
A20: Pivô 16
A21: Pivô 17
A22: Pivô 18
A23: Pivô 19
A24: Pivô 20
A25: Pivô 21
A26: Pivô 22
A27: Pivô 23 | B27: Redutor
A28: Pivô 24
A29: Pivô 25
A30: Pivô 26
A31: Pivô 27
A32: Pivô 28
A33: Pivô 29
A34: Pivô 30 | E34: Adutora | F34: Adutora | G34: Adutora
A35: Pivô 31
A36: Pivô 32
A37: Pivô 33
A38: Pivô 34
A39: Pivô 35
A40: Pivô 36
A41: Pivô 37
A42: Pivô 38
A43: Pivô 39
A44: Pivô 40
A45: Pivô 41
A46: Pivô 42
... A93: Pivô 133

Sheet 16 05 2022 
A1: Atendimento de irrigação (Imapacto - Problemas Mecânicos) - Semana 16/05/2022
A3: Data | B3: 44697 | C3: =B3+1 -> 44698 | D3: =C3+1 -> 44699 | E3: =D3+1 -> 44700 | F3: =E3+1 -> 44701 | G3: =F3+1 -> 44702 | H3: =G3+1 -> 44703
A4: Pivô | B4: =TEXT(B3,"ddd") -> seg | C4: =TEXT(C3,"ddd") -> ter | D4: =TEXT(D3,"ddd") -> qua | E4: =TEXT(E3,"ddd") -> qui | F4: =TEXT(F3,"ddd") -> sex | G4: =TEXT(G3,"ddd") -> sáb | H4: =TEXT(H3,"ddd") -> dom | J4: Parâmetros | K4: Contagem | L4: Porcentagem | M4: Semana
A5: Pivô 01 | J5: Redutor | K5: =COUNTIF($B$5:$H$93,J5) -> 3 | L5: =K5/$K$15 -> 0.42857143 | M5: 44697
A6: Pivô 02 | J6: Motorredutor | K6: =COUNTIF($B$5:$H$93,J6) -> 0 | L6: =K6/$K$15 -> 0
A7: Pivô 03 | J7: Castanha | K7: =COUNTIF($B$5:$H$93,J7) -> 2 | L7: =K7/$K$15 -> 0.28571429
A8: Pivô 04 | J8: Vedação | K8: =COUNTIF($B$5:$H$93,J8) -> 1 | L8: =K8/$K$15 -> 0.14285714
A9: Pivô 05 | J9: Pneu | K9: =COUNTIF($B$5:$H$93,J9) -> 1 | L9: =K9/$K$15 -> 0.14285714
A10: Pivô 06 | J10: Estrutura | K10: =COUNTIF($B$5:$H$93,J10) -> 0 | L10: =K10/$K$15 -> 0
A11: Pivô 07 | J11: Bomba/Sucção | K11: =COUNTIF($B$5:$H$93,J11) -> 0 | L11: =K11/$K$15 -> 0
A12: Pivô 08 | J12: Mangote | K12: =COUNTIF($B$5:$H$93,J12) -> 0 | L12: =K12/$K$15 -> 0
A13: Pivô 09 | J13: Canal/Reservatório | K13: =COUNTIF($B$5:$H$93,J13) -> 0 | L13: =K13/$K$15 -> 0
A14: Pivô 10 | J14: Adutora | K14: =COUNTIF($B$5:$H$93,J14) -> 0 | L14: =K14/$K$15 -> 0
A15: Pivô 11 | J15: Total | K15: =SUM(K5:K14) -> 7
A16: Pivô 12 | B16: Castanha | G16: Pneu | H16: Redutor
A17: Pivô 13
A18: Pivô 14
A19: Pivô 15
A20: Pivô 16
A21: Pivô 17
A22: Pivô 18
A23: Pivô 19
A24: Pivô 20 | G24: Vedação
A25: Pivô 21
A26: Pivô 22
A27: Pivô 23
A28: Pivô 24
A29: Pivô 25 | G29: Redutor
A30: Pivô 26
A31: Pivô 27
A32: Pivô 28
A33: Pivô 29
A34: Pivô 30
A35: Pivô 31
A36: Pivô 32
A37: Pivô 33
A38: Pivô 34
A39: Pivô 35
A40: Pivô 36
A41: Pivô 37
... A43: Pivô 39
A44: Pivô 40 | H44: Redutor
A45: Pivô 41
A46: Pivô 42
A47: Pivô 43
A48: Pivô 44
A49: Pivô 45
A50: Pivô 46
A51: Pivô 47
A52: Pivô 48
A53: Pivô 49
A54: Pivô 50
A55: Pivô 51
A56: Pivô 52
... A92: Pivô 130
A93: Pivô 133 | B93: Castanha

Sheet 23 05 2022  
A1: Atendimento de irrigação (Imapacto - Problemas Mecânicos) - Semana 23/05/2022
A3: Data | B3: 44704 | C3: =B3+1 -> 44705 | D3: =C3+1 -> 44706 | E3: =D3+1 -> 44707 | F3: =E3+1 -> 44708 | G3: =F3+1 -> 44709 | H3: =G3+1 -> 44710
A4: Pivô | B4: =TEXT(B3,"ddd") -> seg | C4: =TEXT(C3,"ddd") -> ter | D4: =TEXT(D3,"ddd") -> qua | E4: =TEXT(E3,"ddd") -> qui | F4: =TEXT(F3,"ddd") -> sex | G4: =TEXT(G3,"ddd") -> sáb | H4: =TEXT(H3,"ddd") -> dom | J4: Parâmetros | K4: Contagem | L4: Porcentagem | M4: Semana
A5: Pivô 01 | J5: Redutor | K5: =COUNTIF($B$5:$H$93,J5) -> 4 | L5: =K5/$K$15 -> 0.2 | M5: 44704
A6: Pivô 02 | J6: Motorredutor | K6: =COUNTIF($B$5:$H$93,J6) -> 2 | L6: =K6/$K$15 -> 0.1
A7: Pivô 03 | E7: Vedação | J7: Castanha | K7: =COUNTIF($B$5:$H$93,J7) -> 1 | L7: =K7/$K$15 -> 0.05
A8: Pivô 04 | J8: Vedação | K8: =COUNTIF($B$5:$H$93,J8) -> 4 | L8: =K8/$K$15 -> 0.2
A9: Pivô 05 | C9: Vedação | J9: Pneu | K9: =COUNTIF($B$5:$H$93,J9) -> 1 | L9: =K9/$K$15 -> 0.05
A10: Pivô 06 | J10: Estrutura | K10: =COUNTIF($B$5:$H$93,J10) -> 0 | L10: =K10/$K$15 -> 0
A11: Pivô 07 | J11: Bomba/Sucção | K11: =COUNTIF($B$5:$H$93,J11) -> 7 | L11: =K11/$K$15 -> 0.35
A12: Pivô 08 | J12: Mangote | K12: =COUNTIF($B$5:$H$93,J12) -> 0 | L12: =K12/$K$15 -> 0
A13: Pivô 09 | J13: Canal/Reservatório | K13: =COUNTIF($B$5:$H$93,J13) -> 0 | L13: =K13/$K$15 -> 0
A14: Pivô 10 | J14: Adutora | K14: =COUNTIF($B$5:$H$93,J14) -> 1 | L14: =K14/$K$15 -> 0.05
A15: Pivô 11 | D15: Castanha | J15: Total | K15: =SUM(K5:K14) -> 20
A16: Pivô 12 | B16: Redutor | C16: Redutor
A17: Pivô 13
A18: Pivô 14
A19: Pivô 15 | B19: Vedação
A20: Pivô 16
A21: Pivô 17
A22: Pivô 18
A23: Pivô 19
A24: Pivô 20 | G24: Motorredutor | H24: Motorredutor
A25: Pivô 21
A26: Pivô 22 | D26: Vedação
A27: Pivô 23
A28: Pivô 24
A29: Pivô 25 | B29: Redutor | D29: Adutora | G29: Redutor
A30: Pivô 26
A31: Pivô 27
A32: Pivô 28
A33: Pivô 29 | K33: Dashboard de Indicadores'!A1
A34: Pivô 30
A35: Pivô 31
A36: Pivô 32
A37: Pivô 33
A38: Pivô 34
A39: Pivô 35
A40: Pivô 36 | B40: Pneu
A41: Pivô 37
A42: Pivô 38
A43: Pivô 39
A44: Pivô 40
A45: Pivô 41
A46: Pivô 42
A47: Pivô 43
A48: Pivô 44
A49: Pivô 45
A50: Pivô 46
A51: Pivô 47
A52: Pivô 48
A53: Pivô 49
A54: Pivô 50 | B54: Bomba/Sucção | C54: Bomba/Sucção | D54: Bomba/Sucção | E54: Bomba/Sucção | F54: Bomba/Sucção | G54: Bomba/Sucção | H54: Bomba/Sucção
A55: Pivô 51
A56: Pivô 52
A57: Pivô 53
A58: Pivô 54
A59: Pivô 55
A60: Pivô 56
A61: Pivô 73
A62: Pivô 74
A63: Pivô 101
A64: Pivô 102
A65: Pivô 103
A66: Pivô 104
... A93: Pivô 133

Sheet 30 05 2022   
A1: Atendimento de irrigação (Imapacto - Problemas Mecânicos) - Semana 30/05/2022
A3: Data | B3: 44711 | C3: =B3+1 -> 44712 | D3: =C3+1 -> 44713 | E3: =D3+1 -> 44714 | F3: =E3+1 -> 44715 | G3: =F3+1 -> 44716 | H3: =G3+1 -> 44717
A4: Pivô | B4: =TEXT(B3,"ddd") -> seg | C4: =TEXT(C3,"ddd") -> ter | D4: =TEXT(D3,"ddd") -> qua | E4: =TEXT(E3,"ddd") -> qui | F4: =TEXT(F3,"ddd") -> sex | G4: =TEXT(G3,"ddd") -> sáb | H4: =TEXT(H3,"ddd") -> dom | J4: Parâmetros | K4: Contagem | L4: Porcentagem | M4: Semana
A5: Pivô 01 | J5: Redutor | K5: =COUNTIF($B$5:$H$93,J5) -> 5 | L5: =K5/$K$15 -> 1 | M5: 44711
A6: Pivô 02 | J6: Motorredutor | K6: =COUNTIF($B$5:$H$93,J6) -> 0 | L6: =K6/$K$15 -> 0
A7: Pivô 03 | J7: Castanha | K7: =COUNTIF($B$5:$H$93,J7) -> 0 | L7: =K7/$K$15 -> 0
A8: Pivô 04 | J8: Vedação | K8: =COUNTIF($B$5:$H$93,J8) -> 0 | L8: =K8/$K$15 -> 0
A9: Pivô 05 | B9: Redutor | J9: Pneu | K9: =COUNTIF($B$5:$H$93,J9) -> 0 | L9: =K9/$K$15 -> 0
A10: Pivô 06 | J10: Estrutura | K10: =COUNTIF($B$5:$H$93,J10) -> 0 | L10: =K10/$K$15 -> 0
A11: Pivô 07 | J11: Bomba/Sucção | K11: =COUNTIF($B$5:$H$93,J11) -> 0 | L11: =K11/$K$15 -> 0
A12: Pivô 08 | J12: Mangote | K12: =COUNTIF($B$5:$H$93,J12) -> 0 | L12: =K12/$K$15 -> 0
A13: Pivô 09 | B13: Redutor | J13: Canal/Reservatório | K13: =COUNTIF($B$5:$H$93,J13) -> 0 | L13: =K13/$K$15 -> 0
A14: Pivô 10 | J14: Adutora | K14: =COUNTIF($B$5:$H$93,J14) -> 0 | L14: =K14/$K$15 -> 0
A15: Pivô 11 | J15: Total | K15: =SUM(K5:K14) -> 5
A16: Pivô 12
A17: Pivô 13
A18: Pivô 14
A19: Pivô 15
A20: Pivô 16
A21: Pivô 17
A22: Pivô 18
A23: Pivô 19
A24: Pivô 20
A25: Pivô 21
A26: Pivô 22
A27: Pivô 23
A28: Pivô 24 | H28: Redutor
A29: Pivô 25 | B29: Redutor
A30: Pivô 26
A31: Pivô 27
A32: Pivô 28
A33: Pivô 29
A34: Pivô 30
A35: Pivô 31
A36: Pivô 32
A37: Pivô 33
A38: Pivô 34
A39: Pivô 35
A40: Pivô 36 | E40: Redutor
A41: Pivô 37
A42: Pivô 38
A43: Pivô 39
A44: Pivô 40
A45: Pivô 41
A46: Pivô 42
A47: Pivô 43
A48: Pivô 44
A49: Pivô 45
A50: Pivô 46
A51: Pivô 47
A52: Pivô 48
... A93: Pivô 133

Sheet 06 06 2022
A1: Atendimento de irrigação (Imapacto - Problemas Mecânicos) - Semana 06/06/2022
A3: Data | B3: 44718 | C3: =B3+1 -> 44719 | D3: =C3+1 -> 44720 | E3: =D3+1 -> 44721 | F3: =E3+1 -> 44722 | G3: =F3+1 -> 44723 | H3: =G3+1 -> 44724
A4: Pivô | B4: =TEXT(B3,"ddd") -> seg | C4: =TEXT(C3,"ddd") -> ter | D4: =TEXT(D3,"ddd") -> qua | E4: =TEXT(E3,"ddd") -> qui | F4: =TEXT(F3,"ddd") -> sex | G4: =TEXT(G3,"ddd") -> sáb | H4: =TEXT(H3,"ddd") -> dom | J4: Parâmetros | K4: Contagem | L4: Porcentagem | M4: Semana
A5: Pivô 01 | J5: Redutor | K5: =COUNTIF($B$5:$H$93,J5) -> 0 | L5: =K5/$K$15 -> 0 | M5: 44718
A6: Pivô 02 | J6: Motorredutor | K6: =COUNTIF($B$5:$H$93,J6) -> 0 | L6: =K6/$K$15 -> 0
A7: Pivô 03 | J7: Castanha | K7: =COUNTIF($B$5:$H$93,J7) -> 0 | L7: =K7/$K$15 -> 0
A8: Pivô 04 | J8: Vedação | K8: =COUNTIF($B$5:$H$93,J8) -> 0 | L8: =K8/$K$15 -> 0
A9: Pivô 05 | J9: Pneu | K9: =COUNTIF($B$5:$H$93,J9) -> 0 | L9: =K9/$K$15 -> 0
A10: Pivô 06 | J10: Estrutura | K10: =COUNTIF($B$5:$H$93,J10) -> 0 | L10: =K10/$K$15 -> 0
A11: Pivô 07 | J11: Bomba/Sucção | K11: =COUNTIF($B$5:$H$93,J11) -> 0 | L11: =K11/$K$15 -> 0
A12: Pivô 08 | J12: Mangote | K12: =COUNTIF($B$5:$H$93,J12) -> 1 | L12: =K12/$K$15 -> 0.5
A13: Pivô 09 | J13: Canal/Reservatório | K13: =COUNTIF($B$5:$H$93,J13) -> 0 | L13: =K13/$K$15 -> 0
A14: Pivô 10 | J14: Adutora | K14: =COUNTIF($B$5:$H$93,J14) -> 1 | L14: =K14/$K$15 -> 0.5
A15: Pivô 11 | J15: Total | K15: =SUM(K5:K14) -> 2
A16: Pivô 12
A17: Pivô 13
A18: Pivô 14
A19: Pivô 15
A20: Pivô 16 | E20: Adutora
A21: Pivô 17
A22: Pivô 18
A23: Pivô 19
A24: Pivô 20
A25: Pivô 21
A26: Pivô 22
A27: Pivô 23
A28: Pivô 24
A29: Pivô 25
A30: Pivô 26
A31: Pivô 27
A32: Pivô 28
... A61: Pivô 73
A62: Pivô 74 | D62: Mangote
A63: Pivô 101
A64: Pivô 102
A65: Pivô 103
A66: Pivô 104
A67: Pivô 105
A68: Pivô 106
A69: Pivô 107
A70: Pivô 108
A71: Pivô 109
A72: Pivô 110
A73: Pivô 111
A74: Pivô 112
... A93: Pivô 133

Sheet 13 06 2022   
A1: Atendimento de irrigação (Imapacto - Problemas Mecânicos) - Semana 13/06/2022
A3: Data | B3: 44725 | C3: =B3+1 -> 44726 | D3: =C3+1 -> 44727 | E3: =D3+1 -> 44728 | F3: =E3+1 -> 44729 | G3: =F3+1 -> 44730 | H3: =G3+1 -> 44731
A4: Pivô | B4: =TEXT(B3,"ddd") -> seg | C4: =TEXT(C3,"ddd") -> ter | D4: =TEXT(D3,"ddd") -> qua | E4: =TEXT(E3,"ddd") -> qui | F4: =TEXT(F3,"ddd") -> sex | G4: =TEXT(G3,"ddd") -> sáb | H4: =TEXT(H3,"ddd") -> dom | J4: Parâmetros | K4: Contagem | L4: Porcentagem | M4: Semana
A5: Pivô 01 | J5: Redutor | K5: =COUNTIF($B$5:$H$93,J5) -> 2 | L5: =K5/$K$15 -> 0.5 | M5: 44725
A6: Pivô 02 | J6: Motorredutor | K6: =COUNTIF($B$5:$H$93,J6) -> 1 | L6: =K6/$K$15 -> 0.25
A7: Pivô 03 | J7: Castanha | K7: =COUNTIF($B$5:$H$93,J7) -> 0 | L7: =K7/$K$15 -> 0
A8: Pivô 04 | H8: Motorredutor | J8: Vedação | K8: =COUNTIF($B$5:$H$93,J8) -> 0 | L8: =K8/$K$15 -> 0
A9: Pivô 05 | J9: Pneu | K9: =COUNTIF($B$5:$H$93,J9) -> 0 | L9: =K9/$K$15 -> 0
A10: Pivô 06 | J10: Estrutura | K10: =COUNTIF($B$5:$H$93,J10) -> 0 | L10: =K10/$K$15 -> 0
A11: Pivô 07 | J11: Bomba/Sucção | K11: =COUNTIF($B$5:$H$93,J11) -> 1 | L11: =K11/$K$15 -> 0.25
A12: Pivô 08 | J12: Mangote | K12: =COUNTIF($B$5:$H$93,J12) -> 0 | L12: =K12/$K$15 -> 0
A13: Pivô 09 | J13: Canal/Reservatório | K13: =COUNTIF($B$5:$H$93,J13) -> 0 | L13: =K13/$K$15 -> 0
A14: Pivô 10 | J14: Adutora | K14: =COUNTIF($B$5:$H$93,J14) -> 0 | L14: =K14/$K$15 -> 0
A15: Pivô 11 | J15: Total | K15: =SUM(K5:K14) -> 4
A16: Pivô 12
A17: Pivô 13
A18: Pivô 14 | C18: Redutor
A19: Pivô 15
A20: Pivô 16
A21: Pivô 17
A22: Pivô 18
A23: Pivô 19
A24: Pivô 20
A25: Pivô 21
A26: Pivô 22
A27: Pivô 23
A28: Pivô 24 | E28: Bomba/Sucção
A29: Pivô 25
A30: Pivô 26
A31: Pivô 27
A32: Pivô 28
A33: Pivô 29
A34: Pivô 30
A35: Pivô 31
A36: Pivô 32
A37: Pivô 33
A38: Pivô 34
A39: Pivô 35
A40: Pivô 36
... A83: Pivô 121
A84: Pivô 122 | H84: Redutor
A85: Pivô 123
A86: Pivô 124
A87: Pivô 125
A88: Pivô 126
A89: Pivô 127
A90: Pivô 128
A91: Pivô 129
A92: Pivô 130
A93: Pivô 133

Sheet 20 06 2022   
A1: Atendimento de irrigação (Imapacto - Problemas Mecânicos) - Semana 20/06/2022
A3: Data | B3: 44732 | C3: =B3+1 -> 44733 | D3: =C3+1 -> 44734 | E3: =D3+1 -> 44735 | F3: =E3+1 -> 44736 | G3: =F3+1 -> 44737 | H3: =G3+1 -> 44738
A4: Pivô | B4: =TEXT(B3,"ddd") -> seg | C4: =TEXT(C3,"ddd") -> ter | D4: =TEXT(D3,"ddd") -> qua | E4: =TEXT(E3,"ddd") -> qui | F4: =TEXT(F3,"ddd") -> sex | G4: =TEXT(G3,"ddd") -> sáb | H4: =TEXT(H3,"ddd") -> dom | J4: Parâmetros | K4: Contagem | L4: Porcentagem | M4: Semana
A5: Pivô 01 | J5: Redutor | K5: =COUNTIF($B$5:$H$93,J5) -> 3 | L5: =K5/$K$15 -> 0.375 | M5: 44732
A6: Pivô 02 | J6: Motorredutor | K6: =COUNTIF($B$5:$H$93,J6) -> 0 | L6: =K6/$K$15 -> 0
A7: Pivô 03 | J7: Castanha | K7: =COUNTIF($B$5:$H$93,J7) -> 1 | L7: =K7/$K$15 -> 0.125
A8: Pivô 04 | J8: Vedação | K8: =COUNTIF($B$5:$H$93,J8) -> 0 | L8: =K8/$K$15 -> 0
A9: Pivô 05 | J9: Pneu | K9: =COUNTIF($B$5:$H$93,J9) -> 2 | L9: =K9/$K$15 -> 0.25
A10: Pivô 06 | J10: Estrutura | K10: =COUNTIF($B$5:$H$93,J10) -> 0 | L10: =K10/$K$15 -> 0
A11: Pivô 07 | J11: Bomba/Sucção | K11: =COUNTIF($B$5:$H$93,J11) -> 0 | L11: =K11/$K$15 -> 0
A12: Pivô 08 | J12: Mangote | K12: =COUNTIF($B$5:$H$93,J12) -> 0 | L12: =K12/$K$15 -> 0
A13: Pivô 09 | D13: Pneu | J13: Canal/Reservatório | K13: =COUNTIF($B$5:$H$93,J13) -> 0 | L13: =K13/$K$15 -> 0
A14: Pivô 10 | J14: Adutora | K14: =COUNTIF($B$5:$H$93,J14) -> 2 | L14: =K14/$K$15 -> 0.25
A15: Pivô 11 | J15: Total | K15: =SUM(K5:K14) -> 8
A16: Pivô 12
A17: Pivô 13
A18: Pivô 14
A19: Pivô 15
A20: Pivô 16 | F20: Redutor
A21: Pivô 17
A22: Pivô 18
A23: Pivô 19 | D23: Castanha
A24: Pivô 20
A25: Pivô 21
A26: Pivô 22
A27: Pivô 23
A28: Pivô 24
A29: Pivô 25 | C29: Redutor | E29: Redutor
A30: Pivô 26
A31: Pivô 27
A32: Pivô 28
A33: Pivô 29
A34: Pivô 30
A35: Pivô 31
A36: Pivô 32
A37: Pivô 33
A38: Pivô 34
A39: Pivô 35
A40: Pivô 36
A41: Pivô 37
... A60: Pivô 56
A61: Pivô 73 | B61: Pneu
A62: Pivô 74
A63: Pivô 101
A64: Pivô 102
A65: Pivô 103
A66: Pivô 104
A67: Pivô 105
A68: Pivô 106
A69: Pivô 107
A70: Pivô 108
A71: Pivô 109
A72: Pivô 110
A73: Pivô 111
... A92: Pivô 130
A93: Pivô 133 | C93: Adutora | D93: Adutora

Sheet 27 06 2022  
A1: Atendimento de irrigação (Imapacto - Problemas Mecânicos) - Semana 27/06/2022
A3: Data | B3: 44739 | C3: =B3+1 -> 44740 | D3: =C3+1 -> 44741 | E3: =D3+1 -> 44742 | F3: =E3+1 -> 44743 | G3: =F3+1 -> 44744 | H3: =G3+1 -> 44745
A4: Pivô | B4: =TEXT(B3,"ddd") -> seg | C4: =TEXT(C3,"ddd") -> ter | D4: =TEXT(D3,"ddd") -> qua | E4: =TEXT(E3,"ddd") -> qui | F4: =TEXT(F3,"ddd") -> sex | G4: =TEXT(G3,"ddd") -> sáb | H4: =TEXT(H3,"ddd") -> dom | J4: Parâmetros | K4: Contagem | L4: Porcentagem | M4: Semana
A5: Pivô 01 | B5: Redutor | J5: Redutor | K5: =COUNTIF($B$5:$H$93,J5) -> 3 | L5: =K5/$K$15 -> 0.5 | M5: 44739
A6: Pivô 02 | J6: Motorredutor | K6: =COUNTIF($B$5:$H$93,J6) -> 0 | L6: =K6/$K$15 -> 0
A7: Pivô 03 | J7: Castanha | K7: =COUNTIF($B$5:$H$93,J7) -> 0 | L7: =K7/$K$15 -> 0
A8: Pivô 04 | J8: Vedação | K8: =COUNTIF($B$5:$H$93,J8) -> 0 | L8: =K8/$K$15 -> 0
A9: Pivô 05 | J9: Pneu | K9: =COUNTIF($B$5:$H$93,J9) -> 1 | L9: =K9/$K$15 -> 0.16666667
A10: Pivô 06 | J10: Estrutura | K10: =COUNTIF($B$5:$H$93,J10) -> 0 | L10: =K10/$K$15 -> 0
A11: Pivô 07 | J11: Bomba/Sucção | K11: =COUNTIF($B$5:$H$93,J11) -> 0 | L11: =K11/$K$15 -> 0
A12: Pivô 08 | J12: Mangote | K12: =COUNTIF($B$5:$H$93,J12) -> 0 | L12: =K12/$K$15 -> 0
A13: Pivô 09 | J13: Canal/Reservatório | K13: =COUNTIF($B$5:$H$93,J13) -> 0 | L13: =K13/$K$15 -> 0
A14: Pivô 10 | J14: Adutora | K14: =COUNTIF($B$5:$H$93,J14) -> 2 | L14: =K14/$K$15 -> 0.33333333
A15: Pivô 11 | J15: Total | K15: =SUM(K5:K14) -> 6
A16: Pivô 12
A17: Pivô 13
A18: Pivô 14 | G18: Redutor
A19: Pivô 15
A20: Pivô 16 | B20: Redutor
A21: Pivô 17
A22: Pivô 18
A23: Pivô 19
A24: Pivô 20
A25: Pivô 21
A26: Pivô 22
A27: Pivô 23
A28: Pivô 24
A29: Pivô 25
A30: Pivô 26
A31: Pivô 27
A32: Pivô 28
... A51: Pivô 47
A52: Pivô 48 | E52: Adutora | F52: Adutora
A53: Pivô 49
A54: Pivô 50
A55: Pivô 51
A56: Pivô 52
A57: Pivô 53
A58: Pivô 54
A59: Pivô 55
A60: Pivô 56
A61: Pivô 73
A62: Pivô 74
A63: Pivô 101
A64: Pivô 102
... A73: Pivô 111
A74: Pivô 112 | E74: Pneu
A75: Pivô 113
A76: Pivô 114
A77: Pivô 115
A78: Pivô 116
A79: Pivô 117
A80: Pivô 118
A81: Pivô 119
A82: Pivô 120
A83: Pivô 121
A84: Pivô 122
A85: Pivô 123
A86: Pivô 124
... A93: Pivô 133

Sheet 04 07 2022
A1: Atendimento de irrigação (Imapacto - Problemas Mecânicos) - Semana 04/07/2022
A3: Data | B3: 44746 | C3: =B3+1 -> 44747 | D3: =C3+1 -> 44748 | E3: =D3+1 -> 44749 | F3: =E3+1 -> 44750 | G3: =F3+1 -> 44751 | H3: =G3+1 -> 44752
A4: Pivô | B4: =TEXT(B3,"ddd") -> seg | C4: =TEXT(C3,"ddd") -> ter | D4: =TEXT(D3,"ddd") -> qua | E4: =TEXT(E3,"ddd") -> qui | F4: =TEXT(F3,"ddd") -> sex | G4: =TEXT(G3,"ddd") -> sáb | H4: =TEXT(H3,"ddd") -> dom | J4: Parâmetros | K4: Contagem | L4: Porcentagem | M4: Semana
A5: Pivô 01 | J5: Redutor | K5: =COUNTIF($B$5:$H$93,J5) -> 0 | L5: =K5/$K$15 -> 0 | M5: =B3 -> 44746
A6: Pivô 02 | J6: Motorredutor | K6: =COUNTIF($B$5:$H$93,J6) -> 0 | L6: =K6/$K$15 -> 0
A7: Pivô 03 | J7: Castanha | K7: =COUNTIF($B$5:$H$93,J7) -> 0 | L7: =K7/$K$15 -> 0
A8: Pivô 04 | J8: Vedação | K8: =COUNTIF($B$5:$H$93,J8) -> 0 | L8: =K8/$K$15 -> 0
A9: Pivô 05 | J9: Pneu | K9: =COUNTIF($B$5:$H$93,J9) -> 1 | L9: =K9/$K$15 -> 1
A10: Pivô 06 | J10: Estrutura | K10: =COUNTIF($B$5:$H$93,J10) -> 0 | L10: =K10/$K$15 -> 0
A11: Pivô 07 | J11: Bomba/Sucção | K11: =COUNTIF($B$5:$H$93,J11) -> 0 | L11: =K11/$K$15 -> 0
A12: Pivô 08 | J12: Mangote | K12: =COUNTIF($B$5:$H$93,J12) -> 0 | L12: =K12/$K$15 -> 0
A13: Pivô 09 | J13: Canal/Reservatório | K13: =COUNTIF($B$5:$H$93,J13) -> 0 | L13: =K13/$K$15 -> 0
A14: Pivô 10 | J14: Adutora | K14: =COUNTIF($B$5:$H$93,J14) -> 0 | L14: =K14/$K$15 -> 0
A15: Pivô 11 | J15: Total | K15: =SUM(K5:K14) -> 1
A16: Pivô 12 | E16: Pneu
A17: Pivô 13
A18: Pivô 14
A19: Pivô 15
A20: Pivô 16
A21: Pivô 17
A22: Pivô 18
A23: Pivô 19
A24: Pivô 20
A25: Pivô 21
A26: Pivô 22
A27: Pivô 23
A28: Pivô 24
... A93: Pivô 133

Sheet 11 07 2022 
A1: Atendimento de irrigação (Imapacto - Problemas Mecânicos) - Semana 11/07/2022
A3: Data | B3: 44753 | C3: =B3+1 -> 44754 | D3: =C3+1 -> 44755 | E3: =D3+1 -> 44756 | F3: =E3+1 -> 44757 | G3: =F3+1 -> 44758 | H3: =G3+1 -> 44759
A4: Pivô | B4: =TEXT(B3,"ddd") -> seg | C4: =TEXT(C3,"ddd") -> ter | D4: =TEXT(D3,"ddd") -> qua | E4: =TEXT(E3,"ddd") -> qui | F4: =TEXT(F3,"ddd") -> sex | G4: =TEXT(G3,"ddd") -> sáb | H4: =TEXT(H3,"ddd") -> dom | J4: Parâmetros | K4: Contagem | L4: Porcentagem | M4: Semana
A5: Pivô 01 | J5: Redutor | K5: =COUNTIF($B$5:$H$93,J5) -> 4 | L5: =K5/$K$15 -> 0.8 | M5: =B3 -> 44753
A6: Pivô 02 | J6: Motorredutor | K6: =COUNTIF($B$5:$H$93,J6) -> 0 | L6: =K6/$K$15 -> 0
A7: Pivô 03 | J7: Castanha | K7: =COUNTIF($B$5:$H$93,J7) -> 0 | L7: =K7/$K$15 -> 0
A8: Pivô 04 | J8: Vedação | K8: =COUNTIF($B$5:$H$93,J8) -> 0 | L8: =K8/$K$15 -> 0
A9: Pivô 05 | J9: Pneu | K9: =COUNTIF($B$5:$H$93,J9) -> 1 | L9: =K9/$K$15 -> 0.2
A10: Pivô 06 | B10: Redutor | J10: Estrutura | K10: =COUNTIF($B$5:$H$93,J10) -> 0 | L10: =K10/$K$15 -> 0
A11: Pivô 07 | J11: Bomba/Sucção | K11: =COUNTIF($B$5:$H$93,J11) -> 0 | L11: =K11/$K$15 -> 0
A12: Pivô 08 | J12: Mangote | K12: =COUNTIF($B$5:$H$93,J12) -> 0 | L12: =K12/$K$15 -> 0
A13: Pivô 09 | J13: Canal/Reservatório | K13: =COUNTIF($B$5:$H$93,J13) -> 0 | L13: =K13/$K$15 -> 0
A14: Pivô 10 | J14: Adutora | K14: =COUNTIF($B$5:$H$93,J14) -> 0 | L14: =K14/$K$15 -> 0
A15: Pivô 11 | J15: Total | K15: =SUM(K5:K14) -> 5
A16: Pivô 12
A17: Pivô 13
A18: Pivô 14 | C18: Redutor
A19: Pivô 15
A20: Pivô 16 | D20: Redutor
A21: Pivô 17
A22: Pivô 18
A23: Pivô 19
A24: Pivô 20
A25: Pivô 21
A26: Pivô 22
A27: Pivô 23
A28: Pivô 24
A29: Pivô 25 | F29: Redutor
A30: Pivô 26
A31: Pivô 27
A32: Pivô 28
A33: Pivô 29
A34: Pivô 30
A35: Pivô 31
A36: Pivô 32
A37: Pivô 33
A38: Pivô 34
A39: Pivô 35
A40: Pivô 36
A41: Pivô 37
... A61: Pivô 73
A62: Pivô 74 | C62: Pneu
A63: Pivô 101
A64: Pivô 102
A65: Pivô 103
A66: Pivô 104
A67: Pivô 105
A68: Pivô 106
A69: Pivô 107
A70: Pivô 108
A71: Pivô 109
A72: Pivô 110
A73: Pivô 111
A74: Pivô 112
... A93: Pivô 133

Sheet 18 07 2022  
A1: Atendimento de irrigação (Imapacto - Problemas Mecânicos) - Semana 18/07/2022
A3: Data | B3: 44760 | C3: =B3+1 -> 44761 | D3: =C3+1 -> 44762 | E3: =D3+1 -> 44763 | F3: =E3+1 -> 44764 | G3: =F3+1 -> 44765 | H3: =G3+1 -> 44766
A4: Pivô | B4: =TEXT(B3,"ddd") -> seg | C4: =TEXT(C3,"ddd") -> ter | D4: =TEXT(D3,"ddd") -> qua | E4: =TEXT(E3,"ddd") -> qui | F4: =TEXT(F3,"ddd") -> sex | G4: =TEXT(G3,"ddd") -> sáb | H4: =TEXT(H3,"ddd") -> dom | J4: Parâmetros | K4: Contagem | L4: Porcentagem | M4: Semana
A5: Pivô 01 | J5: Redutor | K5: =COUNTIF($B$5:$H$93,J5) -> 0 | L5: =K5/$K$16 -> 0 | M5: =B3 -> 44760
A6: Pivô 02 | J6: Motorredutor | K6: =COUNTIF($B$5:$H$93,J6) -> 1 | L6: =K6/$K$16 -> 0.33333333
A7: Pivô 03 | J7: Castanha | K7: =COUNTIF($B$5:$H$93,J7) -> 0 | L7: =K7/$K$16 -> 0
A8: Pivô 04 | J8: Vedação | K8: =COUNTIF($B$5:$H$93,J8) -> 0 | L8: =K8/$K$16 -> 0
A9: Pivô 05 | J9: Pneu | K9: =COUNTIF($B$5:$H$93,J9) -> 0 | L9: =K9/$K$16 -> 0
A10: Pivô 06 | H10: Motorredutor | J10: Estrutura | K10: =COUNTIF($B$5:$H$93,J10) -> 0 | L10: =K10/$K$16 -> 0
A11: Pivô 07 | J11: Bomba/Sucção | K11: =COUNTIF($B$5:$H$93,J11) -> 1 | L11: =K11/$K$16 -> 0.33333333
A12: Pivô 08 | J12: Mangote | K12: =COUNTIF($B$5:$H$93,J12) -> 0 | L12: =K12/$K$16 -> 0
A13: Pivô 09 | J13: Canal/Reservatório | K13: =COUNTIF($B$5:$H$93,J13) -> 0 | L13: =K13/$K$16 -> 0
A14: Pivô 10 | C14: Bomba/Sucção | J14: Adutora | K14: =COUNTIF($B$5:$H$93,J14) -> 1 | L14: =K14/$K$16 -> 0.33333333
A15: Pivô 11 | J15: Gerador | K15: =COUNTIF($B$5:$H$93,J15) -> 0 | L15: =K15/$K$16 -> 0
A16: Pivô 12 | J16: Total | K16: =SUM(K5:K14) -> 3
A17: Pivô 13
A18: Pivô 14
A19: Pivô 15
A20: Pivô 16
A21: Pivô 17
A22: Pivô 18
A23: Pivô 19
A24: Pivô 20
A25: Pivô 21
A26: Pivô 22
A27: Pivô 23 | F27: Adutora
A28: Pivô 24
A29: Pivô 25
A30: Pivô 26
A31: Pivô 27
A32: Pivô 28
A33: Pivô 29
A34: Pivô 30
A35: Pivô 31
A36: Pivô 32
A37: Pivô 33
A38: Pivô 34
A39: Pivô 35
... A93: Pivô 133

Sheet 25 07 2022   
A1: Atendimento de irrigação (Imapacto - Problemas Mecânicos) - Semana 25/07/2022
A3: Data | B3: 44767 | C3: =B3+1 -> 44768 | D3: =C3+1 -> 44769 | E3: =D3+1 -> 44770 | F3: =E3+1 -> 44771 | G3: =F3+1 -> 44772 | H3: =G3+1 -> 44773
A4: Pivô | B4: =TEXT(B3,"ddd") -> seg | C4: =TEXT(C3,"ddd") -> ter | D4: =TEXT(D3,"ddd") -> qua | E4: =TEXT(E3,"ddd") -> qui | F4: =TEXT(F3,"ddd") -> sex | G4: =TEXT(G3,"ddd") -> sáb | H4: =TEXT(H3,"ddd") -> dom | J4: Parâmetros | K4: Contagem | L4: Porcentagem | M4: Semana
A5: Pivô 01 | J5: Redutor | K5: =COUNTIF($B$5:$H$93,J5) -> 1 | L5: =K5/$K$16 -> 0.16666667 | M5: =B3 -> 44767
A6: Pivô 02 | J6: Motorredutor | K6: =COUNTIF($B$5:$H$93,J6) -> 0 | L6: =K6/$K$16 -> 0
A7: Pivô 03 | J7: Castanha | K7: =COUNTIF($B$5:$H$93,J7) -> 0 | L7: =K7/$K$16 -> 0
A8: Pivô 04 | J8: Vedação | K8: =COUNTIF($B$5:$H$93,J8) -> 0 | L8: =K8/$K$16 -> 0
A9: Pivô 05 | J9: Pneu | K9: =COUNTIF($B$5:$H$93,J9) -> 2 | L9: =K9/$K$16 -> 0.33333333
A10: Pivô 06 | J10: Estrutura | K10: =COUNTIF($B$5:$H$93,J10) -> 0 | L10: =K10/$K$16 -> 0
A11: Pivô 07 | J11: Bomba/Sucção | K11: =COUNTIF($B$5:$H$93,J11) -> 0 | L11: =K11/$K$16 -> 0
A12: Pivô 08 | B12: Redutor | J12: Mangote | K12: =COUNTIF($B$5:$H$93,J12) -> 0 | L12: =K12/$K$16 -> 0
A13: Pivô 09 | J13: Canal/Reservatório | K13: =COUNTIF($B$5:$H$93,J13) -> 2 | L13: =K13/$K$16 -> 0.33333333
A14: Pivô 10 | J14: Adutora | K14: =COUNTIF($B$5:$H$93,J14) -> 1 | L14: =K14/$K$16 -> 0.16666667
A15: Pivô 11 | J15: Gerador | K15: =COUNTIF($B$5:$H$93,J15) -> 0 | L15: =K15/$K$16 -> 0
A16: Pivô 12 | J16: Total | K16: =SUM(K5:K14) -> 6
A17: Pivô 13
A18: Pivô 14
A19: Pivô 15
A20: Pivô 16
A21: Pivô 17
A22: Pivô 18
A23: Pivô 19
A24: Pivô 20
A25: Pivô 21
A26: Pivô 22
A27: Pivô 23
A28: Pivô 24
... A32: Pivô 28
A33: Pivô 29 | G33: Pneu
A34: Pivô 30
A35: Pivô 31
A36: Pivô 32
A37: Pivô 33
A38: Pivô 34
A39: Pivô 35
A40: Pivô 36
A41: Pivô 37 | C41: Canal/Reservatório
A42: Pivô 38
A43: Pivô 39
A44: Pivô 40
A45: Pivô 41
A46: Pivô 42
A47: Pivô 43
A48: Pivô 44
A49: Pivô 45
A50: Pivô 46
A51: Pivô 47 | E51: Adutora
A52: Pivô 48 | E52: Canal/Reservatório
A53: Pivô 49
A54: Pivô 50
A55: Pivô 51
A56: Pivô 52
A57: Pivô 53
A58: Pivô 54
A59: Pivô 55
A60: Pivô 56
A61: Pivô 73
A62: Pivô 74
A63: Pivô 101
A64: Pivô 102
... A85: Pivô 123
A86: Pivô 124 | G86: Pneu
A87: Pivô 125
A88: Pivô 126
A89: Pivô 127
A90: Pivô 128
A91: Pivô 129
A92: Pivô 130
A93: Pivô 133

Sheet 01 08 2022    
A1: Atendimento de irrigação (Imapacto - Problemas Mecânicos) - Semana 01/08/2022
A3: Data | B3: 44774 | C3: =B3+1 -> 44775 | D3: =C3+1 -> 44776 | E3: =D3+1 -> 44777 | F3: =E3+1 -> 44778 | G3: =F3+1 -> 44779 | H3: =G3+1 -> 44780
A4: Pivô | B4: =TEXT(B3,"ddd") -> seg | C4: =TEXT(C3,"ddd") -> ter | D4: =TEXT(D3,"ddd") -> qua | E4: =TEXT(E3,"ddd") -> qui | F4: =TEXT(F3,"ddd") -> sex | G4: =TEXT(G3,"ddd") -> sáb | H4: =TEXT(H3,"ddd") -> dom | J4: Parâmetros | K4: Contagem | L4: Porcentagem | M4: Semana
A5: Pivô 01 | J5: Redutor | K5: =COUNTIF($B$5:$H$93,J5) -> 2 | L5: =K5/$K$16 -> 0.5 | M5: =B3 -> 44774
A6: Pivô 02 | J6: Motorredutor | K6: =COUNTIF($B$5:$H$93,J6) -> 1 | L6: =K6/$K$16 -> 0.25
A7: Pivô 03 | J7: Castanha | K7: =COUNTIF($B$5:$H$93,J7) -> 0 | L7: =K7/$K$16 -> 0
A8: Pivô 04 | J8: Vedação | K8: =COUNTIF($B$5:$H$93,J8) -> 0 | L8: =K8/$K$16 -> 0
A9: Pivô 05 | G9: Redutor | J9: Pneu | K9: =COUNTIF($B$5:$H$93,J9) -> 0 | L9: =K9/$K$16 -> 0
A10: Pivô 06 | J10: Estrutura | K10: =COUNTIF($B$5:$H$93,J10) -> 0 | L10: =K10/$K$16 -> 0
A11: Pivô 07 | F11: Redutor | J11: Bomba/Sucção | K11: =COUNTIF($B$5:$H$93,J11) -> 1 | L11: =K11/$K$16 -> 0.25
A12: Pivô 08 | J12: Mangote | K12: =COUNTIF($B$5:$H$93,J12) -> 0 | L12: =K12/$K$16 -> 0
A13: Pivô 09 | J13: Canal/Reservatório | K13: =COUNTIF($B$5:$H$93,J13) -> 0 | L13: =K13/$K$16 -> 0
A14: Pivô 10 | J14: Adutora | K14: =COUNTIF($B$5:$H$93,J14) -> 0 | L14: =K14/$K$16 -> 0
A15: Pivô 11 | J15: Gerador | K15: =COUNTIF($B$5:$H$93,J15) -> 0 | L15: =K15/$K$16 -> 0
A16: Pivô 12 | J16: Total | K16: =SUM(K5:K14) -> 4
A17: Pivô 13
A18: Pivô 14 | D18: Motorredutor
A19: Pivô 15
A20: Pivô 16
A21: Pivô 17
A22: Pivô 18
A23: Pivô 19
A24: Pivô 20
A25: Pivô 21
A26: Pivô 22
A27: Pivô 23
A28: Pivô 24
A29: Pivô 25
A30: Pivô 26
... A49: Pivô 45
A50: Pivô 46 | B50: Bomba/Sucção
A51: Pivô 47
A52: Pivô 48
A53: Pivô 49
A54: Pivô 50
A55: Pivô 51
A56: Pivô 52
A57: Pivô 53
A58: Pivô 54
A59: Pivô 55
A60: Pivô 56
A61: Pivô 73
A62: Pivô 74
... A93: Pivô 133

Sheet 08 08 2022     
A1: Atendimento de irrigação (Imapacto - Problemas Mecânicos) - Semana 08/08/2022
A3: Data | B3: 44781 | C3: =B3+1 -> 44782 | D3: =C3+1 -> 44783 | E3: =D3+1 -> 44784 | F3: =E3+1 -> 44785 | G3: =F3+1 -> 44786 | H3: =G3+1 -> 44787
A4: Pivô | B4: =TEXT(B3,"ddd") -> seg | C4: =TEXT(C3,"ddd") -> ter | D4: =TEXT(D3,"ddd") -> qua | E4: =TEXT(E3,"ddd") -> qui | F4: =TEXT(F3,"ddd") -> sex | G4: =TEXT(G3,"ddd") -> sáb | H4: =TEXT(H3,"ddd") -> dom | J4: Parâmetros | K4: Contagem | L4: Porcentagem | M4: Semana
A5: Pivô 01 | J5: Redutor | K5: =COUNTIF($B$5:$H$93,J5) -> 1 | L5: =K5/$K$16 -> 0.25 | M5: =B3 -> 44781
A6: Pivô 02 | J6: Motorredutor | K6: =COUNTIF($B$5:$H$93,J6) -> 1 | L6: =K6/$K$16 -> 0.25
A7: Pivô 03 | J7: Castanha | K7: =COUNTIF($B$5:$H$93,J7) -> 0 | L7: =K7/$K$16 -> 0
A8: Pivô 04 | J8: Vedação | K8: =COUNTIF($B$5:$H$93,J8) -> 0 | L8: =K8/$K$16 -> 0
A9: Pivô 05 | J9: Pneu | K9: =COUNTIF($B$5:$H$93,J9) -> 0 | L9: =K9/$K$16 -> 0
A10: Pivô 06 | J10: Estrutura | K10: =COUNTIF($B$5:$H$93,J10) -> 0 | L10: =K10/$K$16 -> 0
A11: Pivô 07 | J11: Bomba/Sucção | K11: =COUNTIF($B$5:$H$93,J11) -> 2 | L11: =K11/$K$16 -> 0.5
A12: Pivô 08 | J12: Mangote | K12: =COUNTIF($B$5:$H$93,J12) -> 0 | L12: =K12/$K$16 -> 0
A13: Pivô 09 | J13: Canal/Reservatório | K13: =COUNTIF($B$5:$H$93,J13) -> 0 | L13: =K13/$K$16 -> 0
A14: Pivô 10 | J14: Adutora | K14: =COUNTIF($B$5:$H$93,J14) -> 0 | L14: =K14/$K$16 -> 0
A15: Pivô 11 | J15: Gerador | K15: =COUNTIF($B$5:$H$93,J15) -> 0 | L15: =K15/$K$16 -> 0
A16: Pivô 12 | J16: Total | K16: =SUM(K5:K14) -> 4
A17: Pivô 13
A18: Pivô 14
A19: Pivô 15
A20: Pivô 16
A21: Pivô 17
A22: Pivô 18
A23: Pivô 19
A24: Pivô 20
A25: Pivô 21
A26: Pivô 22
A27: Pivô 23
A28: Pivô 24
... A49: Pivô 45
A50: Pivô 46 | C50: Bomba/Sucção
A51: Pivô 47 | C51: Bomba/Sucção
A52: Pivô 48
A53: Pivô 49
A54: Pivô 50
A55: Pivô 51
A56: Pivô 52 | F56: Motorredutor
A57: Pivô 53
A58: Pivô 54
A59: Pivô 55
A60: Pivô 56
A61: Pivô 73
A62: Pivô 74
A63: Pivô 101
A64: Pivô 102
A65: Pivô 103
A66: Pivô 104
A67: Pivô 105
A68: Pivô 106
... A92: Pivô 130
A93: Pivô 133 | D93: Redutor

Sheet 15 08 2022     
A1: Atendimento de irrigação (Imapacto - Problemas Mecânicos) - Semana 15/08/2022
A3: Data | B3: 44788 | C3: =B3+1 -> 44789 | D3: =C3+1 -> 44790 | E3: =D3+1 -> 44791 | F3: =E3+1 -> 44792 | G3: =F3+1 -> 44793 | H3: =G3+1 -> 44794
A4: Pivô | B4: =TEXT(B3,"ddd") -> seg | C4: =TEXT(C3,"ddd") -> ter | D4: =TEXT(D3,"ddd") -> qua | E4: =TEXT(E3,"ddd") -> qui | F4: =TEXT(F3,"ddd") -> sex | G4: =TEXT(G3,"ddd") -> sáb | H4: =TEXT(H3,"ddd") -> dom | J4: Parâmetros | K4: Contagem | L4: Porcentagem | M4: Semana
A5: Pivô 01 | J5: Redutor | K5: =COUNTIF($B$5:$H$93,J5) -> 5 | L5: =K5/$K$16 -> 0.71428571 | M5: =B3 -> 44788
A6: Pivô 02 | J6: Motorredutor | K6: =COUNTIF($B$5:$H$93,J6) -> 0 | L6: =K6/$K$16 -> 0
A7: Pivô 03 | J7: Castanha | K7: =COUNTIF($B$5:$H$93,J7) -> 0 | L7: =K7/$K$16 -> 0
A8: Pivô 04 | J8: Vedação | K8: =COUNTIF($B$5:$H$93,J8) -> 0 | L8: =K8/$K$16 -> 0
A9: Pivô 05 | J9: Pneu | K9: =COUNTIF($B$5:$H$93,J9) -> 0 | L9: =K9/$K$16 -> 0
A10: Pivô 06 | J10: Estrutura | K10: =COUNTIF($B$5:$H$93,J10) -> 0 | L10: =K10/$K$16 -> 0
A11: Pivô 07 | J11: Bomba/Sucção | K11: =COUNTIF($B$5:$H$93,J11) -> 2 | L11: =K11/$K$16 -> 0.28571429
A12: Pivô 08 | J12: Mangote | K12: =COUNTIF($B$5:$H$93,J12) -> 0 | L12: =K12/$K$16 -> 0
A13: Pivô 09 | J13: Canal/Reservatório | K13: =COUNTIF($B$5:$H$93,J13) -> 0 | L13: =K13/$K$16 -> 0
A14: Pivô 10 | J14: Adutora | K14: =COUNTIF($B$5:$H$93,J14) -> 0 | L14: =K14/$K$16 -> 0
A15: Pivô 11 | J15: Gerador | K15: =COUNTIF($B$5:$H$93,J15) -> 0 | L15: =K15/$K$16 -> 0
A16: Pivô 12 | J16: Total | K16: =SUM(K5:K14) -> 7
A17: Pivô 13
A18: Pivô 14 | D18: Redutor | E18: Redutor | H18: Redutor
A19: Pivô 15
A20: Pivô 16
A21: Pivô 17
A22: Pivô 18
A23: Pivô 19 | B23: Redutor
A24: Pivô 20
A25: Pivô 21
A26: Pivô 22
A27: Pivô 23 | G27: Redutor
A28: Pivô 24
A29: Pivô 25
A30: Pivô 26
A31: Pivô 27
A32: Pivô 28
A33: Pivô 29
A34: Pivô 30
A35: Pivô 31
A36: Pivô 32 | D36: Bomba/Sucção | E36: Bomba/Sucção
A37: Pivô 33
A38: Pivô 34
A39: Pivô 35
A40: Pivô 36
A41: Pivô 37
A42: Pivô 38
A43: Pivô 39
A44: Pivô 40
A45: Pivô 41
A46: Pivô 42
A47: Pivô 43
A48: Pivô 44
... A93: Pivô 133

Sheet 22 08 2022      
A1: Atendimento de irrigação (Imapacto - Problemas Mecânicos) - Semana 22/08/2022
A3: Data | B3: 44795 | C3: =B3+1 -> 44796 | D3: =C3+1 -> 44797 | E3: =D3+1 -> 44798 | F3: =E3+1 -> 44799 | G3: =F3+1 -> 44800 | H3: =G3+1 -> 44801
A4: Pivô | B4: =TEXT(B3,"ddd") -> seg | C4: =TEXT(C3,"ddd") -> ter | D4: =TEXT(D3,"ddd") -> qua | E4: =TEXT(E3,"ddd") -> qui | F4: =TEXT(F3,"ddd") -> sex | G4: =TEXT(G3,"ddd") -> sáb | H4: =TEXT(H3,"ddd") -> dom | J4: Parâmetros | K4: Contagem | L4: Porcentagem | M4: Semana
A5: Pivô 01 | J5: Redutor | K5: =COUNTIF($B$5:$H$93,J5) -> 4 | L5: =K5/$K$16 -> 0.5 | M5: =B3 -> 44795
A6: Pivô 02 | J6: Motorredutor | K6: =COUNTIF($B$5:$H$93,J6) -> 0 | L6: =K6/$K$16 -> 0
A7: Pivô 03 | J7: Castanha | K7: =COUNTIF($B$5:$H$93,J7) -> 1 | L7: =K7/$K$16 -> 0.125
A8: Pivô 04 | J8: Vedação | K8: =COUNTIF($B$5:$H$93,J8) -> 0 | L8: =K8/$K$16 -> 0
A9: Pivô 05 | J9: Pneu | K9: =COUNTIF($B$5:$H$93,J9) -> 1 | L9: =K9/$K$16 -> 0.125
A10: Pivô 06 | J10: Estrutura | K10: =COUNTIF($B$5:$H$93,J10) -> 0 | L10: =K10/$K$16 -> 0
A11: Pivô 07 | J11: Bomba/Sucção | K11: =COUNTIF($B$5:$H$93,J11) -> 0 | L11: =K11/$K$16 -> 0
A12: Pivô 08 | J12: Mangote | K12: =COUNTIF($B$5:$H$93,J12) -> 0 | L12: =K12/$K$16 -> 0
A13: Pivô 09 | J13: Canal/Reservatório | K13: =COUNTIF($B$5:$H$93,J13) -> 2 | L13: =K13/$K$16 -> 0.25
A14: Pivô 10 | J14: Adutora | K14: =COUNTIF($B$5:$H$93,J14) -> 0 | L14: =K14/$K$16 -> 0
A15: Pivô 11 | J15: Gerador | K15: =COUNTIF($B$5:$H$93,J15) -> 0 | L15: =K15/$K$16 -> 0
A16: Pivô 12 | E16: Pneu | J16: Total | K16: =SUM(K5:K14) -> 8
A17: Pivô 13
A18: Pivô 14
A19: Pivô 15
A20: Pivô 16
A21: Pivô 17
A22: Pivô 18
A23: Pivô 19 | B23: Castanha
A24: Pivô 20
A25: Pivô 21
A26: Pivô 22
A27: Pivô 23
A28: Pivô 24
A29: Pivô 25
A30: Pivô 26
A31: Pivô 27
A32: Pivô 28
A33: Pivô 29
A34: Pivô 30
A35: Pivô 31
... A48: Pivô 44
A49: Pivô 45 | F49: Redutor
A50: Pivô 46 | F50: Redutor
A51: Pivô 47
A52: Pivô 48 | B52: Canal/Reservatório | C52: Canal/Reservatório
A53: Pivô 49
A54: Pivô 50
A55: Pivô 51
A56: Pivô 52
A57: Pivô 53
A58: Pivô 54
A59: Pivô 55
A60: Pivô 56
A61: Pivô 73
A62: Pivô 74
A63: Pivô 101
A64: Pivô 102
... A81: Pivô 119
A82: Pivô 120 | C82: Redutor
A83: Pivô 121
A84: Pivô 122
A85: Pivô 123
A86: Pivô 124
A87: Pivô 125
A88: Pivô 126
A89: Pivô 127
A90: Pivô 128
A91: Pivô 129
A92: Pivô 130
A93: Pivô 133 | H93: Redutor

Sheet 29 08 2022       
A1: Atendimento de irrigação (Imapacto - Problemas Mecânicos) - Semana 29/08/2022
A3: Data | B3: 44802 | C3: =B3+1 -> 44803 | D3: =C3+1 -> 44804 | E3: =D3+1 -> 44805 | F3: =E3+1 -> 44806 | G3: =F3+1 -> 44807 | H3: =G3+1 -> 44808
A4: Pivô | B4: =TEXT(B3,"ddd") -> seg | C4: =TEXT(C3,"ddd") -> ter | D4: =TEXT(D3,"ddd") -> qua | E4: =TEXT(E3,"ddd") -> qui | F4: =TEXT(F3,"ddd") -> sex | G4: =TEXT(G3,"ddd") -> sáb | H4: =TEXT(H3,"ddd") -> dom | J4: Parâmetros | K4: Contagem | L4: Porcentagem | M4: Semana
A5: Pivô 01 | J5: Redutor | K5: =COUNTIF($B$5:$H$93,J5) -> 0 | L5: =K5/$K$16 -> 0 | M5: =B3 -> 44802
A6: Pivô 02 | J6: Motorredutor | K6: =COUNTIF($B$5:$H$93,J6) -> 0 | L6: =K6/$K$16 -> 0
A7: Pivô 03 | J7: Castanha | K7: =COUNTIF($B$5:$H$93,J7) -> 0 | L7: =K7/$K$16 -> 0
A8: Pivô 04 | J8: Vedação | K8: =COUNTIF($B$5:$H$93,J8) -> 0 | L8: =K8/$K$16 -> 0
A9: Pivô 05 | J9: Pneu | K9: =COUNTIF($B$5:$H$93,J9) -> 2 | L9: =K9/$K$16 -> 0.4
A10: Pivô 06 | J10: Estrutura | K10: =COUNTIF($B$5:$H$93,J10) -> 0 | L10: =K10/$K$16 -> 0
A11: Pivô 07 | J11: Bomba/Sucção | K11: =COUNTIF($B$5:$H$93,J11) -> 0 | L11: =K11/$K$16 -> 0
A12: Pivô 08 | J12: Mangote | K12: =COUNTIF($B$5:$H$93,J12) -> 0 | L12: =K12/$K$16 -> 0
A13: Pivô 09 | J13: Canal/Reservatório | K13: =COUNTIF($B$5:$H$93,J13) -> 0 | L13: =K13/$K$16 -> 0
A14: Pivô 10 | J14: Adutora | K14: =COUNTIF($B$5:$H$93,J14) -> 3 | L14: =K14/$K$16 -> 0.6
A15: Pivô 11 | J15: Gerador | K15: =COUNTIF($B$5:$H$93,J15) -> 0 | L15: =K15/$K$16 -> 0
A16: Pivô 12 | J16: Total | K16: =SUM(K5:K14) -> 5
A17: Pivô 13
A18: Pivô 14
A19: Pivô 15
A20: Pivô 16
A21: Pivô 17
A22: Pivô 18
A23: Pivô 19
A24: Pivô 20
A25: Pivô 21
A26: Pivô 22
A27: Pivô 23
A28: Pivô 24
... A36: Pivô 32
A37: Pivô 33 | C37: Adutora | D37: Adutora
A38: Pivô 34
A39: Pivô 35
A40: Pivô 36
A41: Pivô 37
A42: Pivô 38
A43: Pivô 39
A44: Pivô 40
A45: Pivô 41
A46: Pivô 42
A47: Pivô 43
A48: Pivô 44
A49: Pivô 45
... A85: Pivô 123
A86: Pivô 124 | G86: Pneu
A87: Pivô 125
A88: Pivô 126
A89: Pivô 127
A90: Pivô 128
A91: Pivô 129
A92: Pivô 130
A93: Pivô 133 | B93: Pneu | H93: Adutora

Sheet 05 09 2022       
A1: Atendimento de irrigação (Imapacto - Problemas Mecânicos) - Semana 05/09/2022
A3: Data | B3: 44809 | C3: =B3+1 -> 44810 | D3: =C3+1 -> 44811 | E3: =D3+1 -> 44812 | F3: =E3+1 -> 44813 | G3: =F3+1 -> 44814 | H3: =G3+1 -> 44815
A4: Pivô | B4: =TEXT(B3,"ddd") -> seg | C4: =TEXT(C3,"ddd") -> ter | D4: =TEXT(D3,"ddd") -> qua | E4: =TEXT(E3,"ddd") -> qui | F4: =TEXT(F3,"ddd") -> sex | G4: =TEXT(G3,"ddd") -> sáb | H4: =TEXT(H3,"ddd") -> dom | J4: Parâmetros | K4: Contagem | L4: Porcentagem | M4: Semana
A5: Pivô 01 | J5: Redutor | K5: =COUNTIF($B$5:$H$93,J5) -> 0 | L5: =K5/$K$16 -> 0 | M5: =B3 -> 44809
A6: Pivô 02 | J6: Motorredutor | K6: =COUNTIF($B$5:$H$93,J6) -> 0 | L6: =K6/$K$16 -> 0
A7: Pivô 03 | J7: Castanha | K7: =COUNTIF($B$5:$H$93,J7) -> 0 | L7: =K7/$K$16 -> 0
A8: Pivô 04 | J8: Vedação | K8: =COUNTIF($B$5:$H$93,J8) -> 0 | L8: =K8/$K$16 -> 0
A9: Pivô 05 | J9: Pneu | K9: =COUNTIF($B$5:$H$93,J9) -> 0 | L9: =K9/$K$16 -> 0
A10: Pivô 06 | J10: Estrutura | K10: =COUNTIF($B$5:$H$93,J10) -> 0 | L10: =K10/$K$16 -> 0
A11: Pivô 07 | J11: Bomba/Sucção | K11: =COUNTIF($B$5:$H$93,J11) -> 0 | L11: =K11/$K$16 -> 0
A12: Pivô 08 | J12: Mangote | K12: =COUNTIF($B$5:$H$93,J12) -> 0 | L12: =K12/$K$16 -> 0
A13: Pivô 09 | J13: Canal/Reservatório | K13: =COUNTIF($B$5:$H$93,J13) -> 0 | L13: =K13/$K$16 -> 0
A14: Pivô 10 | J14: Adutora | K14: =COUNTIF($B$5:$H$93,J14) -> 2 | L14: =K14/$K$16 -> 1
A15: Pivô 11 | J15: Gerador | K15: =COUNTIF($B$5:$H$93,J15) -> 0 | L15: =K15/$K$16 -> 0
A16: Pivô 12 | J16: Total | K16: =SUM(K5:K14) -> 2
A17: Pivô 13
A18: Pivô 14
A19: Pivô 15
A20: Pivô 16
A21: Pivô 17
A22: Pivô 18
A23: Pivô 19
A24: Pivô 20
A25: Pivô 21
A26: Pivô 22
A27: Pivô 23
A28: Pivô 24
... A33: Pivô 29
A34: Pivô 30 | H34: Adutora
A35: Pivô 31
A36: Pivô 32
A37: Pivô 33
A38: Pivô 34
A39: Pivô 35
A40: Pivô 36
A41: Pivô 37
A42: Pivô 38
A43: Pivô 39
A44: Pivô 40
A45: Pivô 41
A46: Pivô 42
... A92: Pivô 130
A93: Pivô 133 | B93: Adutora

Sheet 12 09 2022        
A1: Atendimento de irrigação (Imapacto - Problemas Mecânicos) - Semana 12/09/2022
A3: Data | B3: 44816 | C3: =B3+1 -> 44817 | D3: =C3+1 -> 44818 | E3: =D3+1 -> 44819 | F3: =E3+1 -> 44820 | G3: =F3+1 -> 44821 | H3: =G3+1 -> 44822
A4: Pivô | B4: =TEXT(B3,"ddd") -> seg | C4: =TEXT(C3,"ddd") -> ter | D4: =TEXT(D3,"ddd") -> qua | E4: =TEXT(E3,"ddd") -> qui | F4: =TEXT(F3,"ddd") -> sex | G4: =TEXT(G3,"ddd") -> sáb | H4: =TEXT(H3,"ddd") -> dom | J4: Parâmetros | K4: Contagem | L4: Porcentagem | M4: Semana
A5: Pivô 01 | J5: Redutor | K5: =COUNTIF($B$5:$H$93,J5) -> 1 | L5: =K5/$K$16 -> 0.33333333 | M5: =B3 -> 44816
A6: Pivô 02 | J6: Motorredutor | K6: =COUNTIF($B$5:$H$93,J6) -> 0 | L6: =K6/$K$16 -> 0
A7: Pivô 03 | J7: Castanha | K7: =COUNTIF($B$5:$H$93,J7) -> 0 | L7: =K7/$K$16 -> 0
A8: Pivô 04 | J8: Vedação | K8: =COUNTIF($B$5:$H$93,J8) -> 0 | L8: =K8/$K$16 -> 0
A9: Pivô 05 | J9: Pneu | K9: =COUNTIF($B$5:$H$93,J9) -> 0 | L9: =K9/$K$16 -> 0
A10: Pivô 06 | J10: Estrutura | K10: =COUNTIF($B$5:$H$93,J10) -> 0 | L10: =K10/$K$16 -> 0
A11: Pivô 07 | J11: Bomba/Sucção | K11: =COUNTIF($B$5:$H$93,J11) -> 1 | L11: =K11/$K$16 -> 0.33333333
A12: Pivô 08 | J12: Mangote | K12: =COUNTIF($B$5:$H$93,J12) -> 0 | L12: =K12/$K$16 -> 0
A13: Pivô 09 | J13: Canal/Reservatório | K13: =COUNTIF($B$5:$H$93,J13) -> 0 | L13: =K13/$K$16 -> 0
A14: Pivô 10 | J14: Adutora | K14: =COUNTIF($B$5:$H$93,J14) -> 1 | L14: =K14/$K$16 -> 0.33333333
A15: Pivô 11 | J15: Gerador | K15: =COUNTIF($B$5:$H$93,J15) -> 0 | L15: =K15/$K$16 -> 0
A16: Pivô 12 | J16: Total | K16: =SUM(K5:K14) -> 3
A17: Pivô 13
A18: Pivô 14
A19: Pivô 15
A20: Pivô 16
A21: Pivô 17
A22: Pivô 18
A23: Pivô 19
A24: Pivô 20
A25: Pivô 21
A26: Pivô 22
A27: Pivô 23
A28: Pivô 24
A29: Pivô 25 | E29: Redutor
A30: Pivô 26
A31: Pivô 27
A32: Pivô 28
A33: Pivô 29
A34: Pivô 30 | B34: Adutora
A35: Pivô 31
A36: Pivô 32 | F36: Bomba/Sucção
A37: Pivô 33
A38: Pivô 34
A39: Pivô 35
A40: Pivô 36
A41: Pivô 37
A42: Pivô 38
A43: Pivô 39
A44: Pivô 40
A45: Pivô 41
A46: Pivô 42
A47: Pivô 43
A48: Pivô 44
... A93: Pivô 133

Sheet 19 09 2022         
A1: Atendimento de irrigação (Imapacto - Problemas Mecânicos) - Semana 19/09/2022
A3: Data | B3: 44823 | C3: =B3+1 -> 44824 | D3: =C3+1 -> 44825 | E3: =D3+1 -> 44826 | F3: =E3+1 -> 44827 | G3: =F3+1 -> 44828 | H3: =G3+1 -> 44829
A4: Pivô | B4: =TEXT(B3,"ddd") -> seg | C4: =TEXT(C3,"ddd") -> ter | D4: =TEXT(D3,"ddd") -> qua | E4: =TEXT(E3,"ddd") -> qui | F4: =TEXT(F3,"ddd") -> sex | G4: =TEXT(G3,"ddd") -> sáb | H4: =TEXT(H3,"ddd") -> dom | J4: Parâmetros | K4: Contagem | L4: Porcentagem | M4: Semana
A5: Pivô 01 | J5: Redutor | K5: =COUNTIF($B$5:$H$93,J5) -> 0 | L5: =K5/$K$16 -> 0 | M5: =B3 -> 44823
A6: Pivô 02 | J6: Motorredutor | K6: =COUNTIF($B$5:$H$93,J6) -> 0 | L6: =K6/$K$16 -> 0
A7: Pivô 03 | J7: Castanha | K7: =COUNTIF($B$5:$H$93,J7) -> 0 | L7: =K7/$K$16 -> 0
A8: Pivô 04 | J8: Vedação | K8: =COUNTIF($B$5:$H$93,J8) -> 1 | L8: =K8/$K$16 -> 1
A9: Pivô 05 | J9: Pneu | K9: =COUNTIF($B$5:$H$93,J9) -> 0 | L9: =K9/$K$16 -> 0
A10: Pivô 06 | J10: Estrutura | K10: =COUNTIF($B$5:$H$93,J10) -> 0 | L10: =K10/$K$16 -> 0
A11: Pivô 07 | J11: Bomba/Sucção | K11: =COUNTIF($B$5:$H$93,J11) -> 0 | L11: =K11/$K$16 -> 0
A12: Pivô 08 | J12: Mangote | K12: =COUNTIF($B$5:$H$93,J12) -> 0 | L12: =K12/$K$16 -> 0
A13: Pivô 09 | J13: Canal/Reservatório | K13: =COUNTIF($B$5:$H$93,J13) -> 0 | L13: =K13/$K$16 -> 0
A14: Pivô 10 | J14: Adutora | K14: =COUNTIF($B$5:$H$93,J14) -> 0 | L14: =K14/$K$16 -> 0
A15: Pivô 11 | J15: Gerador | K15: =COUNTIF($B$5:$H$93,J15) -> 0 | L15: =K15/$K$16 -> 0
A16: Pivô 12 | J16: Total | K16: =SUM(K5:K14) -> 1
A17: Pivô 13
A18: Pivô 14
A19: Pivô 15
A20: Pivô 16
A21: Pivô 17
A22: Pivô 18
A23: Pivô 19
A24: Pivô 20
A25: Pivô 21
A26: Pivô 22
A27: Pivô 23 | E27: Vedação
A28: Pivô 24
A29: Pivô 25
A30: Pivô 26
A31: Pivô 27
A32: Pivô 28
A33: Pivô 29
A34: Pivô 30
A35: Pivô 31
A36: Pivô 32
A37: Pivô 33
A38: Pivô 34
A39: Pivô 35
... A93: Pivô 133

Sheet 26 09 2022          
A1: Atendimento de irrigação (Imapacto - Problemas Mecânicos) - Semana 26/09/2022
A3: Data | B3: 44830 | C3: =B3+1 -> 44831 | D3: =C3+1 -> 44832 | E3: =D3+1 -> 44833 | F3: =E3+1 -> 44834 | G3: =F3+1 -> 44835 | H3: =G3+1 -> 44836
A4: Pivô | B4: =TEXT(B3,"ddd") -> seg | C4: =TEXT(C3,"ddd") -> ter | D4: =TEXT(D3,"ddd") -> qua | E4: =TEXT(E3,"ddd") -> qui | F4: =TEXT(F3,"ddd") -> sex | G4: =TEXT(G3,"ddd") -> sáb | H4: =TEXT(H3,"ddd") -> dom | J4: Parâmetros | K4: Contagem | L4: Porcentagem | M4: Semana
A5: Pivô 01 | J5: Redutor | K5: =COUNTIF($B$5:$H$93,J5) -> 0 | L5: =K5/$K$16 -> 0 | M5: =B3 -> 44830
A6: Pivô 02 | J6: Motorredutor | K6: =COUNTIF($B$5:$H$93,J6) -> 0 | L6: =K6/$K$16 -> 0
A7: Pivô 03 | J7: Castanha | K7: =COUNTIF($B$5:$H$93,J7) -> 1 | L7: =K7/$K$16 -> 1
A8: Pivô 04 | J8: Vedação | K8: =COUNTIF($B$5:$H$93,J8) -> 0 | L8: =K8/$K$16 -> 0
A9: Pivô 05 | J9: Pneu | K9: =COUNTIF($B$5:$H$93,J9) -> 0 | L9: =K9/$K$16 -> 0
A10: Pivô 06 | J10: Estrutura | K10: =COUNTIF($B$5:$H$93,J10) -> 0 | L10: =K10/$K$16 -> 0
A11: Pivô 07 | J11: Bomba/Sucção | K11: =COUNTIF($B$5:$H$93,J11) -> 0 | L11: =K11/$K$16 -> 0
A12: Pivô 08 | J12: Mangote | K12: =COUNTIF($B$5:$H$93,J12) -> 0 | L12: =K12/$K$16 -> 0
A13: Pivô 09 | J13: Canal/Reservatório | K13: =COUNTIF($B$5:$H$93,J13) -> 0 | L13: =K13/$K$16 -> 0
A14: Pivô 10 | J14: Adutora | K14: =COUNTIF($B$5:$H$93,J14) -> 0 | L14: =K14/$K$16 -> 0
A15: Pivô 11 | J15: Gerador | K15: =COUNTIF($B$5:$H$93,J15) -> 0 | L15: =K15/$K$16 -> 0
A16: Pivô 12 | J16: Total | K16: =SUM(K5:K14) -> 1
A17: Pivô 13
A18: Pivô 14
A19: Pivô 15
A20: Pivô 16
A21: Pivô 17
A22: Pivô 18
A23: Pivô 19
A24: Pivô 20
A25: Pivô 21
A26: Pivô 22
A27: Pivô 23
A28: Pivô 24
... A36: Pivô 32
A37: Pivô 33 | C37: Castanha
A38: Pivô 34
A39: Pivô 35
A40: Pivô 36
A41: Pivô 37
A42: Pivô 38
A43: Pivô 39
A44: Pivô 40
A45: Pivô 41
A46: Pivô 42
A47: Pivô 43
A48: Pivô 44
A49: Pivô 45
... A93: Pivô 133

Sheet 03 10 2022         
A1: Atendimento de irrigação (Imapacto - Problemas Mecânicos) - Semana 03/10/2022
A3: Data | B3: 44837 | C3: =B3+1 -> 44838 | D3: =C3+1 -> 44839 | E3: =D3+1 -> 44840 | F3: =E3+1 -> 44841 | G3: =F3+1 -> 44842 | H3: =G3+1 -> 44843
A4: Pivô | B4: =TEXT(B3,"ddd") -> seg | C4: =TEXT(C3,"ddd") -> ter | D4: =TEXT(D3,"ddd") -> qua | E4: =TEXT(E3,"ddd") -> qui | F4: =TEXT(F3,"ddd") -> sex | G4: =TEXT(G3,"ddd") -> sáb | H4: =TEXT(H3,"ddd") -> dom | J4: Parâmetros | K4: Contagem | L4: Porcentagem | M4: Semana
A5: Pivô 01 | J5: Redutor | K5: =COUNTIF($B$5:$H$93,J5) -> 0 | L5: =K5/$K$16 -> 0 | M5: =B3 -> 44837
A6: Pivô 02 | J6: Motorredutor | K6: =COUNTIF($B$5:$H$93,J6) -> 0 | L6: =K6/$K$16 -> 0
A7: Pivô 03 | J7: Castanha | K7: =COUNTIF($B$5:$H$93,J7) -> 0 | L7: =K7/$K$16 -> 0
A8: Pivô 04 | J8: Vedação | K8: =COUNTIF($B$5:$H$93,J8) -> 0 | L8: =K8/$K$16 -> 0
A9: Pivô 05 | J9: Pneu | K9: =COUNTIF($B$5:$H$93,J9) -> 0 | L9: =K9/$K$16 -> 0
A10: Pivô 06 | J10: Estrutura | K10: =COUNTIF($B$5:$H$93,J10) -> 0 | L10: =K10/$K$16 -> 0
A11: Pivô 07 | J11: Bomba/Sucção | K11: =COUNTIF($B$5:$H$93,J11) -> 0 | L11: =K11/$K$16 -> 0
A12: Pivô 08 | J12: Mangote | K12: =COUNTIF($B$5:$H$93,J12) -> 1 | L12: =K12/$K$16 -> 0.083333333
A13: Pivô 09 | J13: Canal/Reservatório | K13: =COUNTIF($B$5:$H$93,J13) -> 11 | L13: =K13/$K$16 -> 0.91666667
A14: Pivô 10 | J14: Adutora | K14: =COUNTIF($B$5:$H$93,J14) -> 0 | L14: =K14/$K$16 -> 0
A15: Pivô 11 | J15: Gerador | K15: =COUNTIF($B$5:$H$93,J15) -> 0 | L15: =K15/$K$16 -> 0
A16: Pivô 12 | J16: Total | K16: =SUM(K5:K14) -> 12
A17: Pivô 13
A18: Pivô 14
A19: Pivô 15
A20: Pivô 16
A21: Pivô 17
A22: Pivô 18
A23: Pivô 19
A24: Pivô 20
A25: Pivô 21
A26: Pivô 22
A27: Pivô 23 | D27: Canal/Reservatório | E27: Canal/Reservatório
A28: Pivô 24 | D28: Canal/Reservatório | E28: Canal/Reservatório
A29: Pivô 25
A30: Pivô 26 | E30: Canal/Reservatório
A31: Pivô 27
A32: Pivô 28
A33: Pivô 29
A34: Pivô 30 | D34: Canal/Reservatório | E34: Canal/Reservatório
A35: Pivô 31 | C35: Mangote | D35: Canal/Reservatório | E35: Canal/Reservatório
A36: Pivô 32 | E36: Canal/Reservatório
A37: Pivô 33 | E37: Canal/Reservatório
A38: Pivô 34
A39: Pivô 35
A40: Pivô 36
A41: Pivô 37
A42: Pivô 38
A43: Pivô 39
A44: Pivô 40
A45: Pivô 41
A46: Pivô 42
A47: Pivô 43
A48: Pivô 44
A49: Pivô 45
... A93: Pivô 133

Sheet 10 10 2022        
A1: Atendimento de irrigação (Imapacto - Problemas Mecânicos) - Semana 10/10/2022
A3: Data | B3: 44844 | C3: =B3+1 -> 44845 | D3: =C3+1 -> 44846 | E3: =D3+1 -> 44847 | F3: =E3+1 -> 44848 | G3: =F3+1 -> 44849 | H3: =G3+1 -> 44850
A4: Pivô | B4: =TEXT(B3,"ddd") -> seg | C4: =TEXT(C3,"ddd") -> ter | D4: =TEXT(D3,"ddd") -> qua | E4: =TEXT(E3,"ddd") -> qui | F4: =TEXT(F3,"ddd") -> sex | G4: =TEXT(G3,"ddd") -> sáb | H4: =TEXT(H3,"ddd") -> dom | J4: Parâmetros | K4: Contagem | L4: Porcentagem | M4: Semana
A5: Pivô 01 | J5: Redutor | K5: =COUNTIF($B$5:$H$93,J5) -> 3 | L5: =K5/$K$16 -> 0.75 | M5: =B3 -> 44844
A6: Pivô 02 | J6: Motorredutor | K6: =COUNTIF($B$5:$H$93,J6) -> 0 | L6: =K6/$K$16 -> 0
A7: Pivô 03 | J7: Castanha | K7: =COUNTIF($B$5:$H$93,J7) -> 0 | L7: =K7/$K$16 -> 0
A8: Pivô 04 | J8: Vedação | K8: =COUNTIF($B$5:$H$93,J8) -> 0 | L8: =K8/$K$16 -> 0
A9: Pivô 05 | J9: Pneu | K9: =COUNTIF($B$5:$H$93,J9) -> 1 | L9: =K9/$K$16 -> 0.25
A10: Pivô 06 | J10: Estrutura | K10: =COUNTIF($B$5:$H$93,J10) -> 0 | L10: =K10/$K$16 -> 0
A11: Pivô 07 | J11: Bomba/Sucção | K11: =COUNTIF($B$5:$H$93,J11) -> 0 | L11: =K11/$K$16 -> 0
A12: Pivô 08 | J12: Mangote | K12: =COUNTIF($B$5:$H$93,J12) -> 0 | L12: =K12/$K$16 -> 0
A13: Pivô 09 | J13: Canal/Reservatório | K13: =COUNTIF($B$5:$H$93,J13) -> 0 | L13: =K13/$K$16 -> 0
A14: Pivô 10 | J14: Adutora | K14: =COUNTIF($B$5:$H$93,J14) -> 0 | L14: =K14/$K$16 -> 0
A15: Pivô 11 | J15: Gerador | K15: =COUNTIF($B$5:$H$93,J15) -> 0 | L15: =K15/$K$16 -> 0
A16: Pivô 12 | J16: Total | K16: =SUM(K5:K14) -> 4
A17: Pivô 13
A18: Pivô 14
A19: Pivô 15
A20: Pivô 16
A21: Pivô 17
A22: Pivô 18
A23: Pivô 19
A24: Pivô 20
A25: Pivô 21
A26: Pivô 22
A27: Pivô 23
A28: Pivô 24
A29: Pivô 25 | F29: Redutor | G29: Redutor
A30: Pivô 26
A31: Pivô 27
A32: Pivô 28 | F32: Redutor
A33: Pivô 29
A34: Pivô 30
A35: Pivô 31
A36: Pivô 32
A37: Pivô 33
A38: Pivô 34
A39: Pivô 35
A40: Pivô 36
A41: Pivô 37
A42: Pivô 38
A43: Pivô 39
A44: Pivô 40
... A57: Pivô 53
A58: Pivô 54 | F58: Pneu
A59: Pivô 55
A60: Pivô 56
A61: Pivô 73
A62: Pivô 74
A63: Pivô 101
A64: Pivô 102
A65: Pivô 103
A66: Pivô 104
A67: Pivô 105
A68: Pivô 106
A69: Pivô 107
A70: Pivô 108
... A93: Pivô 133

Sheet 17 10 2022       
A1: Atendimento de irrigação (Imapacto - Problemas Mecânicos) - Semana 17/10/2022
A3: Data | B3: 44851 | C3: =B3+1 -> 44852 | D3: =C3+1 -> 44853 | E3: =D3+1 -> 44854 | F3: =E3+1 -> 44855 | G3: =F3+1 -> 44856 | H3: =G3+1 -> 44857
A4: Pivô | B4: =TEXT(B3,"ddd") -> seg | C4: =TEXT(C3,"ddd") -> ter | D4: =TEXT(D3,"ddd") -> qua | E4: =TEXT(E3,"ddd") -> qui | F4: =TEXT(F3,"ddd") -> sex | G4: =TEXT(G3,"ddd") -> sáb | H4: =TEXT(H3,"ddd") -> dom | J4: Parâmetros | K4: Contagem | L4: Porcentagem | M4: Semana
A5: Pivô 01 | J5: Redutor | K5: =COUNTIF($B$5:$H$93,J5) -> 4 | L5: =K5/$K$16 -> 0.66666667 | M5: =B3 -> 44851
A6: Pivô 02 | J6: Motorredutor | K6: =COUNTIF($B$5:$H$93,J6) -> 0 | L6: =K6/$K$16 -> 0
A7: Pivô 03 | J7: Castanha | K7: =COUNTIF($B$5:$H$93,J7) -> 0 | L7: =K7/$K$16 -> 0
A8: Pivô 04 | J8: Vedação | K8: =COUNTIF($B$5:$H$93,J8) -> 0 | L8: =K8/$K$16 -> 0
A9: Pivô 05 | J9: Pneu | K9: =COUNTIF($B$5:$H$93,J9) -> 2 | L9: =K9/$K$16 -> 0.33333333
A10: Pivô 06 | J10: Estrutura | K10: =COUNTIF($B$5:$H$93,J10) -> 0 | L10: =K10/$K$16 -> 0
A11: Pivô 07 | J11: Bomba/Sucção | K11: =COUNTIF($B$5:$H$93,J11) -> 0 | L11: =K11/$K$16 -> 0
A12: Pivô 08 | J12: Mangote | K12: =COUNTIF($B$5:$H$93,J12) -> 0 | L12: =K12/$K$16 -> 0
A13: Pivô 09 | J13: Canal/Reservatório | K13: =COUNTIF($B$5:$H$93,J13) -> 0 | L13: =K13/$K$16 -> 0
A14: Pivô 10 | J14: Adutora | K14: =COUNTIF($B$5:$H$93,J14) -> 0 | L14: =K14/$K$16 -> 0
A15: Pivô 11 | J15: Gerador | K15: =COUNTIF($B$5:$H$93,J15) -> 0 | L15: =K15/$K$16 -> 0
A16: Pivô 12 | J16: Total | K16: =SUM(K5:K14) -> 6
A17: Pivô 13
A18: Pivô 14
A19: Pivô 15
A20: Pivô 16
A21: Pivô 17
A22: Pivô 18
A23: Pivô 19 | C23: Redutor
A24: Pivô 20
A25: Pivô 21
A26: Pivô 22
A27: Pivô 23
A28: Pivô 24
A29: Pivô 25
A30: Pivô 26
A31: Pivô 27
A32: Pivô 28 | B32: Redutor | D32: Redutor
A33: Pivô 29
A34: Pivô 30
A35: Pivô 31
A36: Pivô 32
A37: Pivô 33
A38: Pivô 34
A39: Pivô 35
A40: Pivô 36
A41: Pivô 37
A42: Pivô 38
A43: Pivô 39
A44: Pivô 40
... A84: Pivô 122
A85: Pivô 123 | F85: Pneu
A86: Pivô 124
A87: Pivô 125
A88: Pivô 126
A89: Pivô 127
A90: Pivô 128
A91: Pivô 129
A92: Pivô 130
A93: Pivô 133 | C93: Redutor | D93: Pneu

Sheet 24 10 2022
A1: Atendimento de irrigação (Imapacto - Problemas Mecânicos) - Semana 24/10/2022
A3: Data | B3: 44858 | C3: =B3+1 -> 44859 | D3: =C3+1 -> 44860 | E3: =D3+1 -> 44861 | F3: =E3+1 -> 44862 | G3: =F3+1 -> 44863 | H3: =G3+1 -> 44864
A4: Pivô | B4: =TEXT(B3,"ddd") -> seg | C4: =TEXT(C3,"ddd") -> ter | D4: =TEXT(D3,"ddd") -> qua | E4: =TEXT(E3,"ddd") -> qui | F4: =TEXT(F3,"ddd") -> sex | G4: =TEXT(G3,"ddd") -> sáb | H4: =TEXT(H3,"ddd") -> dom | J4: Parâmetros | K4: Contagem | L4: Porcentagem | M4: Semana
A5: Pivô 01 | J5: Redutor | K5: =COUNTIF($B$5:$H$93,J5) -> 3 | L5: =K5/$K$16 -> 0.5 | M5: =B3 -> 44858
A6: Pivô 02 | J6: Motorredutor | K6: =COUNTIF($B$5:$H$93,J6) -> 1 | L6: =K6/$K$16 -> 0.16666667
A7: Pivô 03 | J7: Castanha | K7: =COUNTIF($B$5:$H$93,J7) -> 0 | L7: =K7/$K$16 -> 0
A8: Pivô 04 | J8: Vedação | K8: =COUNTIF($B$5:$H$93,J8) -> 0 | L8: =K8/$K$16 -> 0
A9: Pivô 05 | J9: Pneu | K9: =COUNTIF($B$5:$H$93,J9) -> 2 | L9: =K9/$K$16 -> 0.33333333
A10: Pivô 06 | J10: Estrutura | K10: =COUNTIF($B$5:$H$93,J10) -> 0 | L10: =K10/$K$16 -> 0
A11: Pivô 07 | J11: Bomba/Sucção | K11: =COUNTIF($B$5:$H$93,J11) -> 0 | L11: =K11/$K$16 -> 0
A12: Pivô 08 | C12: Redutor | D12: Redutor | J12: Mangote | K12: =COUNTIF($B$5:$H$93,J12) -> 0 | L12: =K12/$K$16 -> 0
A13: Pivô 09 | J13: Canal/Reservatório | K13: =COUNTIF($B$5:$H$93,J13) -> 0 | L13: =K13/$K$16 -> 0
A14: Pivô 10 | J14: Adutora | K14: =COUNTIF($B$5:$H$93,J14) -> 0 | L14: =K14/$K$16 -> 0
A15: Pivô 11 | J15: Gerador | K15: =COUNTIF($B$5:$H$93,J15) -> 0 | L15: =K15/$K$16 -> 0
A16: Pivô 12 | J16: Total | K16: =SUM(K5:K14) -> 6
A17: Pivô 13
A18: Pivô 14
A19: Pivô 15
A20: Pivô 16
A21: Pivô 17
A22: Pivô 18
A23: Pivô 19
A24: Pivô 20
A25: Pivô 21
A26: Pivô 22
A27: Pivô 23
A28: Pivô 24
... A31: Pivô 27
A32: Pivô 28 | F32: Motorredutor
A33: Pivô 29
A34: Pivô 30
A35: Pivô 31
A36: Pivô 32
A37: Pivô 33
A38: Pivô 34
A39: Pivô 35
A40: Pivô 36
A41: Pivô 37
A42: Pivô 38
A43: Pivô 39
A44: Pivô 40
... A48: Pivô 44
A49: Pivô 45 | H49: Redutor
A50: Pivô 46
A51: Pivô 47
A52: Pivô 48
A53: Pivô 49
A54: Pivô 50
A55: Pivô 51
A56: Pivô 52
A57: Pivô 53
A58: Pivô 54
A59: Pivô 55
A60: Pivô 56
A61: Pivô 73
... A84: Pivô 122
A85: Pivô 123 | D85: Pneu | F85: Pneu
A86: Pivô 124
A87: Pivô 125
A88: Pivô 126
A89: Pivô 127
A90: Pivô 128
A91: Pivô 129
A92: Pivô 130
A93: Pivô 133

Sheet 31 10 2022
A1: Atendimento de irrigação (Imapacto - Problemas Mecânicos) - Semana 31/10/2022
A3: Data | B3: 44865 | C3: =B3+1 -> 44866 | D3: =C3+1 -> 44867 | E3: =D3+1 -> 44868 | F3: =E3+1 -> 44869 | G3: =F3+1 -> 44870 | H3: =G3+1 -> 44871
A4: Pivô | B4: =TEXT(B3,"ddd") -> seg | C4: =TEXT(C3,"ddd") -> ter | D4: =TEXT(D3,"ddd") -> qua | E4: =TEXT(E3,"ddd") -> qui | F4: =TEXT(F3,"ddd") -> sex | G4: =TEXT(G3,"ddd") -> sáb | H4: =TEXT(H3,"ddd") -> dom | J4: Parâmetros | K4: Contagem | L4: Porcentagem | M4: Semana
A5: Pivô 01 | J5: Redutor | K5: =COUNTIF($B$5:$H$93,J5) -> 1 | L5: =K5/$K$16 -> 1 | M5: =B3 -> 44865
A6: Pivô 02 | J6: Motorredutor | K6: =COUNTIF($B$5:$H$93,J6) -> 0 | L6: =K6/$K$16 -> 0
A7: Pivô 03 | J7: Castanha | K7: =COUNTIF($B$5:$H$93,J7) -> 0 | L7: =K7/$K$16 -> 0
A8: Pivô 04 | J8: Vedação | K8: =COUNTIF($B$5:$H$93,J8) -> 0 | L8: =K8/$K$16 -> 0
A9: Pivô 05 | J9: Pneu | K9: =COUNTIF($B$5:$H$93,J9) -> 0 | L9: =K9/$K$16 -> 0
A10: Pivô 06 | J10: Estrutura | K10: =COUNTIF($B$5:$H$93,J10) -> 0 | L10: =K10/$K$16 -> 0
A11: Pivô 07 | J11: Bomba/Sucção | K11: =COUNTIF($B$5:$H$93,J11) -> 0 | L11: =K11/$K$16 -> 0
A12: Pivô 08 | J12: Mangote | K12: =COUNTIF($B$5:$H$93,J12) -> 0 | L12: =K12/$K$16 -> 0
A13: Pivô 09 | J13: Canal/Reservatório | K13: =COUNTIF($B$5:$H$93,J13) -> 0 | L13: =K13/$K$16 -> 0
A14: Pivô 10 | J14: Adutora | K14: =COUNTIF($B$5:$H$93,J14) -> 0 | L14: =K14/$K$16 -> 0
A15: Pivô 11 | J15: Gerador | K15: =COUNTIF($B$5:$H$93,J15) -> 0 | L15: =K15/$K$16 -> 0
A16: Pivô 12 | J16: Total | K16: =SUM(K5:K14) -> 1
A17: Pivô 13
A18: Pivô 14
A19: Pivô 15
A20: Pivô 16
A21: Pivô 17
A22: Pivô 18
A23: Pivô 19
A24: Pivô 20
A25: Pivô 21
A26: Pivô 22
A27: Pivô 23
A28: Pivô 24
... A48: Pivô 44
A49: Pivô 45 | B49: Redutor
A50: Pivô 46
A51: Pivô 47
A52: Pivô 48
A53: Pivô 49
A54: Pivô 50
A55: Pivô 51
A56: Pivô 52
A57: Pivô 53
A58: Pivô 54
A59: Pivô 55
A60: Pivô 56
A61: Pivô 73
... A93: Pivô 133

Sheet 07 11 2022
A1: Atendimento de irrigação (Imapacto - Problemas Mecânicos) - Semana 07/11/2022
A3: Data | B3: 44872 | C3: =B3+1 -> 44873 | D3: =C3+1 -> 44874 | E3: =D3+1 -> 44875 | F3: =E3+1 -> 44876 | G3: =F3+1 -> 44877 | H3: =G3+1 -> 44878
A4: Pivô | B4: =TEXT(B3,"ddd") -> seg | C4: =TEXT(C3,"ddd") -> ter | D4: =TEXT(D3,"ddd") -> qua | E4: =TEXT(E3,"ddd") -> qui | F4: =TEXT(F3,"ddd") -> sex | G4: =TEXT(G3,"ddd") -> sáb | H4: =TEXT(H3,"ddd") -> dom | J4: Parâmetros | K4: Contagem | L4: Porcentagem | M4: Semana
A5: Pivô 01 | J5: Redutor | K5: =COUNTIF($B$5:$H$93,J5) -> 1 | L5: =K5/$K$16 -> 0.1 | M5: =B3 -> 44872
A6: Pivô 02 | J6: Motorredutor | K6: =COUNTIF($B$5:$H$93,J6) -> 2 | L6: =K6/$K$16 -> 0.2
A7: Pivô 03 | J7: Castanha | K7: =COUNTIF($B$5:$H$93,J7) -> 1 | L7: =K7/$K$16 -> 0.1
A8: Pivô 04 | J8: Vedação | K8: =COUNTIF($B$5:$H$93,J8) -> 1 | L8: =K8/$K$16 -> 0.1
A9: Pivô 05 | J9: Pneu | K9: =COUNTIF($B$5:$H$93,J9) -> 1 | L9: =K9/$K$16 -> 0.1
A10: Pivô 06 | G10: Vedação | J10: Estrutura | K10: =COUNTIF($B$5:$H$93,J10) -> 0 | L10: =K10/$K$16 -> 0
A11: Pivô 07 | J11: Bomba/Sucção | K11: =COUNTIF($B$5:$H$93,J11) -> 1 | L11: =K11/$K$16 -> 0.1
A12: Pivô 08 | J12: Mangote | K12: =COUNTIF($B$5:$H$93,J12) -> 0 | L12: =K12/$K$16 -> 0
A13: Pivô 09 | J13: Canal/Reservatório | K13: =COUNTIF($B$5:$H$93,J13) -> 0 | L13: =K13/$K$16 -> 0
A14: Pivô 10 | J14: Adutora | K14: =COUNTIF($B$5:$H$93,J14) -> 3 | L14: =K14/$K$16 -> 0.3
A15: Pivô 11 | J15: Gerador | K15: =COUNTIF($B$5:$H$93,J15) -> 0 | L15: =K15/$K$16 -> 0
A16: Pivô 12 | J16: Total | K16: =SUM(K5:K14) -> 10
A17: Pivô 13
A18: Pivô 14
A19: Pivô 15
A20: Pivô 16
A21: Pivô 17
A22: Pivô 18
A23: Pivô 19
A24: Pivô 20
A25: Pivô 21
A26: Pivô 22 | G26: Motorredutor | H26: Motorredutor
A27: Pivô 23
A28: Pivô 24
A29: Pivô 25
A30: Pivô 26
A31: Pivô 27
A32: Pivô 28 | B32: Castanha
A33: Pivô 29
A34: Pivô 30 | E34: Adutora | F34: Adutora | G34: Adutora
A35: Pivô 31
A36: Pivô 32 | H36: Redutor
A37: Pivô 33 | H37: Bomba/Sucção
A38: Pivô 34
A39: Pivô 35
A40: Pivô 36
A41: Pivô 37 | B41: Pneu
A42: Pivô 38
A43: Pivô 39
A44: Pivô 40
A45: Pivô 41
A46: Pivô 42
A47: Pivô 43
A48: Pivô 44
A49: Pivô 45
A50: Pivô 46
A51: Pivô 47
A52: Pivô 48
A53: Pivô 49
... A93: Pivô 133

Sheet 14 11 2022
A1: Atendimento de irrigação (Imapacto - Problemas Mecânicos) - Semana 14/11/2022
A3: Data | B3: 44879 | C3: =B3+1 -> 44880 | D3: =C3+1 -> 44881 | E3: =D3+1 -> 44882 | F3: =E3+1 -> 44883 | G3: =F3+1 -> 44884 | H3: =G3+1 -> 44885
A4: Pivô | B4: =TEXT(B3,"ddd") -> seg | C4: =TEXT(C3,"ddd") -> ter | D4: =TEXT(D3,"ddd") -> qua | E4: =TEXT(E3,"ddd") -> qui | F4: =TEXT(F3,"ddd") -> sex | G4: =TEXT(G3,"ddd") -> sáb | H4: =TEXT(H3,"ddd") -> dom | J4: Parâmetros | K4: Contagem | L4: Porcentagem | M4: Semana
A5: Pivô 01 | J5: Redutor | K5: =COUNTIF($B$5:$H$93,J5) -> 0 | L5: =K5/$K$16 -> 0 | M5: =B3 -> 44879
A6: Pivô 02 | J6: Motorredutor | K6: =COUNTIF($B$5:$H$93,J6) -> 0 | L6: =K6/$K$16 -> 0
A7: Pivô 03 | J7: Castanha | K7: =COUNTIF($B$5:$H$93,J7) -> 0 | L7: =K7/$K$16 -> 0
A8: Pivô 04 | J8: Vedação | K8: =COUNTIF($B$5:$H$93,J8) -> 0 | L8: =K8/$K$16 -> 0
A9: Pivô 05 | J9: Pneu | K9: =COUNTIF($B$5:$H$93,J9) -> 1 | L9: =K9/$K$16 -> 0.5
A10: Pivô 06 | J10: Estrutura | K10: =COUNTIF($B$5:$H$93,J10) -> 0 | L10: =K10/$K$16 -> 0
A11: Pivô 07 | J11: Bomba/Sucção | K11: =COUNTIF($B$5:$H$93,J11) -> 0 | L11: =K11/$K$16 -> 0
A12: Pivô 08 | J12: Mangote | K12: =COUNTIF($B$5:$H$93,J12) -> 0 | L12: =K12/$K$16 -> 0
A13: Pivô 09 | J13: Canal/Reservatório | K13: =COUNTIF($B$5:$H$93,J13) -> 0 | L13: =K13/$K$16 -> 0
A14: Pivô 10 | J14: Adutora | K14: =COUNTIF($B$5:$H$93,J14) -> 1 | L14: =K14/$K$16 -> 0.5
A15: Pivô 11 | J15: Gerador | K15: =COUNTIF($B$5:$H$93,J15) -> 0 | L15: =K15/$K$16 -> 0
A16: Pivô 12 | J16: Total | K16: =SUM(K5:K14) -> 2
A17: Pivô 13
A18: Pivô 14
A19: Pivô 15
A20: Pivô 16
A21: Pivô 17
A22: Pivô 18
A23: Pivô 19
A24: Pivô 20
A25: Pivô 21
A26: Pivô 22
A27: Pivô 23
A28: Pivô 24
... A33: Pivô 29
A34: Pivô 30 | B34: Adutora
A35: Pivô 31
A36: Pivô 32
A37: Pivô 33
A38: Pivô 34
A39: Pivô 35
A40: Pivô 36
A41: Pivô 37
A42: Pivô 38
A43: Pivô 39
A44: Pivô 40
A45: Pivô 41
A46: Pivô 42
... A84: Pivô 122
A85: Pivô 123 | C85: Pneu
A86: Pivô 124
A87: Pivô 125
A88: Pivô 126
A89: Pivô 127
A90: Pivô 128
A91: Pivô 129
A92: Pivô 130
A93: Pivô 133

Sheet 05 12 2022
A1: Atendimento de irrigação (Imapacto - Problemas Mecânicos) - Semana 05/12/2022
A3: Data | B3: 44900 | C3: =B3+1 -> 44901 | D3: =C3+1 -> 44902 | E3: =D3+1 -> 44903 | F3: =E3+1 -> 44904 | G3: =F3+1 -> 44905 | H3: =G3+1 -> 44906
A4: Pivô | B4: =TEXT(B3,"ddd") -> seg | C4: =TEXT(C3,"ddd") -> ter | D4: =TEXT(D3,"ddd") -> qua | E4: =TEXT(E3,"ddd") -> qui | F4: =TEXT(F3,"ddd") -> sex | G4: =TEXT(G3,"ddd") -> sáb | H4: =TEXT(H3,"ddd") -> dom | J4: Parâmetros | K4: Contagem | L4: Porcentagem | M4: Semana
A5: Pivô 01 | J5: Redutor | K5: =COUNTIF($B$5:$H$93,J5) -> 0 | L5: =K5/$K$16 -> 0 | M5: =B3 -> 44900
A6: Pivô 02 | J6: Motorredutor | K6: =COUNTIF($B$5:$H$93,J6) -> 0 | L6: =K6/$K$16 -> 0
A7: Pivô 03 | J7: Castanha | K7: =COUNTIF($B$5:$H$93,J7) -> 0 | L7: =K7/$K$16 -> 0
A8: Pivô 04 | J8: Vedação | K8: =COUNTIF($B$5:$H$93,J8) -> 0 | L8: =K8/$K$16 -> 0
A9: Pivô 05 | J9: Pneu | K9: =COUNTIF($B$5:$H$93,J9) -> 3 | L9: =K9/$K$16 -> 1
A10: Pivô 06 | J10: Estrutura | K10: =COUNTIF($B$5:$H$93,J10) -> 0 | L10: =K10/$K$16 -> 0
A11: Pivô 07 | J11: Bomba/Sucção | K11: =COUNTIF($B$5:$H$93,J11) -> 0 | L11: =K11/$K$16 -> 0
A12: Pivô 08 | J12: Mangote | K12: =COUNTIF($B$5:$H$93,J12) -> 0 | L12: =K12/$K$16 -> 0
A13: Pivô 09 | J13: Canal/Reservatório | K13: =COUNTIF($B$5:$H$93,J13) -> 0 | L13: =K13/$K$16 -> 0
A14: Pivô 10 | J14: Adutora | K14: =COUNTIF($B$5:$H$93,J14) -> 0 | L14: =K14/$K$16 -> 0
A15: Pivô 11 | J15: Gerador | K15: =COUNTIF($B$5:$H$93,J15) -> 0 | L15: =K15/$K$16 -> 0
A16: Pivô 12 | J16: Total | K16: =SUM(K5:K14) -> 3
A17: Pivô 13
A18: Pivô 14
A19: Pivô 15
A20: Pivô 16
A21: Pivô 17
A22: Pivô 18
A23: Pivô 19
A24: Pivô 20
A25: Pivô 21
A26: Pivô 22
A27: Pivô 23
A28: Pivô 24
... A80: Pivô 118
A81: Pivô 119 | D81: Pneu
A82: Pivô 120
A83: Pivô 121
A84: Pivô 122
A85: Pivô 123 | E85: Pneu | H85: Pneu
A86: Pivô 124
A87: Pivô 125
A88: Pivô 126
A89: Pivô 127
A90: Pivô 128
A91: Pivô 129
A92: Pivô 130
A93: Pivô 133

Sheet 26 12 2022
A1: Atendimento de irrigação (Imapacto - Problemas Mecânicos) - Semana 05/12/2022
A3: Data | B3: 44921 | C3: =B3+1 -> 44922 | D3: =C3+1 -> 44923 | E3: =D3+1 -> 44924 | F3: =E3+1 -> 44925 | G3: =F3+1 -> 44926 | H3: =G3+1 -> 44927
A4: Pivô | B4: =TEXT(B3,"ddd") -> seg | C4: =TEXT(C3,"ddd") -> ter | D4: =TEXT(D3,"ddd") -> qua | E4: =TEXT(E3,"ddd") -> qui | F4: =TEXT(F3,"ddd") -> sex | G4: =TEXT(G3,"ddd") -> sáb | H4: =TEXT(H3,"ddd") -> dom | J4: Parâmetros | K4: Contagem | L4: Porcentagem | M4: Semana
A5: Pivô 01 | J5: Redutor | K5: =COUNTIF($B$5:$H$93,J5) -> 0 | L5: =K5/$K$16 -> 0 | M5: =B3 -> 44921
A6: Pivô 02 | J6: Motorredutor | K6: =COUNTIF($B$5:$H$93,J6) -> 1 | L6: =K6/$K$16 -> 0.25
A7: Pivô 03 | J7: Castanha | K7: =COUNTIF($B$5:$H$93,J7) -> 0 | L7: =K7/$K$16 -> 0
A8: Pivô 04 | J8: Vedação | K8: =COUNTIF($B$5:$H$93,J8) -> 0 | L8: =K8/$K$16 -> 0
A9: Pivô 05 | J9: Pneu | K9: =COUNTIF($B$5:$H$93,J9) -> 3 | L9: =K9/$K$16 -> 0.75
A10: Pivô 06 | J10: Estrutura | K10: =COUNTIF($B$5:$H$93,J10) -> 0 | L10: =K10/$K$16 -> 0
A11: Pivô 07 | J11: Bomba/Sucção | K11: =COUNTIF($B$5:$H$93,J11) -> 0 | L11: =K11/$K$16 -> 0
A12: Pivô 08 | J12: Mangote | K12: =COUNTIF($B$5:$H$93,J12) -> 0 | L12: =K12/$K$16 -> 0
A13: Pivô 09 | J13: Canal/Reservatório | K13: =COUNTIF($B$5:$H$93,J13) -> 0 | L13: =K13/$K$16 -> 0
A14: Pivô 10 | J14: Adutora | K14: =COUNTIF($B$5:$H$93,J14) -> 0 | L14: =K14/$K$16 -> 0
A15: Pivô 11 | J15: Gerador | K15: =COUNTIF($B$5:$H$93,J15) -> 0 | L15: =K15/$K$16 -> 0
A16: Pivô 12 | J16: Total | K16: =SUM(K5:K14) -> 4
A17: Pivô 13
A18: Pivô 14
A19: Pivô 15
A20: Pivô 16
A21: Pivô 17
A22: Pivô 18
A23: Pivô 19
A24: Pivô 20
A25: Pivô 21
A26: Pivô 22
A27: Pivô 23
A28: Pivô 24
... A62: Pivô 74
A63: Pivô 101 | C63: Motorredutor
A64: Pivô 102
A65: Pivô 103
A66: Pivô 104
A67: Pivô 105
A68: Pivô 106
A69: Pivô 107
A70: Pivô 108
A71: Pivô 109
A72: Pivô 110
A73: Pivô 111
A74: Pivô 112
A75: Pivô 113
... A80: Pivô 118
A81: Pivô 119 | D81: Pneu
A82: Pivô 120
A83: Pivô 121
A84: Pivô 122
A85: Pivô 123 | E85: Pneu | H85: Pneu
A86: Pivô 124
A87: Pivô 125
A88: Pivô 126
A89: Pivô 127
A90: Pivô 128
A91: Pivô 129
A92: Pivô 130
A93: Pivô 133

Sheet 02 01 2023
A1: Atendimento de irrigação (Imapacto - Problemas Mecânicos) - Semana 02/01/2023
A3: Data | B3: 44928 | C3: =B3+1 -> 44929 | D3: =C3+1 -> 44930 | E3: =D3+1 -> 44931 | F3: =E3+1 -> 44932 | G3: =F3+1 -> 44933 | H3: =G3+1 -> 44934
A4: Pivô | B4: =TEXT(B3,"ddd") -> seg | C4: =TEXT(C3,"ddd") -> ter | D4: =TEXT(D3,"ddd") -> qua | E4: =TEXT(E3,"ddd") -> qui | F4: =TEXT(F3,"ddd") -> sex | G4: =TEXT(G3,"ddd") -> sáb | H4: =TEXT(H3,"ddd") -> dom | J4: Parâmetros | K4: Contagem | L4: Porcentagem | M4: Semana
A5: Pivô 01 | J5: Redutor | K5: =COUNTIF($B$5:$H$93,J5) -> 0 | L5: =K5/$K$16 -> 0 | M5: =B3 -> 44928
A6: Pivô 02 | J6: Motorredutor | K6: =COUNTIF($B$5:$H$93,J6) -> 2 | L6: =K6/$K$16 -> 0.66666667
A7: Pivô 03 | J7: Castanha | K7: =COUNTIF($B$5:$H$93,J7) -> 1 | L7: =K7/$K$16 -> 0.33333333
A8: Pivô 04 | J8: Vedação | K8: =COUNTIF($B$5:$H$93,J8) -> 0 | L8: =K8/$K$16 -> 0
A9: Pivô 05 | J9: Pneu | K9: =COUNTIF($B$5:$H$93,J9) -> 0 | L9: =K9/$K$16 -> 0
A10: Pivô 06 | J10: Estrutura | K10: =COUNTIF($B$5:$H$93,J10) -> 0 | L10: =K10/$K$16 -> 0
A11: Pivô 07 | J11: Bomba/Sucção | K11: =COUNTIF($B$5:$H$93,J11) -> 0 | L11: =K11/$K$16 -> 0
A12: Pivô 08 | J12: Mangote | K12: =COUNTIF($B$5:$H$93,J12) -> 0 | L12: =K12/$K$16 -> 0
A13: Pivô 09 | J13: Canal/Reservatório | K13: =COUNTIF($B$5:$H$93,J13) -> 0 | L13: =K13/$K$16 -> 0
A14: Pivô 10 | J14: Adutora | K14: =COUNTIF($B$5:$H$93,J14) -> 0 | L14: =K14/$K$16 -> 0
A15: Pivô 11 | J15: Gerador | K15: =COUNTIF($B$5:$H$93,J15) -> 0 | L15: =K15/$K$16 -> 0
A16: Pivô 12 | J16: Total | K16: =SUM(K5:K14) -> 3
A17: Pivô 13
A18: Pivô 14
A19: Pivô 15
A20: Pivô 16
A21: Pivô 17
A22: Pivô 18
A23: Pivô 19
A24: Pivô 20
A25: Pivô 21
A26: Pivô 22
A27: Pivô 23
A28: Pivô 24
... A32: Pivô 28
A33: Pivô 29 | C33: Motorredutor | D33: Motorredutor
A34: Pivô 30
A35: Pivô 31
A36: Pivô 32
A37: Pivô 33
A38: Pivô 34
A39: Pivô 35
A40: Pivô 36
A41: Pivô 37
A42: Pivô 38
A43: Pivô 39
A44: Pivô 40
A45: Pivô 41
... A84: Pivô 122
A85: Pivô 123 | B85: Castanha
A86: Pivô 124
A87: Pivô 125
A88: Pivô 126
A89: Pivô 127
A90: Pivô 128
A91: Pivô 129
A92: Pivô 130
A93: Pivô 133

Sheet 09 01 2023
A1: Atendimento de irrigação (Imapacto - Problemas Mecânicos) - Semana 02/01/2023
A3: Data | B3: 44935 | C3: =B3+1 -> 44936 | D3: =C3+1 -> 44937 | E3: =D3+1 -> 44938 | F3: =E3+1 -> 44939 | G3: =F3+1 -> 44940 | H3: =G3+1 -> 44941
A4: Pivô | B4: =TEXT(B3,"ddd") -> seg | C4: =TEXT(C3,"ddd") -> ter | D4: =TEXT(D3,"ddd") -> qua | E4: =TEXT(E3,"ddd") -> qui | F4: =TEXT(F3,"ddd") -> sex | G4: =TEXT(G3,"ddd") -> sáb | H4: =TEXT(H3,"ddd") -> dom | J4: Parâmetros | K4: Contagem | L4: Porcentagem | M4: Semana
A5: Pivô 01 | J5: Redutor | K5: =COUNTIF($B$5:$H$93,J5) -> 0 | L5: =K5/$K$16 -> 0 | M5: =B3 -> 44935
A6: Pivô 02 | J6: Motorredutor | K6: =COUNTIF($B$5:$H$93,J6) -> 0 | L6: =K6/$K$16 -> 0
A7: Pivô 03 | J7: Castanha | K7: =COUNTIF($B$5:$H$93,J7) -> 0 | L7: =K7/$K$16 -> 0
A8: Pivô 04 | J8: Vedação | K8: =COUNTIF($B$5:$H$93,J8) -> 0 | L8: =K8/$K$16 -> 0
A9: Pivô 05 | J9: Pneu | K9: =COUNTIF($B$5:$H$93,J9) -> 0 | L9: =K9/$K$16 -> 0
A10: Pivô 06 | J10: Estrutura | K10: =COUNTIF($B$5:$H$93,J10) -> 0 | L10: =K10/$K$16 -> 0
A11: Pivô 07 | J11: Bomba/Sucção | K11: =COUNTIF($B$5:$H$93,J11) -> 0 | L11: =K11/$K$16 -> 0
A12: Pivô 08 | J12: Mangote | K12: =COUNTIF($B$5:$H$93,J12) -> 0 | L12: =K12/$K$16 -> 0
A13: Pivô 09 | J13: Canal/Reservatório | K13: =COUNTIF($B$5:$H$93,J13) -> 0 | L13: =K13/$K$16 -> 0
A14: Pivô 10 | J14: Adutora | K14: =COUNTIF($B$5:$H$93,J14) -> 1 | L14: =K14/$K$16 -> 1
A15: Pivô 11 | J15: Gerador | K15: =COUNTIF($B$5:$H$93,J15) -> 0 | L15: =K15/$K$16 -> 0
A16: Pivô 12 | J16: Total | K16: =SUM(K5:K14) -> 1
A17: Pivô 13
A18: Pivô 14
A19: Pivô 15
A20: Pivô 16
A21: Pivô 17
A22: Pivô 18
A23: Pivô 19
A24: Pivô 20
A25: Pivô 21
A26: Pivô 22
A27: Pivô 23 | F27: Adutora
A28: Pivô 24
A29: Pivô 25
A30: Pivô 26
A31: Pivô 27
A32: Pivô 28
A33: Pivô 29
A34: Pivô 30
A35: Pivô 31
A36: Pivô 32
A37: Pivô 33
A38: Pivô 34
A39: Pivô 35
... A93: Pivô 133

Sheet 16 01 2023
A1: Atendimento de irrigação (Imapacto - Problemas Mecânicos) - Semana 02/01/2023
A3: Data | B3: 44942 | C3: =B3+1 -> 44943 | D3: =C3+1 -> 44944 | E3: =D3+1 -> 44945 | F3: =E3+1 -> 44946 | G3: =F3+1 -> 44947 | H3: =G3+1 -> 44948
A4: Pivô | B4: =TEXT(B3,"ddd") -> seg | C4: =TEXT(C3,"ddd") -> ter | D4: =TEXT(D3,"ddd") -> qua | E4: =TEXT(E3,"ddd") -> qui | F4: =TEXT(F3,"ddd") -> sex | G4: =TEXT(G3,"ddd") -> sáb | H4: =TEXT(H3,"ddd") -> dom | J4: Parâmetros | K4: Contagem | L4: Porcentagem | M4: Semana
A5: Pivô 01 | J5: Redutor | K5: =COUNTIF($B$5:$H$93,J5) -> 0 | L5: =K5/$K$16 -> 0 | M5: =B3 -> 44942
A6: Pivô 02 | J6: Motorredutor | K6: =COUNTIF($B$5:$H$93,J6) -> 2 | L6: =K6/$K$16 -> 1
A7: Pivô 03 | J7: Castanha | K7: =COUNTIF($B$5:$H$93,J7) -> 0 | L7: =K7/$K$16 -> 0
A8: Pivô 04 | J8: Vedação | K8: =COUNTIF($B$5:$H$93,J8) -> 0 | L8: =K8/$K$16 -> 0
A9: Pivô 05 | J9: Pneu | K9: =COUNTIF($B$5:$H$93,J9) -> 0 | L9: =K9/$K$16 -> 0
A10: Pivô 06 | J10: Estrutura | K10: =COUNTIF($B$5:$H$93,J10) -> 0 | L10: =K10/$K$16 -> 0
A11: Pivô 07 | J11: Bomba/Sucção | K11: =COUNTIF($B$5:$H$93,J11) -> 0 | L11: =K11/$K$16 -> 0
A12: Pivô 08 | J12: Mangote | K12: =COUNTIF($B$5:$H$93,J12) -> 0 | L12: =K12/$K$16 -> 0
A13: Pivô 09 | J13: Canal/Reservatório | K13: =COUNTIF($B$5:$H$93,J13) -> 0 | L13: =K13/$K$16 -> 0
A14: Pivô 10 | J14: Adutora | K14: =COUNTIF($B$5:$H$93,J14) -> 0 | L14: =K14/$K$16 -> 0
A15: Pivô 11 | J15: Gerador | K15: =COUNTIF($B$5:$H$93,J15) -> 0 | L15: =K15/$K$16 -> 0
A16: Pivô 12 | J16: Total | K16: =SUM(K5:K14) -> 2
A17: Pivô 13
A18: Pivô 14 | C18: Motorredutor | D18: Motorredutor
A19: Pivô 15
A20: Pivô 16
A21: Pivô 17
A22: Pivô 18
A23: Pivô 19
A24: Pivô 20
A25: Pivô 21
A26: Pivô 22
A27: Pivô 23
A28: Pivô 24
A29: Pivô 25
A30: Pivô 26
... A93: Pivô 133

Sheet 30 01 2023
A1: Atendimento de irrigação (Imapacto - Problemas Mecânicos) - Semana 30/01/2023
A3: Data | B3: 44956 | C3: =B3+1 -> 44957 | D3: =C3+1 -> 44958 | E3: =D3+1 -> 44959 | F3: =E3+1 -> 44960 | G3: =F3+1 -> 44961 | H3: =G3+1 -> 44962
A4: Pivô | B4: =TEXT(B3,"ddd") -> seg | C4: =TEXT(C3,"ddd") -> ter | D4: =TEXT(D3,"ddd") -> qua | E4: =TEXT(E3,"ddd") -> qui | F4: =TEXT(F3,"ddd") -> sex | G4: =TEXT(G3,"ddd") -> sáb | H4: =TEXT(H3,"ddd") -> dom | J4: Parâmetros | K4: Contagem | L4: Porcentagem | M4: Semana
A5: Pivô 01 | J5: Redutor | K5: =COUNTIF($B$5:$H$93,J5) -> 1 | L5: =K5/$K$16 -> 0.16666667 | M5: =B3 -> 44956
A6: Pivô 02 | J6: Motorredutor | K6: =COUNTIF($B$5:$H$93,J6) -> 1 | L6: =K6/$K$16 -> 0.16666667
A7: Pivô 03 | J7: Castanha | K7: =COUNTIF($B$5:$H$93,J7) -> 1 | L7: =K7/$K$16 -> 0.16666667
A8: Pivô 04 | J8: Vedação | K8: =COUNTIF($B$5:$H$93,J8) -> 0 | L8: =K8/$K$16 -> 0
A9: Pivô 05 | J9: Pneu | K9: =COUNTIF($B$5:$H$93,J9) -> 1 | L9: =K9/$K$16 -> 0.16666667
A10: Pivô 06 | J10: Estrutura | K10: =COUNTIF($B$5:$H$93,J10) -> 0 | L10: =K10/$K$16 -> 0
A11: Pivô 07 | J11: Bomba/Sucção | K11: =COUNTIF($B$5:$H$93,J11) -> 2 | L11: =K11/$K$16 -> 0.33333333
A12: Pivô 08 | D12: Pneu | J12: Mangote | K12: =COUNTIF($B$5:$H$93,J12) -> 0 | L12: =K12/$K$16 -> 0
A13: Pivô 09 | J13: Canal/Reservatório | K13: =COUNTIF($B$5:$H$93,J13) -> 0 | L13: =K13/$K$16 -> 0
A14: Pivô 10 | J14: Adutora | K14: =COUNTIF($B$5:$H$93,J14) -> 0 | L14: =K14/$K$16 -> 0
A15: Pivô 11 | J15: Gerador | K15: =COUNTIF($B$5:$H$93,J15) -> 0 | L15: =K15/$K$16 -> 0
A16: Pivô 12 | J16: Total | K16: =SUM(K5:K14) -> 6
A17: Pivô 13
A18: Pivô 14
A19: Pivô 15
A20: Pivô 16
A21: Pivô 17
A22: Pivô 18 | F22: Redutor
A23: Pivô 19
A24: Pivô 20 | G24: Bomba/Sucção
A25: Pivô 21
A26: Pivô 22
A27: Pivô 23
A28: Pivô 24 | H28: Motorredutor
A29: Pivô 25
A30: Pivô 26
A31: Pivô 27
A32: Pivô 28
A33: Pivô 29
A34: Pivô 30
A35: Pivô 31
A36: Pivô 32
A37: Pivô 33
A38: Pivô 34 | E38: Castanha
A39: Pivô 35
A40: Pivô 36
A41: Pivô 37
A42: Pivô 38
A43: Pivô 39
A44: Pivô 40
A45: Pivô 41
A46: Pivô 42
A47: Pivô 43
A48: Pivô 44
A49: Pivô 45
A50: Pivô 46
... A64: Pivô 102
A65: Pivô 103 | C65: Bomba/Sucção
A66: Pivô 104
A67: Pivô 105
A68: Pivô 106
A69: Pivô 107
A70: Pivô 108
A71: Pivô 109
A72: Pivô 110
A73: Pivô 111
A74: Pivô 112
A75: Pivô 113
A76: Pivô 114
A77: Pivô 115
... A93: Pivô 133

Sheet 06 02 2023
A1: Atendimento de irrigação (Imapacto - Problemas Mecânicos) - Semana 06/02/2023
A3: Data | B3: 44963 | C3: =B3+1 -> 44964 | D3: =C3+1 -> 44965 | E3: =D3+1 -> 44966 | F3: =E3+1 -> 44967 | G3: =F3+1 -> 44968 | H3: =G3+1 -> 44969
A4: Pivô | B4: =TEXT(B3,"ddd") -> seg | C4: =TEXT(C3,"ddd") -> ter | D4: =TEXT(D3,"ddd") -> qua | E4: =TEXT(E3,"ddd") -> qui | F4: =TEXT(F3,"ddd") -> sex | G4: =TEXT(G3,"ddd") -> sáb | H4: =TEXT(H3,"ddd") -> dom | J4: Parâmetros | K4: Contagem | L4: Porcentagem | M4: Semana
A5: Pivô 01 | J5: Redutor | K5: =COUNTIF($B$5:$H$109,J5) -> 4 | L5: =K5/$K$16 -> 0.26666667 | M5: =B3 -> 44963
A6: Pivô 02 | J6: Motorredutor | K6: =COUNTIF($B$5:$H$109,J6) -> 0 | L6: =K6/$K$16 -> 0
A7: Pivô 03 | J7: Castanha | K7: =COUNTIF($B$5:$H$109,J7) -> 1 | L7: =K7/$K$16 -> 0.066666667
A8: Pivô 04 | J8: Vedação | K8: =COUNTIF($B$5:$H$109,J8) -> 0 | L8: =K8/$K$16 -> 0
A9: Pivô 05 | J9: Pneu | K9: =COUNTIF($B$5:$H$109,J9) -> 0 | L9: =K9/$K$16 -> 0
A10: Pivô 06 | J10: Estrutura | K10: =COUNTIF($B$5:$H$109,J10) -> 0 | L10: =K10/$K$16 -> 0
A11: Pivô 07 | J11: Bomba/Sucção | K11: =COUNTIF($B$5:$H$109,J11) -> 7 | L11: =K11/$K$16 -> 0.46666667
A12: Pivô 08 | J12: Mangote | K12: =COUNTIF($B$5:$H$109,J12) -> 1 | L12: =K12/$K$16 -> 0.066666667
A13: Pivô 09 | J13: Canal/Reservatório | K13: =COUNTIF($B$5:$H$109,J13) -> 0 | L13: =K13/$K$16 -> 0
A14: Pivô 10 | E14: Redutor | J14: Adutora | K14: =COUNTIF($B$5:$H$109,J14) -> 2 | L14: =K14/$K$16 -> 0.13333333
A15: Pivô 11 | J15: Gerador | K15: =COUNTIF($B$5:$H$109,J15) -> 0 | L15: =K15/$K$16 -> 0
A16: Pivô 12 | D16: Redutor | E16: Redutor | J16: Total | K16: =SUM(K5:K14) -> 15
A17: Pivô 13
A18: Pivô 14
A19: Pivô 15
A20: Pivô 16
A21: Pivô 17
A22: Pivô 18
A23: Pivô 19
A24: Pivô 20 | B24: Bomba/Sucção | C24: Bomba/Sucção | D24: Bomba/Sucção | E24: Bomba/Sucção | F24: Bomba/Sucção | G24: Bomba/Sucção | H24: Bomba/Sucção
A25: Pivô 21
A26: Pivô 22
A27: Pivô 23
A28: Pivô 24
A29: Pivô 25
A30: Pivô 26
A31: Pivô 27
A32: Pivô 28 | F32: Mangote
A33: Pivô 29
A34: Pivô 30
A35: Pivô 31
A36: Pivô 32
A37: Pivô 33
A38: Pivô 34
A39: Pivô 35
A40: Pivô 36
A41: Pivô 37
A42: Pivô 38
A43: Pivô 39
A44: Pivô 40
... A50: Pivô 46
A51: Pivô 47 | B51: Adutora | C51: Adutora
A52: Pivô 48 | D52: Redutor
A53: Pivô 49
A54: Pivô 50
A55: Pivô 51
A56: Pivô 52
A57: Pivô 53
A58: Pivô 54
A59: Pivô 55
A60: Pivô 56
A61: Pivô 57
A62: Pivô 58
A63: Pivô 59
A64: Pivô 60
... A71: Pivô 67
A72: Pivô 68 | H72: Castanha
A73: Pivô 69
A74: Pivô 70
A75: Pivô 71
A76: Pivô 72
A77: Pivô 73
A78: Pivô 74
A79: Pivô 101
A80: Pivô 102
A81: Pivô 103
A82: Pivô 104
A83: Pivô 105
A84: Pivô 106
... A109: Pivô 133

Sheet 13 02 2023
A1: Atendimento de irrigação (Imapacto - Problemas Mecânicos) - Semana 13/02/2023
A3: Data | B3: 44970 | C3: =B3+1 -> 44971 | D3: =C3+1 -> 44972 | E3: =D3+1 -> 44973 | F3: =E3+1 -> 44974 | G3: =F3+1 -> 44975 | H3: =G3+1 -> 44976
A4: Pivô | B4: =TEXT(B3,"ddd") -> seg | C4: =TEXT(C3,"ddd") -> ter | D4: =TEXT(D3,"ddd") -> qua | E4: =TEXT(E3,"ddd") -> qui | F4: =TEXT(F3,"ddd") -> sex | G4: =TEXT(G3,"ddd") -> sáb | H4: =TEXT(H3,"ddd") -> dom | J4: Parâmetros | K4: Contagem | L4: Porcentagem | M4: Semana
A5: Pivô 01 | J5: Redutor | K5: =COUNTIF($B$5:$H$109,J5) -> 3 | L5: =K5/$K$16 -> 0.04 | M5: =B3 -> 44970
A6: Pivô 02 | J6: Motorredutor | K6: =COUNTIF($B$5:$H$109,J6) -> 0 | L6: =K6/$K$16 -> 0
A7: Pivô 03 | J7: Castanha | K7: =COUNTIF($B$5:$H$109,J7) -> 0 | L7: =K7/$K$16 -> 0
A8: Pivô 04 | J8: Vedação | K8: =COUNTIF($B$5:$H$109,J8) -> 0 | L8: =K8/$K$16 -> 0
A9: Pivô 05 | J9: Pneu | K9: =COUNTIF($B$5:$H$109,J9) -> 1 | L9: =K9/$K$16 -> 0.013333333
A10: Pivô 06 | J10: Estrutura | K10: =COUNTIF($B$5:$H$109,J10) -> 0 | L10: =K10/$K$16 -> 0
A11: Pivô 07 | J11: Bomba/Sucção | K11: =COUNTIF($B$5:$H$109,J11) -> 3 | L11: =K11/$K$16 -> 0.04
A12: Pivô 08 | J12: Mangote | K12: =COUNTIF($B$5:$H$109,J12) -> 3 | L12: =K12/$K$16 -> 0.04
A13: Pivô 09 | D13: Canal/Reservatório | E13: Canal/Reservatório | F13: Canal/Reservatório | G13: Canal/Reservatório | H13: Canal/Reservatório | J13: Canal/Reservatório | K13: =COUNTIF($B$5:$H$109,J13) -> 60 | L13: =K13/$K$16 -> 0.8
A14: Pivô 10 | D14: Canal/Reservatório | E14: Canal/Reservatório | F14: Canal/Reservatório | G14: Canal/Reservatório | H14: Canal/Reservatório | J14: Adutora | K14: =COUNTIF($B$5:$H$109,J14) -> 5 | L14: =K14/$K$16 -> 0.066666667
A15: Pivô 11 | J15: Gerador | K15: =COUNTIF($B$5:$H$109,J15) -> 0 | L15: =K15/$K$16 -> 0
A16: Pivô 12 | C16: Canal/Reservatório | D16: Canal/Reservatório | E16: Canal/Reservatório | F16: Redutor | G16: Redutor | H16: Redutor | J16: Total | K16: =SUM(K5:K14) -> 75
A17: Pivô 13 | D17: Canal/Reservatório | E17: Canal/Reservatório | G17: Canal/Reservatório | H17: Canal/Reservatório
A18: Pivô 14 | D18: Canal/Reservatório | E18: Canal/Reservatório | F18: Canal/Reservatório | G18: Canal/Reservatório | H18: Canal/Reservatório
A19: Pivô 15 | C19: Canal/Reservatório
A20: Pivô 16 | F20: Adutora | G20: Adutora | H20: Adutora
A21: Pivô 17
A22: Pivô 18
A23: Pivô 19 | E23: Canal/Reservatório | F23: Canal/Reservatório | G23: Canal/Reservatório
A24: Pivô 20 | B24: Bomba/Sucção | C24: Bomba/Sucção | F24: Mangote | G24: Mangote | H24: Mangote
A25: Pivô 21 | F25: Canal/Reservatório | G25: Canal/Reservatório | H25: Canal/Reservatório
A26: Pivô 22 | G26: Canal/Reservatório | H26: Canal/Reservatório
A27: Pivô 23 | G27: Canal/Reservatório | H27: Canal/Reservatório
A28: Pivô 24
A29: Pivô 25 | E29: Canal/Reservatório | G29: Canal/Reservatório | H29: Canal/Reservatório
A30: Pivô 26
A31: Pivô 27
A32: Pivô 28 | C32: Canal/Reservatório | D32: Canal/Reservatório | E32: Canal/Reservatório | F32: Canal/Reservatório | G32: Canal/Reservatório | H32: Canal/Reservatório
A33: Pivô 29 | D33: Canal/Reservatório | E33: Canal/Reservatório | G33: Canal/Reservatório | H33: Canal/Reservatório
A34: Pivô 30 | G34: Canal/Reservatório | H34: Canal/Reservatório
A35: Pivô 31 | F35: Canal/Reservatório | G35: Canal/Reservatório | H35: Canal/Reservatório
A36: Pivô 32 | D36: Canal/Reservatório | E36: Canal/Reservatório | G36: Canal/Reservatório | H36: Canal/Reservatório
A37: Pivô 33 | E37: Canal/Reservatório | F37: Canal/Reservatório | G37: Canal/Reservatório | H37: Canal/Reservatório
A38: Pivô 34 | H38: Canal/Reservatório
A39: Pivô 35
A40: Pivô 36
A41: Pivô 37
A42: Pivô 38
A43: Pivô 39
A44: Pivô 40 | G44: Adutora | H44: Adutora
A45: Pivô 41 | C45: Pneu
A46: Pivô 42
A47: Pivô 43
A48: Pivô 44
A49: Pivô 45
A50: Pivô 46
A51: Pivô 47
A52: Pivô 48
A53: Pivô 49
A54: Pivô 50
A55: Pivô 51
A56: Pivô 52
A57: Pivô 53
... A74: Pivô 70
A75: Pivô 71 | C75: Bomba/Sucção
A76: Pivô 72
A77: Pivô 73
A78: Pivô 74
A79: Pivô 101
A80: Pivô 102
A81: Pivô 103
A82: Pivô 104
A83: Pivô 105
A84: Pivô 106
A85: Pivô 107
A86: Pivô 108
A87: Pivô 109
... A109: Pivô 133

Sheet 20 02 2023
A1: Atendimento de irrigação (Imapacto - Problemas Mecânicos) - Semana 13/02/2023
A3: Data | B3: 44977 | C3: =B3+1 -> 44978 | D3: =C3+1 -> 44979 | E3: =D3+1 -> 44980 | F3: =E3+1 -> 44981 | G3: =F3+1 -> 44982 | H3: =G3+1 -> 44983
A4: Pivô | B4: =TEXT(B3,"ddd") -> seg | C4: =TEXT(C3,"ddd") -> ter | D4: =TEXT(D3,"ddd") -> qua | E4: =TEXT(E3,"ddd") -> qui | F4: =TEXT(F3,"ddd") -> sex | G4: =TEXT(G3,"ddd") -> sáb | H4: =TEXT(H3,"ddd") -> dom | J4: Parâmetros | K4: Contagem | L4: Porcentagem | M4: Semana
A5: Pivô 01 | J5: Redutor | K5: =COUNTIF($B$5:$H$109,J5) -> 7 | L5: =K5/$K$17 -> 0.14583333 | M5: =B3 -> 44977
A6: Pivô 02 | H6: Motorredutor | J6: Motorredutor | K6: =COUNTIF($B$5:$H$109,J6) -> 6 | L6: =K6/$K$17 -> 0.125
A7: Pivô 03 | D7: Motorredutor | J7: Castanha | K7: =COUNTIF($B$5:$H$109,J7) -> 0 | L7: =K7/$K$17 -> 0
A8: Pivô 04 | J8: Vedação | K8: =COUNTIF($B$5:$H$109,J8) -> 0 | L8: =K8/$K$17 -> 0
A9: Pivô 05 | J9: Pneu | K9: =COUNTIF($B$5:$H$109,J9) -> 5 | L9: =K9/$K$17 -> 0.10416667
A10: Pivô 06 | J10: Estrutura | K10: =COUNTIF($B$5:$H$109,J10) -> 0 | L10: =K10/$K$17 -> 0
A11: Pivô 07 | J11: Bomba/Sucção | K11: =COUNTIF($B$5:$H$109,J11) -> 1 | L11: =K11/$K$17 -> 0.020833333
A12: Pivô 08 | J12: Mangote | K12: =COUNTIF($B$5:$H$109,J12) -> 4 | L12: =K12/$K$17 -> 0.083333333
A13: Pivô 09 | B13: Canal/Reservatório | J13: Canal/Reservatório | K13: =COUNTIF($B$5:$H$109,J13) -> 13 | L13: =K13/$K$17 -> 0.27083333
A14: Pivô 10 | E14: Motorredutor | J14: Adutora | K14: =COUNTIF($B$5:$H$109,J14) -> 9 | L14: =K14/$K$17 -> 0.1875
A15: Pivô 11 | J15: Balça/Transposição | K15: =COUNTIF($B$5:$H$109,J15) -> 3 | L15: =K15/$K$17 -> 0.0625
A16: Pivô 12 | B16: Redutor | J16: Gerador | K16: =COUNTIF($B$5:$H$109,J16) -> 0 | L16: =K16/$K$17 -> 0
A17: Pivô 13 | J17: Total | K17: =SUM(K5:K16) -> 48
A18: Pivô 14 | B18: Canal/Reservatório
A19: Pivô 15
A20: Pivô 16 | B20: Adutora
A21: Pivô 17
A22: Pivô 18 | G22: Mangote | H22: Mangote
A23: Pivô 19 | D23: Redutor | E23: Redutor | F23: Redutor
A24: Pivô 20 | B24: Mangote | C24: Mangote
A25: Pivô 21
A26: Pivô 22
A27: Pivô 23 | B27: Canal/Reservatório
A28: Pivô 24 | B28: Canal/Reservatório
A29: Pivô 25 | B29: Canal/Reservatório
A30: Pivô 26 | B30: Canal/Reservatório
A31: Pivô 27
A32: Pivô 28 | B32: Canal/Reservatório | C32: Canal/Reservatório | D32: Redutor | E32: Redutor
A33: Pivô 29 | G33: Redutor
A34: Pivô 30 | B34: Canal/Reservatório
A35: Pivô 31 | B35: Canal/Reservatório
A36: Pivô 32 | B36: Canal/Reservatório
A37: Pivô 33 | B37: Canal/Reservatório
A38: Pivô 34 | B38: Canal/Reservatório
A39: Pivô 35
A40: Pivô 36
A41: Pivô 37
A42: Pivô 38
A43: Pivô 39
A44: Pivô 40 | B44: Adutora | C44: Adutora | D44: Adutora
A45: Pivô 41 | F45: Pneu
A46: Pivô 42
A47: Pivô 43
A48: Pivô 44
A49: Pivô 45
A50: Pivô 46 | H50: Pneu
A51: Pivô 47
A52: Pivô 48 | C52: Adutora | D52: Adutora | E52: Adutora | F52: Adutora | G52: Adutora
A53: Pivô 49
A54: Pivô 50
A55: Pivô 51
A56: Pivô 52
A57: Pivô 53
A58: Pivô 54
A59: Pivô 55
A60: Pivô 56
A61: Pivô 57
A62: Pivô 58
A63: Pivô 59
A64: Pivô 60
... A73: Pivô 69
A74: Pivô 70 | E74: Balça/Transposição | H74: Pneu
A75: Pivô 71 | E75: Balça/Transposição
A76: Pivô 72 | E76: Balça/Transposição
A77: Pivô 73
A78: Pivô 74
A79: Pivô 101 | B79: Motorredutor | C79: Motorredutor | D79: Motorredutor
A80: Pivô 102
A81: Pivô 103 | D81: Bomba/Sucção
A82: Pivô 104
A83: Pivô 105
A84: Pivô 106
A85: Pivô 107
A86: Pivô 108
A87: Pivô 109
A88: Pivô 110
A89: Pivô 111
A90: Pivô 112
A91: Pivô 113
A92: Pivô 114
A93: Pivô 115
... A98: Pivô 120
A99: Pivô 121 | G99: Pneu
A100: Pivô 122
A101: Pivô 123
A102: Pivô 124
A103: Pivô 125
A104: Pivô 126
A105: Pivô 127
A106: Pivô 128
A107: Pivô 129
A108: Pivô 130 | D108: Pneu
A109: Pivô 133

Sheet 27 02 2023
A1: Atendimento de irrigação (Imapacto - Problemas Mecânicos) - Semana 13/02/2023
A3: Data | B3: 44984 | C3: =B3+1 -> 44985 | D3: =C3+1 -> 44986 | E3: =D3+1 -> 44987 | F3: =E3+1 -> 44988 | G3: =F3+1 -> 44989 | H3: =G3+1 -> 44990
A4: Pivô | B4: =TEXT(B3,"ddd") -> seg | C4: =TEXT(C3,"ddd") -> ter | D4: =TEXT(D3,"ddd") -> qua | E4: =TEXT(E3,"ddd") -> qui | F4: =TEXT(F3,"ddd") -> sex | G4: =TEXT(G3,"ddd") -> sáb | H4: =TEXT(H3,"ddd") -> dom | J4: Parâmetros | K4: Contagem | L4: Porcentagem | M4: Semana
A5: Pivô 01 | G5: Redutor | J5: Redutor | K5: =COUNTIF($B$5:$H$109,J5) -> 6 | L5: =K5/$K$17 -> 0.22222222 | M5: =B3 -> 44984
A6: Pivô 02 | J6: Motorredutor | K6: =COUNTIF($B$5:$H$109,J6) -> 0 | L6: =K6/$K$17 -> 0
A7: Pivô 03 | J7: Castanha | K7: =COUNTIF($B$5:$H$109,J7) -> 1 | L7: =K7/$K$17 -> 0.037037037
A8: Pivô 04 | J8: Vedação | K8: =COUNTIF($B$5:$H$109,J8) -> 0 | L8: =K8/$K$17 -> 0
A9: Pivô 05 | J9: Pneu | K9: =COUNTIF($B$5:$H$109,J9) -> 1 | L9: =K9/$K$17 -> 0.037037037
A10: Pivô 06 | J10: Estrutura | K10: =COUNTIF($B$5:$H$109,J10) -> 0 | L10: =K10/$K$17 -> 0
A11: Pivô 07 | J11: Bomba/Sucção | K11: =COUNTIF($B$5:$H$109,J11) -> 4 | L11: =K11/$K$17 -> 0.14814815
A12: Pivô 08 | J12: Mangote | K12: =COUNTIF($B$5:$H$109,J12) -> 1 | L12: =K12/$K$17 -> 0.037037037
A13: Pivô 09 | J13: Canal/Reservatório | K13: =COUNTIF($B$5:$H$109,J13) -> 13 | L13: =K13/$K$17 -> 0.48148148
A14: Pivô 10 | J14: Adutora | K14: =COUNTIF($B$5:$H$109,J14) -> 1 | L14: =K14/$K$17 -> 0.037037037
A15: Pivô 11 | J15: Balça/Transposição | K15: =COUNTIF($B$5:$H$109,J15) -> 0 | L15: =K15/$K$17 -> 0
A16: Pivô 12 | J16: Gerador | K16: =COUNTIF($B$5:$H$109,J16) -> 0 | L16: =K16/$K$17 -> 0
A17: Pivô 13 | J17: Total | K17: =SUM(K5:K16) -> 27
A18: Pivô 14
A19: Pivô 15
A20: Pivô 16
A21: Pivô 17 | D21: Bomba/Sucção
A22: Pivô 18 | B22: Mangote
A23: Pivô 19
A24: Pivô 20
A25: Pivô 21
A26: Pivô 22
A27: Pivô 23
A28: Pivô 24
A29: Pivô 25 | D29: Canal/Reservatório | E29: Canal/Reservatório
A30: Pivô 26 | D30: Canal/Reservatório | E30: Canal/Reservatório | H30: Redutor
A31: Pivô 27
A32: Pivô 28 | D32: Canal/Reservatório | E32: Canal/Reservatório
A33: Pivô 29 | E33: Canal/Reservatório
A34: Pivô 30
A35: Pivô 31 | D35: Canal/Reservatório | E35: Canal/Reservatório
A36: Pivô 32 | C36: Castanha | D36: Canal/Reservatório | E36: Canal/Reservatório | H36: Redutor
A37: Pivô 33 | E37: Canal/Reservatório
A38: Pivô 34 | D38: Canal/Reservatório
A39: Pivô 35
A40: Pivô 36
A41: Pivô 37
A42: Pivô 38
A43: Pivô 39
A44: Pivô 40
A45: Pivô 41 | B45: Pneu
A46: Pivô 42
A47: Pivô 43
A48: Pivô 44
A49: Pivô 45
A50: Pivô 46
A51: Pivô 47
A52: Pivô 48 | H52: Adutora
A53: Pivô 49
A54: Pivô 50
A55: Pivô 51
A56: Pivô 52
A57: Pivô 53
A58: Pivô 54
A59: Pivô 55 | H59: Bomba/Sucção
A60: Pivô 56
A61: Pivô 57
A62: Pivô 58
A63: Pivô 59
A64: Pivô 60
A65: Pivô 61
A66: Pivô 62
A67: Pivô 63
A68: Pivô 64
A69: Pivô 65
A70: Pivô 66
A71: Pivô 67
A72: Pivô 68
A73: Pivô 69 | B73: Bomba/Sucção
A74: Pivô 70
A75: Pivô 71
A76: Pivô 72
A77: Pivô 73
A78: Pivô 74
A79: Pivô 101
A80: Pivô 102 | C80: Redutor
A81: Pivô 103
A82: Pivô 104
A83: Pivô 105 | D83: Bomba/Sucção
A84: Pivô 106
A85: Pivô 107
A86: Pivô 108
A87: Pivô 109
A88: Pivô 110
A89: Pivô 111
A90: Pivô 112
A91: Pivô 113
A92: Pivô 114
A93: Pivô 115
A94: Pivô 116
A95: Pivô 117
... A98: Pivô 120
A99: Pivô 121 | F99: Redutor
A100: Pivô 122
A101: Pivô 123 | E101: Redutor
A102: Pivô 124
A103: Pivô 125
...

Sheet 06 03 2023
A1: Atendimento de irrigação (Imapacto - Problemas Mecânicos) - Semana 13/02/2023
A3: Data | B3: 44991 | C3: =B3+1 -> 44992 | D3: =C3+1 -> 44993 | E3: =D3+1 -> 44994 | F3: =E3+1 -> 44995 | G3: =F3+1 -> 44996 | H3: =G3+1 -> 44997
A4: Pivô | B4: =TEXT(B3,"ddd") -> seg | C4: =TEXT(C3,"ddd") -> ter | D4: =TEXT(D3,"ddd") -> qua | E4: =TEXT(E3,"ddd") -> qui | F4: =TEXT(F3,"ddd") -> sex | G4: =TEXT(G3,"ddd") -> sáb | H4: =TEXT(H3,"ddd") -> dom | J4: Parâmetros | K4: Contagem | L4: Porcentagem | M4: Semana
A5: Pivô 01 | J5: Redutor | K5: =COUNTIF($B$5:$H$109,J5) -> 5 | L5: =K5/$K$17 -> 0.33333333 | M5: =B3 -> 44991
A6: Pivô 02 | J6: Motorredutor | K6: =COUNTIF($B$5:$H$109,J6) -> 0 | L6: =K6/$K$17 -> 0
A7: Pivô 03 | J7: Castanha | K7: =COUNTIF($B$5:$H$109,J7) -> 0 | L7: =K7/$K$17 -> 0
A8: Pivô 04 | J8: Vedação | K8: =COUNTIF($B$5:$H$109,J8) -> 0 | L8: =K8/$K$17 -> 0
A9: Pivô 05 | J9: Pneu | K9: =COUNTIF($B$5:$H$109,J9) -> 5 | L9: =K9/$K$17 -> 0.33333333
A10: Pivô 06 | J10: Estrutura | K10: =COUNTIF($B$5:$H$109,J10) -> 2 | L10: =K10/$K$17 -> 0.13333333
A11: Pivô 07 | J11: Bomba/Sucção | K11: =COUNTIF($B$5:$H$109,J11) -> 2 | L11: =K11/$K$17 -> 0.13333333
A12: Pivô 08 | J12: Mangote | K12: =COUNTIF($B$5:$H$109,J12) -> 0 | L12: =K12/$K$17 -> 0
A13: Pivô 09 | J13: Canal/Reservatório | K13: =COUNTIF($B$5:$H$109,J13) -> 1 | L13: =K13/$K$17 -> 0.066666667
A14: Pivô 10 | J14: Adutora | K14: =COUNTIF($B$5:$H$109,J14) -> 0 | L14: =K14/$K$17 -> 0
A15: Pivô 11 | J15: Balça/Transposição | K15: =COUNTIF($B$5:$H$109,J15) -> 0 | L15: =K15/$K$17 -> 0
A16: Pivô 12 | J16: Gerador | K16: =COUNTIF($B$5:$H$109,J16) -> 0 | L16: =K16/$K$17 -> 0
A17: Pivô 13 | J17: Total | K17: =SUM(K5:K16) -> 15
A18: Pivô 14
A19: Pivô 15
A20: Pivô 16
A21: Pivô 17
A22: Pivô 18
A23: Pivô 19
A24: Pivô 20
A25: Pivô 21
A26: Pivô 22
A27: Pivô 23
A28: Pivô 24
A29: Pivô 25
... A31: Pivô 27
A32: Pivô 28 | G32: Estrutura | H32: Estrutura
A33: Pivô 29
A34: Pivô 30
A35: Pivô 31
A36: Pivô 32 | C36: Pneu | F36: Redutor | G36: Redutor
A37: Pivô 33
A38: Pivô 34
A39: Pivô 35
A40: Pivô 36
A41: Pivô 37
A42: Pivô 38
A43: Pivô 39
A44: Pivô 40 | B44: Redutor
A45: Pivô 41
A46: Pivô 42
A47: Pivô 43 | E47: Pneu
A48: Pivô 44
A49: Pivô 45
A50: Pivô 46 | G50: Pneu
A51: Pivô 47 | E51: Redutor
A52: Pivô 48
A53: Pivô 49
A54: Pivô 50
A55: Pivô 51
A56: Pivô 52
A57: Pivô 53
A58: Pivô 54
A59: Pivô 55
A60: Pivô 56
A61: Pivô 57
A62: Pivô 58
A63: Pivô 59
A64: Pivô 60
A65: Pivô 61 | F65: Pneu
A66: Pivô 62
A67: Pivô 63
A68: Pivô 64
A69: Pivô 65
A70: Pivô 66
A71: Pivô 67 | C71: Bomba/Sucção
A72: Pivô 68 | C72: Bomba/Sucção | H72: Pneu
A73: Pivô 69
A74: Pivô 70
A75: Pivô 71
A76: Pivô 72
A77: Pivô 73
A78: Pivô 74
A79: Pivô 101
A80: Pivô 102
A81: Pivô 103
A82: Pivô 104
A83: Pivô 105
A84: Pivô 106 | E84: Canal/Reservatório
A85: Pivô 107
A86: Pivô 108
A87: Pivô 109
A88: Pivô 110
A89: Pivô 111
A90: Pivô 112
A91: Pivô 113
A92: Pivô 114
A93: Pivô 115
A94: Pivô 116
A95: Pivô 117
A96: Pivô 118
... A100: Pivô 122
A101: Pivô 123 | G101: Redutor
A102: Pivô 124
A103: Pivô 125
A104: Pivô 126
A105: Pivô 127
...

Sheet 13 03 2023
A1: Atendimento de irrigação (Imapacto - Problemas Mecânicos)
A3: Data | B3: 44998 | C3: =B3+1 -> 44999 | D3: =C3+1 -> 45000 | E3: =D3+1 -> 45001 | F3: =E3+1 -> 45002 | G3: =F3+1 -> 45003 | H3: =G3+1 -> 45004
A4: Pivô | B4: =TEXT(B3,"ddd") -> seg | C4: =TEXT(C3,"ddd") -> ter | D4: =TEXT(D3,"ddd") -> qua | E4: =TEXT(E3,"ddd") -> qui | F4: =TEXT(F3,"ddd") -> sex | G4: =TEXT(G3,"ddd") -> sáb | H4: =TEXT(H3,"ddd") -> dom | J4: Parâmetros | K4: Contagem | L4: Porcentagem | M4: Semana
A5: Pivô 01 | J5: Redutor | K5: =COUNTIF($B$5:$H$109,J5) -> 2 | L5: =K5/$K$17 -> 0.15384615 | M5: =B3 -> 44998
A6: Pivô 02 | J6: Motorredutor | K6: =COUNTIF($B$5:$H$109,J6) -> 2 | L6: =K6/$K$17 -> 0.15384615
A7: Pivô 03 | J7: Castanha | K7: =COUNTIF($B$5:$H$109,J7) -> 0 | L7: =K7/$K$17 -> 0
A8: Pivô 04 | J8: Vedação | K8: =COUNTIF($B$5:$H$109,J8) -> 0 | L8: =K8/$K$17 -> 0
A9: Pivô 05 | J9: Pneu | K9: =COUNTIF($B$5:$H$109,J9) -> 7 | L9: =K9/$K$17 -> 0.53846154
A10: Pivô 06 | J10: Estrutura | K10: =COUNTIF($B$5:$H$109,J10) -> 2 | L10: =K10/$K$17 -> 0.15384615
A11: Pivô 07 | J11: Bomba/Sucção | K11: =COUNTIF($B$5:$H$109,J11) -> 0 | L11: =K11/$K$17 -> 0
A12: Pivô 08 | J12: Mangote | K12: =COUNTIF($B$5:$H$109,J12) -> 0 | L12: =K12/$K$17 -> 0
A13: Pivô 09 | J13: Canal/Reservatório | K13: =COUNTIF($B$5:$H$109,J13) -> 0 | L13: =K13/$K$17 -> 0
A14: Pivô 10 | J14: Adutora | K14: =COUNTIF($B$5:$H$109,J14) -> 0 | L14: =K14/$K$17 -> 0
A15: Pivô 11 | J15: Balça/Transposição | K15: =COUNTIF($B$5:$H$109,J15) -> 0 | L15: =K15/$K$17 -> 0
A16: Pivô 12 | J16: Gerador | K16: =COUNTIF($B$5:$H$109,J16) -> 0 | L16: =K16/$K$17 -> 0
A17: Pivô 13 | J17: Total | K17: =SUM(K5:K16) -> 13
A18: Pivô 14 | D18: Redutor
A19: Pivô 15
A20: Pivô 16 | D20: Redutor
A21: Pivô 17 | C21: Motorredutor | D21: Motorredutor
A22: Pivô 18
A23: Pivô 19
A24: Pivô 20
A25: Pivô 21
A26: Pivô 22
A27: Pivô 23
A28: Pivô 24
A29: Pivô 25
A30: Pivô 26
A31: Pivô 27
A32: Pivô 28 | B32: Estrutura | C32: Estrutura
A33: Pivô 29
A34: Pivô 30
A35: Pivô 31
A36: Pivô 32
A37: Pivô 33
A38: Pivô 34
A39: Pivô 35
A40: Pivô 36
A41: Pivô 37
A42: Pivô 38
A43: Pivô 39
A44: Pivô 40
... A49: Pivô 45
A50: Pivô 46 | F50: Pneu
A51: Pivô 47
A52: Pivô 48
A53: Pivô 49
A54: Pivô 50
A55: Pivô 51
A56: Pivô 52
A57: Pivô 53
A58: Pivô 54
A59: Pivô 55
A60: Pivô 56
A61: Pivô 57
A62: Pivô 58 | B62: Pneu | C62: Pneu
A63: Pivô 59
A64: Pivô 60
A65: Pivô 61 | B65: Pneu | C65: Pneu
A66: Pivô 62
A67: Pivô 63
A68: Pivô 64
A69: Pivô 65
A70: Pivô 66
A71: Pivô 67
A72: Pivô 68
A73: Pivô 69
A74: Pivô 70
A75: Pivô 71
A76: Pivô 72
A77: Pivô 73
... A100: Pivô 122
A101: Pivô 123 | B101: Pneu | C101: Pneu
A102: Pivô 124
A103: Pivô 125
A104: Pivô 126
A105: Pivô 127
A106: Pivô 128
A107: Pivô 129
A108: Pivô 130
A109: Pivô 133

Sheet 20 03 2023
A1: Atendimento de irrigação (Imapacto - Problemas Mecânicos)
A3: Data | B3: 45005 | C3: =B3+1 -> 45006 | D3: =C3+1 -> 45007 | E3: =D3+1 -> 45008 | F3: =E3+1 -> 45009 | G3: =F3+1 -> 45010 | H3: =G3+1 -> 45011
A4: Pivô | B4: =TEXT(B3,"ddd") -> seg | C4: =TEXT(C3,"ddd") -> ter | D4: =TEXT(D3,"ddd") -> qua | E4: =TEXT(E3,"ddd") -> qui | F4: =TEXT(F3,"ddd") -> sex | G4: =TEXT(G3,"ddd") -> sáb | H4: =TEXT(H3,"ddd") -> dom | J4: Parâmetros | K4: Contagem | L4: Porcentagem | M4: Semana
A5: Pivô 01 | J5: Redutor | K5: =COUNTIF($B$5:$H$109,J5) -> 3 | L5: =K5/$K$17 -> 0.25 | M5: =B3 -> 45005
A6: Pivô 02 | J6: Motorredutor | K6: =COUNTIF($B$5:$H$109,J6) -> 0 | L6: =K6/$K$17 -> 0
A7: Pivô 03 | F7: Redutor | J7: Castanha | K7: =COUNTIF($B$5:$H$109,J7) -> 0 | L7: =K7/$K$17 -> 0
A8: Pivô 04 | J8: Vedação | K8: =COUNTIF($B$5:$H$109,J8) -> 0 | L8: =K8/$K$17 -> 0
A9: Pivô 05 | J9: Pneu | K9: =COUNTIF($B$5:$H$109,J9) -> 4 | L9: =K9/$K$17 -> 0.33333333
A10: Pivô 06 | J10: Estrutura | K10: =COUNTIF($B$5:$H$109,J10) -> 1 | L10: =K10/$K$17 -> 0.083333333
A11: Pivô 07 | J11: Bomba/Sucção | K11: =COUNTIF($B$5:$H$109,J11) -> 0 | L11: =K11/$K$17 -> 0
A12: Pivô 08 | J12: Mangote | K12: =COUNTIF($B$5:$H$109,J12) -> 1 | L12: =K12/$K$17 -> 0.083333333
A13: Pivô 09 | J13: Canal/Reservatório | K13: =COUNTIF($B$5:$H$109,J13) -> 0 | L13: =K13/$K$17 -> 0
A14: Pivô 10 | J14: Adutora | K14: =COUNTIF($B$5:$H$109,J14) -> 3 | L14: =K14/$K$17 -> 0.25
A15: Pivô 11 | J15: Balça/Transposição | K15: =COUNTIF($B$5:$H$109,J15) -> 0 | L15: =K15/$K$17 -> 0
A16: Pivô 12 | J16: Gerador | K16: =COUNTIF($B$5:$H$109,J16) -> 0 | L16: =K16/$K$17 -> 0
A17: Pivô 13 | J17: Total | K17: =SUM(K5:K16) -> 12
A18: Pivô 14 | C18: Redutor
A19: Pivô 15
A20: Pivô 16
A21: Pivô 17
A22: Pivô 18
A23: Pivô 19
A24: Pivô 20
A25: Pivô 21 | F25: Redutor
A26: Pivô 22 | D26: Adutora | E26: Adutora | F26: Adutora
A27: Pivô 23
A28: Pivô 24
A29: Pivô 25
A30: Pivô 26
A31: Pivô 27
A32: Pivô 28
A33: Pivô 29
A34: Pivô 30
A35: Pivô 31
A36: Pivô 32
A37: Pivô 33
A38: Pivô 34 | D38: Estrutura | G38: Mangote
A39: Pivô 35
A40: Pivô 36
A41: Pivô 37
A42: Pivô 38
A43: Pivô 39
A44: Pivô 40
A45: Pivô 41
A46: Pivô 42
A47: Pivô 43
A48: Pivô 44
A49: Pivô 45
A50: Pivô 46
A51: Pivô 47
A52: Pivô 48 | C52: Pneu | D52: Pneu
A53: Pivô 49
A54: Pivô 50
A55: Pivô 51
A56: Pivô 52
A57: Pivô 53
A58: Pivô 54
A59: Pivô 55
A60: Pivô 56
A61: Pivô 57
A62: Pivô 58 | G62: Pneu | H62: Pneu
A63: Pivô 59
A64: Pivô 60
A65: Pivô 61
A66: Pivô 62
A67: Pivô 63
A68: Pivô 64
A69: Pivô 65
A70: Pivô 66
A71: Pivô 67
A72: Pivô 68
A73: Pivô 69
A74: Pivô 70
... A109: Pivô 133

Sheet 27 03 2023
A1: Atendimento de irrigação (Imapacto - Problemas Mecânicos)
A3: Data | B3: 45012 | C3: =B3+1 -> 45013 | D3: =C3+1 -> 45014 | E3: =D3+1 -> 45015 | F3: =E3+1 -> 45016 | G3: =F3+1 -> 45017 | H3: =G3+1 -> 45018
A4: Pivô | B4: =TEXT(B3,"ddd") -> seg | C4: =TEXT(C3,"ddd") -> ter | D4: =TEXT(D3,"ddd") -> qua | E4: =TEXT(E3,"ddd") -> qui | F4: =TEXT(F3,"ddd") -> sex | G4: =TEXT(G3,"ddd") -> sáb | H4: =TEXT(H3,"ddd") -> dom | J4: Parâmetros | K4: Contagem | L4: Porcentagem | M4: Semana
A5: Pivô 01 | J5: Redutor | K5: =COUNTIF($B$5:$H$109,J5) -> 2 | L5: =K5/$K$17 -> 0.046511628 | M5: =B3 -> 45012
A6: Pivô 02 | J6: Motorredutor | K6: =COUNTIF($B$5:$H$109,J6) -> 0 | L6: =K6/$K$17 -> 0
A7: Pivô 03 | J7: Castanha | K7: =COUNTIF($B$5:$H$109,J7) -> 1 | L7: =K7/$K$17 -> 0.023255814
A8: Pivô 04 | J8: Vedação | K8: =COUNTIF($B$5:$H$109,J8) -> 0 | L8: =K8/$K$17 -> 0
A9: Pivô 05 | J9: Pneu | K9: =COUNTIF($B$5:$H$109,J9) -> 4 | L9: =K9/$K$17 -> 0.093023256
A10: Pivô 06 | J10: Estrutura | K10: =COUNTIF($B$5:$H$109,J10) -> 29 | L10: =K10/$K$17 -> 0.6744186
A11: Pivô 07 | J11: Bomba/Sucção | K11: =COUNTIF($B$5:$H$109,J11) -> 2 | L11: =K11/$K$17 -> 0.046511628
A12: Pivô 08 | J12: Mangote | K12: =COUNTIF($B$5:$H$109,J12) -> 1 | L12: =K12/$K$17 -> 0.023255814
A13: Pivô 09 | J13: Canal/Reservatório | K13: =COUNTIF($B$5:$H$109,J13) -> 0 | L13: =K13/$K$17 -> 0
A14: Pivô 10 | J14: Adutora | K14: =COUNTIF($B$5:$H$109,J14) -> 4 | L14: =K14/$K$17 -> 0.093023256
A15: Pivô 11 | F15: Estrutura | J15: Balça/Transposição | K15: =COUNTIF($B$5:$H$109,J15) -> 0 | L15: =K15/$K$17 -> 0
A16: Pivô 12 | J16: Gerador | K16: =COUNTIF($B$5:$H$109,J16) -> 0 | L16: =K16/$K$17 -> 0
A17: Pivô 13 | F17: Estrutura | J17: Total | K17: =SUM(K5:K16) -> 43
A18: Pivô 14 | C18: Estrutura | D18: Estrutura | F18: Estrutura
A19: Pivô 15 | F19: Estrutura
A20: Pivô 16 | D20: Estrutura
A21: Pivô 17 | F21: Estrutura
A22: Pivô 18 | D22: Estrutura | G22: Bomba/Sucção
A23: Pivô 19
A24: Pivô 20
A25: Pivô 21
A26: Pivô 22
A27: Pivô 23 | E27: Castanha
A28: Pivô 24
A29: Pivô 25 | C29: Estrutura | D29: Estrutura
A30: Pivô 26 | B30: Estrutura | D30: Estrutura
A31: Pivô 27 | C31: Estrutura | D31: Estrutura
A32: Pivô 28 | B32: Estrutura | D32: Estrutura | E32: Mangote
A33: Pivô 29 | C33: Estrutura | D33: Estrutura
A34: Pivô 30 | D34: Estrutura | E34: Estrutura | H34: Adutora
A35: Pivô 31 | D35: Estrutura | E35: Estrutura
A36: Pivô 32 | B36: Estrutura | F36: Estrutura
A37: Pivô 33 | D37: Estrutura | E37: Estrutura
A38: Pivô 34 | B38: Estrutura | F38: Estrutura
A39: Pivô 35
A40: Pivô 36
A41: Pivô 37
A42: Pivô 38 | B42: Redutor | C42: Redutor
A43: Pivô 39
A44: Pivô 40
A45: Pivô 41
A46: Pivô 42
A47: Pivô 43
A48: Pivô 44
A49: Pivô 45
A50: Pivô 46
A51: Pivô 47 | C51: Adutora | E51: Adutora
A52: Pivô 48 | H52: Adutora
A53: Pivô 49
A54: Pivô 50
A55: Pivô 51
A56: Pivô 52
A57: Pivô 53
A58: Pivô 54
A59: Pivô 55
A60: Pivô 56
A61: Pivô 57 | D61: Pneu
A62: Pivô 58 | B62: Pneu | C62: Pneu
A63: Pivô 59
A64: Pivô 60
A65: Pivô 61
A66: Pivô 62
A67: Pivô 63
A68: Pivô 64
A69: Pivô 65
A70: Pivô 66
A71: Pivô 67
A72: Pivô 68
A73: Pivô 69
A74: Pivô 70
... A77: Pivô 73
A78: Pivô 74 | G78: Bomba/Sucção
A79: Pivô 101
A80: Pivô 102
A81: Pivô 103
A82: Pivô 104
A83: Pivô 105
A84: Pivô 106
A85: Pivô 107
A86: Pivô 108
A87: Pivô 109
A88: Pivô 110
A89: Pivô 111
A90: Pivô 112
... A98: Pivô 120
A99: Pivô 121 | D99: Pneu
A100: Pivô 122
A101: Pivô 123
A102: Pivô 124
A103: Pivô 125
A104: Pivô 126
A105: Pivô 127
A106: Pivô 128
A107: Pivô 129
A108: Pivô 130
A109: Pivô 133

Sheet 03 04 2023
A1: Atendimento de irrigação (Imapacto - Problemas Mecânicos)
A3: Data | B3: 45019 | C3: =B3+1 -> 45020 | D3: =C3+1 -> 45021 | E3: =D3+1 -> 45022 | F3: =E3+1 -> 45023 | G3: =F3+1 -> 45024 | H3: =G3+1 -> 45025
A4: Pivô | B4: =TEXT(B3,"ddd") -> seg | C4: =TEXT(C3,"ddd") -> ter | D4: =TEXT(D3,"ddd") -> qua | E4: =TEXT(E3,"ddd") -> qui | F4: =TEXT(F3,"ddd") -> sex | G4: =TEXT(G3,"ddd") -> sáb | H4: =TEXT(H3,"ddd") -> dom | J4: Parâmetros | K4: Contagem | L4: Porcentagem | M4: Semana
A5: Pivô 01 | J5: Redutor | K5: =COUNTIF($B$5:$H$109,J5) -> 1 | L5: =K5/$K$17 -> 0.25 | M5: =B3 -> 45019
A6: Pivô 02 | J6: Motorredutor | K6: =COUNTIF($B$5:$H$109,J6) -> 0 | L6: =K6/$K$17 -> 0
A7: Pivô 03 | J7: Castanha | K7: =COUNTIF($B$5:$H$109,J7) -> 0 | L7: =K7/$K$17 -> 0
A8: Pivô 04 | J8: Vedação | K8: =COUNTIF($B$5:$H$109,J8) -> 0 | L8: =K8/$K$17 -> 0
A9: Pivô 05 | J9: Pneu | K9: =COUNTIF($B$5:$H$109,J9) -> 2 | L9: =K9/$K$17 -> 0.5
A10: Pivô 06 | J10: Estrutura | K10: =COUNTIF($B$5:$H$109,J10) -> 0 | L10: =K10/$K$17 -> 0
A11: Pivô 07 | J11: Bomba/Sucção | K11: =COUNTIF($B$5:$H$109,J11) -> 1 | L11: =K11/$K$17 -> 0.25
A12: Pivô 08 | J12: Mangote | K12: =COUNTIF($B$5:$H$109,J12) -> 0 | L12: =K12/$K$17 -> 0
A13: Pivô 09 | J13: Canal/Reservatório | K13: =COUNTIF($B$5:$H$109,J13) -> 0 | L13: =K13/$K$17 -> 0
A14: Pivô 10 | J14: Adutora | K14: =COUNTIF($B$5:$H$109,J14) -> 0 | L14: =K14/$K$17 -> 0
A15: Pivô 11 | J15: Balça/Transposição | K15: =COUNTIF($B$5:$H$109,J15) -> 0 | L15: =K15/$K$17 -> 0
A16: Pivô 12 | J16: Gerador | K16: =COUNTIF($B$5:$H$109,J16) -> 0 | L16: =K16/$K$17 -> 0
A17: Pivô 13 | J17: Total | K17: =SUM(K5:K16) -> 4
A18: Pivô 14
A19: Pivô 15
A20: Pivô 16
A21: Pivô 17
A22: Pivô 18
A23: Pivô 19
A24: Pivô 20
A25: Pivô 21
A26: Pivô 22
A27: Pivô 23
A28: Pivô 24
A29: Pivô 25
A30: Pivô 26
A31: Pivô 27 | H31: Redutor
A32: Pivô 28
A33: Pivô 29
A34: Pivô 30
A35: Pivô 31
A36: Pivô 32
A37: Pivô 33
A38: Pivô 34
A39: Pivô 35
A40: Pivô 36
A41: Pivô 37 | H41: Pneu
A42: Pivô 38
A43: Pivô 39
A44: Pivô 40
A45: Pivô 41
A46: Pivô 42
A47: Pivô 43
A48: Pivô 44
A49: Pivô 45
A50: Pivô 46
A51: Pivô 47
A52: Pivô 48
A53: Pivô 49
A54: Pivô 50 | E54: Bomba/Sucção
A55: Pivô 51
A56: Pivô 52
A57: Pivô 53
A58: Pivô 54
A59: Pivô 55
A60: Pivô 56
A61: Pivô 57
A62: Pivô 58
A63: Pivô 59
A64: Pivô 60
A65: Pivô 61
A66: Pivô 62
... A71: Pivô 67
A72: Pivô 68 | E72: Pneu
A73: Pivô 69
A74: Pivô 70
A75: Pivô 71
A76: Pivô 72
A77: Pivô 73
A78: Pivô 74
A79: Pivô 101
A80: Pivô 102
A81: Pivô 103
A82: Pivô 104
A83: Pivô 105
A84: Pivô 106
... A109: Pivô 133

Sheet 10 04 2023
A1: Atendimento de irrigação (Imapacto - Problemas Mecânicos)
A3: Data | B3: 45026 | C3: =B3+1 -> 45027 | D3: =C3+1 -> 45028 | E3: =D3+1 -> 45029 | F3: =E3+1 -> 45030 | G3: =F3+1 -> 45031 | H3: =G3+1 -> 45032
A4: Pivô | B4: =TEXT(B3,"ddd") -> seg | C4: =TEXT(C3,"ddd") -> ter | D4: =TEXT(D3,"ddd") -> qua | E4: =TEXT(E3,"ddd") -> qui | F4: =TEXT(F3,"ddd") -> sex | G4: =TEXT(G3,"ddd") -> sáb | H4: =TEXT(H3,"ddd") -> dom | J4: Parâmetros | K4: Contagem | L4: Porcentagem | M4: Semana
A5: Pivô 01 | J5: Redutor | K5: =COUNTIF($B$5:$H$109,J5) -> 1 | L5: =K5/$K$17 -> 0.125 | M5: =B3 -> 45026
A6: Pivô 02 | J6: Motorredutor | K6: =COUNTIF($B$5:$H$109,J6) -> 0 | L6: =K6/$K$17 -> 0
A7: Pivô 03 | J7: Castanha | K7: =COUNTIF($B$5:$H$109,J7) -> 2 | L7: =K7/$K$17 -> 0.25
A8: Pivô 04 | J8: Vedação | K8: =COUNTIF($B$5:$H$109,J8) -> 0 | L8: =K8/$K$17 -> 0
A9: Pivô 05 | J9: Pneu | K9: =COUNTIF($B$5:$H$109,J9) -> 2 | L9: =K9/$K$17 -> 0.25
A10: Pivô 06 | J10: Estrutura | K10: =COUNTIF($B$5:$H$109,J10) -> 0 | L10: =K10/$K$17 -> 0
A11: Pivô 07 | J11: Bomba/Sucção | K11: =COUNTIF($B$5:$H$109,J11) -> 0 | L11: =K11/$K$17 -> 0
A12: Pivô 08 | J12: Mangote | K12: =COUNTIF($B$5:$H$109,J12) -> 1 | L12: =K12/$K$17 -> 0.125
A13: Pivô 09 | J13: Canal/Reservatório | K13: =COUNTIF($B$5:$H$109,J13) -> 0 | L13: =K13/$K$17 -> 0
A14: Pivô 10 | J14: Adutora | K14: =COUNTIF($B$5:$H$109,J14) -> 2 | L14: =K14/$K$17 -> 0.25
A15: Pivô 11 | J15: Balça/Transposição | K15: =COUNTIF($B$5:$H$109,J15) -> 0 | L15: =K15/$K$17 -> 0
A16: Pivô 12 | J16: Gerador | K16: =COUNTIF($B$5:$H$109,J16) -> 0 | L16: =K16/$K$17 -> 0
A17: Pivô 13 | J17: Total | K17: =SUM(K5:K16) -> 8
A18: Pivô 14
A19: Pivô 15
A20: Pivô 16 | B20: Redutor
A21: Pivô 17
A22: Pivô 18 | B22: Mangote
A23: Pivô 19
A24: Pivô 20
A25: Pivô 21
A26: Pivô 22
A27: Pivô 23
A28: Pivô 24
A29: Pivô 25
A30: Pivô 26
A31: Pivô 27
A32: Pivô 28
A33: Pivô 29
A34: Pivô 30
... A36: Pivô 32
A37: Pivô 33 | E37: Adutora | G37: Adutora
A38: Pivô 34
A39: Pivô 35 | E39: Pneu | F39: Castanha
A40: Pivô 36
A41: Pivô 37
A42: Pivô 38
A43: Pivô 39
A44: Pivô 40
A45: Pivô 41
A46: Pivô 42
A47: Pivô 43
A48: Pivô 44 | F48: Castanha
A49: Pivô 45
A50: Pivô 46
A51: Pivô 47
A52: Pivô 48
A53: Pivô 49
A54: Pivô 50
A55: Pivô 51
A56: Pivô 52
A57: Pivô 53
A58: Pivô 54
A59: Pivô 55
A60: Pivô 56
... A98: Pivô 120
A99: Pivô 121 | E99: Pneu
A100: Pivô 122
A101: Pivô 123
A102: Pivô 124
A103: Pivô 125
A104: Pivô 126
A105: Pivô 127
A106: Pivô 128
A107: Pivô 129
A108: Pivô 130
A109: Pivô 133

Sheet 17 04 2023
A1: Atendimento de irrigação (Imapacto - Problemas Mecânicos)
A3: Data | B3: 45033 | C3: =B3+1 -> 45034 | D3: =C3+1 -> 45035 | E3: =D3+1 -> 45036 | F3: =E3+1 -> 45037 | G3: =F3+1 -> 45038 | H3: =G3+1 -> 45039
A4: Pivô | B4: =TEXT(B3,"ddd") -> seg | C4: =TEXT(C3,"ddd") -> ter | D4: =TEXT(D3,"ddd") -> qua | E4: =TEXT(E3,"ddd") -> qui | F4: =TEXT(F3,"ddd") -> sex | G4: =TEXT(G3,"ddd") -> sáb | H4: =TEXT(H3,"ddd") -> dom | J4: Parâmetros | K4: Contagem | L4: Porcentagem | M4: Semana
A5: Pivô 01 | J5: Redutor | K5: =COUNTIF($B$5:$H$109,J5) -> 0 | L5: =K5/$K$17 -> 0 | M5: =B3 -> 45033
A6: Pivô 02 | J6: Motorredutor | K6: =COUNTIF($B$5:$H$109,J6) -> 0 | L6: =K6/$K$17 -> 0
A7: Pivô 03 | J7: Castanha | K7: =COUNTIF($B$5:$H$109,J7) -> 1 | L7: =K7/$K$17 -> 0.5
A8: Pivô 04 | J8: Vedação | K8: =COUNTIF($B$5:$H$109,J8) -> 0 | L8: =K8/$K$17 -> 0
A9: Pivô 05 | J9: Pneu | K9: =COUNTIF($B$5:$H$109,J9) -> 0 | L9: =K9/$K$17 -> 0
A10: Pivô 06 | J10: Estrutura | K10: =COUNTIF($B$5:$H$109,J10) -> 1 | L10: =K10/$K$17 -> 0.5
A11: Pivô 07 | J11: Bomba/Sucção | K11: =COUNTIF($B$5:$H$109,J11) -> 0 | L11: =K11/$K$17 -> 0
A12: Pivô 08 | J12: Mangote | K12: =COUNTIF($B$5:$H$109,J12) -> 0 | L12: =K12/$K$17 -> 0
A13: Pivô 09 | J13: Canal/Reservatório | K13: =COUNTIF($B$5:$H$109,J13) -> 0 | L13: =K13/$K$17 -> 0
A14: Pivô 10 | J14: Adutora | K14: =COUNTIF($B$5:$H$109,J14) -> 0 | L14: =K14/$K$17 -> 0
A15: Pivô 11 | J15: Balça/Transposição | K15: =COUNTIF($B$5:$H$109,J15) -> 0 | L15: =K15/$K$17 -> 0
A16: Pivô 12 | J16: Gerador | K16: =COUNTIF($B$5:$H$109,J16) -> 0 | L16: =K16/$K$17 -> 0
A17: Pivô 13 | J17: Total | K17: =SUM(K5:K16) -> 2
A18: Pivô 14
A19: Pivô 15
A20: Pivô 16
A21: Pivô 17
A22: Pivô 18
A23: Pivô 19
A24: Pivô 20
A25: Pivô 21
A26: Pivô 22
A27: Pivô 23
A28: Pivô 24
A29: Pivô 25
... A40: Pivô 36
A41: Pivô 37 | B41: Castanha
A42: Pivô 38
A43: Pivô 39
A44: Pivô 40
A45: Pivô 41
A46: Pivô 42
A47: Pivô 43
A48: Pivô 44 | G48: Estrutura
A49: Pivô 45
A50: Pivô 46
A51: Pivô 47
A52: Pivô 48
A53: Pivô 49
A54: Pivô 50
A55: Pivô 51
A56: Pivô 52
A57: Pivô 53
A58: Pivô 54
A59: Pivô 55
A60: Pivô 56
... A109: Pivô 133

Sheet 24 04 2023
A1: Atendimento de irrigação (Imapacto - Problemas Mecânicos)
A3: Data | B3: 45040 | C3: =B3+1 -> 45041 | D3: =C3+1 -> 45042 | E3: =D3+1 -> 45043 | F3: =E3+1 -> 45044 | G3: =F3+1 -> 45045 | H3: =G3+1 -> 45046
A4: Pivô | B4: =TEXT(B3,"ddd") -> seg | C4: =TEXT(C3,"ddd") -> ter | D4: =TEXT(D3,"ddd") -> qua | E4: =TEXT(E3,"ddd") -> qui | F4: =TEXT(F3,"ddd") -> sex | G4: =TEXT(G3,"ddd") -> sáb | H4: =TEXT(H3,"ddd") -> dom | J4: Parâmetros | K4: Contagem | L4: Porcentagem | M4: Semana
A5: Pivô 01 | J5: Redutor | K5: =COUNTIF($B$5:$H$109,J5) -> 1 | L5: =K5/$K$17 -> 0.125 | M5: =B3 -> 45040
A6: Pivô 02 | J6: Motorredutor | K6: =COUNTIF($B$5:$H$109,J6) -> 1 | L6: =K6/$K$17 -> 0.125
A7: Pivô 03 | J7: Castanha | K7: =COUNTIF($B$5:$H$109,J7) -> 1 | L7: =K7/$K$17 -> 0.125
A8: Pivô 04 | J8: Vedação | K8: =COUNTIF($B$5:$H$109,J8) -> 0 | L8: =K8/$K$17 -> 0
A9: Pivô 05 | H9: Castanha | J9: Pneu | K9: =COUNTIF($B$5:$H$109,J9) -> 2 | L9: =K9/$K$17 -> 0.25
A10: Pivô 06 | J10: Estrutura | K10: =COUNTIF($B$5:$H$109,J10) -> 1 | L10: =K10/$K$17 -> 0.125
A11: Pivô 07 | J11: Bomba/Sucção | K11: =COUNTIF($B$5:$H$109,J11) -> 0 | L11: =K11/$K$17 -> 0
A12: Pivô 08 | J12: Mangote | K12: =COUNTIF($B$5:$H$109,J12) -> 0 | L12: =K12/$K$17 -> 0
A13: Pivô 09 | J13: Canal/Reservatório | K13: =COUNTIF($B$5:$H$109,J13) -> 0 | L13: =K13/$K$17 -> 0
A14: Pivô 10 | J14: Adutora | K14: =COUNTIF($B$5:$H$109,J14) -> 2 | L14: =K14/$K$17 -> 0.25
A15: Pivô 11 | J15: Balça/Transposição | K15: =COUNTIF($B$5:$H$109,J15) -> 0 | L15: =K15/$K$17 -> 0
A16: Pivô 12 | J16: Gerador | K16: =COUNTIF($B$5:$H$109,J16) -> 0 | L16: =K16/$K$17 -> 0
A17: Pivô 13 | J17: Total | K17: =SUM(K5:K16) -> 8
A18: Pivô 14
A19: Pivô 15
A20: Pivô 16
A21: Pivô 17
A22: Pivô 18
A23: Pivô 19
A24: Pivô 20
A25: Pivô 21
A26: Pivô 22
A27: Pivô 23
A28: Pivô 24
A29: Pivô 25 | D29: Redutor
A30: Pivô 26
A31: Pivô 27
A32: Pivô 28
A33: Pivô 29
A34: Pivô 30 | D34: Motorredutor
A35: Pivô 31
A36: Pivô 32
A37: Pivô 33
A38: Pivô 34
A39: Pivô 35
A40: Pivô 36
A41: Pivô 37
A42: Pivô 38
A43: Pivô 39
A44: Pivô 40
A45: Pivô 41
A46: Pivô 42
A47: Pivô 43
A48: Pivô 44 | F48: Estrutura
A49: Pivô 45 | E49: Pneu
A50: Pivô 46
A51: Pivô 47 | G51: Adutora
A52: Pivô 48
A53: Pivô 49
A54: Pivô 50
A55: Pivô 51
A56: Pivô 52
A57: Pivô 53
A58: Pivô 54
A59: Pivô 55
A60: Pivô 56
A61: Pivô 57
A62: Pivô 58
A63: Pivô 59
... A76: Pivô 72
A77: Pivô 73 | H77: Pneu
A78: Pivô 74 | F78: Adutora
A79: Pivô 101
A80: Pivô 102
A81: Pivô 103
A82: Pivô 104
A83: Pivô 105
A84: Pivô 106
A85: Pivô 107
A86: Pivô 108
A87: Pivô 109
A88: Pivô 110
A89: Pivô 111
A90: Pivô 112
... A109: Pivô 133

Sheet 01 05 2023
A1: Atendimento de irrigação (Imapacto - Problemas Mecânicos)
A3: Data | B3: 45047 | C3: =B3+1 -> 45048 | D3: =C3+1 -> 45049 | E3: =D3+1 -> 45050 | F3: =E3+1 -> 45051 | G3: =F3+1 -> 45052 | H3: =G3+1 -> 45053
A4: Pivô | B4: =TEXT(B3,"ddd") -> seg | C4: =TEXT(C3,"ddd") -> ter | D4: =TEXT(D3,"ddd") -> qua | E4: =TEXT(E3,"ddd") -> qui | F4: =TEXT(F3,"ddd") -> sex | G4: =TEXT(G3,"ddd") -> sáb | H4: =TEXT(H3,"ddd") -> dom | J4: Parâmetros | K4: Contagem | L4: Porcentagem | M4: Semana
A5: Pivô 01 | J5: Redutor | K5: =COUNTIF($B$5:$H$109,J5) -> 2 | L5: =K5/$K$17 -> 0.28571429 | M5: =B3 -> 45047
A6: Pivô 02 | J6: Motorredutor | K6: =COUNTIF($B$5:$H$109,J6) -> 1 | L6: =K6/$K$17 -> 0.14285714
A7: Pivô 03 | C7: Motorredutor | J7: Castanha | K7: =COUNTIF($B$5:$H$109,J7) -> 1 | L7: =K7/$K$17 -> 0.14285714
A8: Pivô 04 | J8: Vedação | K8: =COUNTIF($B$5:$H$109,J8) -> 0 | L8: =K8/$K$17 -> 0
A9: Pivô 05 | J9: Pneu | K9: =COUNTIF($B$5:$H$109,J9) -> 3 | L9: =K9/$K$17 -> 0.42857143
A10: Pivô 06 | J10: Estrutura | K10: =COUNTIF($B$5:$H$109,J10) -> 0 | L10: =K10/$K$17 -> 0
A11: Pivô 07 | J11: Bomba/Sucção | K11: =COUNTIF($B$5:$H$109,J11) -> 0 | L11: =K11/$K$17 -> 0
A12: Pivô 08 | J12: Mangote | K12: =COUNTIF($B$5:$H$109,J12) -> 0 | L12: =K12/$K$17 -> 0
A13: Pivô 09 | J13: Canal/Reservatório | K13: =COUNTIF($B$5:$H$109,J13) -> 0 | L13: =K13/$K$17 -> 0
A14: Pivô 10 | J14: Adutora | K14: =COUNTIF($B$5:$H$109,J14) -> 0 | L14: =K14/$K$17 -> 0
A15: Pivô 11 | J15: Balça/Transposição | K15: =COUNTIF($B$5:$H$109,J15) -> 0 | L15: =K15/$K$17 -> 0
A16: Pivô 12 | J16: Gerador | K16: =COUNTIF($B$5:$H$109,J16) -> 0 | L16: =K16/$K$17 -> 0
A17: Pivô 13 | J17: Total | K17: =SUM(K5:K16) -> 7
A18: Pivô 14
A19: Pivô 15
A20: Pivô 16 | E20: Redutor
A21: Pivô 17
A22: Pivô 18
A23: Pivô 19
A24: Pivô 20
A25: Pivô 21
A26: Pivô 22
A27: Pivô 23
A28: Pivô 24
A29: Pivô 25 | C29: Redutor
A30: Pivô 26
A31: Pivô 27
A32: Pivô 28 | G32: Castanha
A33: Pivô 29
A34: Pivô 30
A35: Pivô 31
A36: Pivô 32
A37: Pivô 33
A38: Pivô 34
A39: Pivô 35
A40: Pivô 36
A41: Pivô 37
A42: Pivô 38
A43: Pivô 39
A44: Pivô 40
... A65: Pivô 61
A66: Pivô 62 | F66: Pneu
A67: Pivô 63
A68: Pivô 64
A69: Pivô 65
A70: Pivô 66
A71: Pivô 67
A72: Pivô 68 | E72: Pneu | F72: Pneu
A73: Pivô 69
A74: Pivô 70
A75: Pivô 71
A76: Pivô 72
A77: Pivô 73
A78: Pivô 74
A79: Pivô 101
A80: Pivô 102
A81: Pivô 103
A82: Pivô 104
A83: Pivô 105
A84: Pivô 106
... A109: Pivô 133

Sheet 08 05 2023
A1: Atendimento de irrigação (Imapacto - Problemas Mecânicos)
A3: Data | B3: 45054 | C3: =B3+1 -> 45055 | D3: =C3+1 -> 45056 | E3: =D3+1 -> 45057 | F3: =E3+1 -> 45058 | G3: =F3+1 -> 45059 | H3: =G3+1 -> 45060
A4: Pivô | B4: =TEXT(B3,"ddd") -> seg | C4: =TEXT(C3,"ddd") -> ter | D4: =TEXT(D3,"ddd") -> qua | E4: =TEXT(E3,"ddd") -> qui | F4: =TEXT(F3,"ddd") -> sex | G4: =TEXT(G3,"ddd") -> sáb | H4: =TEXT(H3,"ddd") -> dom | J4: Parâmetros | K4: Contagem | L4: Porcentagem | M4: Semana
A5: Pivô 01 | J5: Redutor | K5: =COUNTIF($B$5:$H$109,J5) -> 0 | L5: =K5/$K$17 -> 0 | M5: =B3 -> 45054
A6: Pivô 02 | J6: Motorredutor | K6: =COUNTIF($B$5:$H$109,J6) -> 0 | L6: =K6/$K$17 -> 0
A7: Pivô 03 | J7: Castanha | K7: =COUNTIF($B$5:$H$109,J7) -> 1 | L7: =K7/$K$17 -> 0.33333333
A8: Pivô 04 | J8: Vedação | K8: =COUNTIF($B$5:$H$109,J8) -> 0 | L8: =K8/$K$17 -> 0
A9: Pivô 05 | J9: Pneu | K9: =COUNTIF($B$5:$H$109,J9) -> 0 | L9: =K9/$K$17 -> 0
A10: Pivô 06 | J10: Estrutura | K10: =COUNTIF($B$5:$H$109,J10) -> 0 | L10: =K10/$K$17 -> 0
A11: Pivô 07 | J11: Bomba/Sucção | K11: =COUNTIF($B$5:$H$109,J11) -> 0 | L11: =K11/$K$17 -> 0
A12: Pivô 08 | J12: Mangote | K12: =COUNTIF($B$5:$H$109,J12) -> 0 | L12: =K12/$K$17 -> 0
A13: Pivô 09 | J13: Canal/Reservatório | K13: =COUNTIF($B$5:$H$109,J13) -> 0 | L13: =K13/$K$17 -> 0
A14: Pivô 10 | J14: Adutora/Ventosa | K14: =COUNTIF($B$5:$H$109,J14) -> 2 | L14: =K14/$K$17 -> 0.66666667
A15: Pivô 11 | J15: Balça/Transposição | K15: =COUNTIF($B$5:$H$109,J15) -> 0 | L15: =K15/$K$17 -> 0
A16: Pivô 12 | J16: Gerador | K16: =COUNTIF($B$5:$H$109,J16) -> 0 | L16: =K16/$K$17 -> 0
A17: Pivô 13 | G17: Adutora/Ventosa | H17: Adutora/Ventosa | J17: Total | K17: =SUM(K5:K16) -> 3
A18: Pivô 14
A19: Pivô 15
A20: Pivô 16
A21: Pivô 17
A22: Pivô 18
A23: Pivô 19
A24: Pivô 20
A25: Pivô 21
A26: Pivô 22
A27: Pivô 23
A28: Pivô 24
A29: Pivô 25
... A56: Pivô 52
A57: Pivô 53 | H57: Castanha
A58: Pivô 54
A59: Pivô 55
A60: Pivô 56
A61: Pivô 57
A62: Pivô 58
A63: Pivô 59
A64: Pivô 60
A65: Pivô 61
A66: Pivô 62
A67: Pivô 63
A68: Pivô 64
A69: Pivô 65
... A109: Pivô 133

Sheet 15 05 2023
A1: Atendimento de irrigação (Imapacto - Problemas Mecânicos)
A3: Data | B3: 45061 | C3: =B3+1 -> 45062 | D3: =C3+1 -> 45063 | E3: =D3+1 -> 45064 | F3: =E3+1 -> 45065 | G3: =F3+1 -> 45066 | H3: =G3+1 -> 45067
A4: Pivô | B4: =TEXT(B3,"ddd") -> seg | C4: =TEXT(C3,"ddd") -> ter | D4: =TEXT(D3,"ddd") -> qua | E4: =TEXT(E3,"ddd") -> qui | F4: =TEXT(F3,"ddd") -> sex | G4: =TEXT(G3,"ddd") -> sáb | H4: =TEXT(H3,"ddd") -> dom | J4: Parâmetros | K4: Contagem | L4: Porcentagem | M4: Semana
A5: Pivô 01 | J5: Redutor | K5: =COUNTIF($B$5:$H$109,J5) -> 2 | L5: =K5/$K$17 -> 0.15384615 | M5: =B3 -> 45061
A6: Pivô 02 | J6: Motorredutor | K6: =COUNTIF($B$5:$H$109,J6) -> 1 | L6: =K6/$K$17 -> 0.076923077
A7: Pivô 03 | J7: Castanha | K7: =COUNTIF($B$5:$H$109,J7) -> 1 | L7: =K7/$K$17 -> 0.076923077
A8: Pivô 04 | J8: Vedação | K8: =COUNTIF($B$5:$H$109,J8) -> 0 | L8: =K8/$K$17 -> 0
A9: Pivô 05 | J9: Pneu | K9: =COUNTIF($B$5:$H$109,J9) -> 5 | L9: =K9/$K$17 -> 0.38461538
A10: Pivô 06 | J10: Estrutura | K10: =COUNTIF($B$5:$H$109,J10) -> 0 | L10: =K10/$K$17 -> 0
A11: Pivô 07 | J11: Bomba/Sucção | K11: =COUNTIF($B$5:$H$109,J11) -> 1 | L11: =K11/$K$17 -> 0.076923077
A12: Pivô 08 | J12: Mangote | K12: =COUNTIF($B$5:$H$109,J12) -> 0 | L12: =K12/$K$17 -> 0
A13: Pivô 09 | J13: Canal/Reservatório | K13: =COUNTIF($B$5:$H$109,J13) -> 1 | L13: =K13/$K$17 -> 0.076923077
A14: Pivô 10 | H14: Redutor | J14: Adutora/Ventosa | K14: =COUNTIF($B$5:$H$109,J14) -> 2 | L14: =K14/$K$17 -> 0.15384615
A15: Pivô 11 | J15: Balça/Transposição | K15: =COUNTIF($B$5:$H$109,J15) -> 0 | L15: =K15/$K$17 -> 0
A16: Pivô 12 | J16: Gerador | K16: =COUNTIF($B$5:$H$109,J16) -> 0 | L16: =K16/$K$17 -> 0
A17: Pivô 13 | B17: Adutora/Ventosa | C17: Adutora/Ventosa | J17: Total | K17: =SUM(K5:K16) -> 13
A18: Pivô 14
A19: Pivô 15
A20: Pivô 16
A21: Pivô 17
A22: Pivô 18 | E22: Motorredutor
A23: Pivô 19
A24: Pivô 20
A25: Pivô 21
A26: Pivô 22
A27: Pivô 23
A28: Pivô 24 | E28: Bomba/Sucção
A29: Pivô 25
A30: Pivô 26
A31: Pivô 27
A32: Pivô 28
A33: Pivô 29
A34: Pivô 30
A35: Pivô 31 | G35: Pneu | H35: Pneu
A36: Pivô 32
A37: Pivô 33
A38: Pivô 34
A39: Pivô 35
A40: Pivô 36
A41: Pivô 37
A42: Pivô 38 | D42: Pneu | E42: Pneu
A43: Pivô 39
A44: Pivô 40
A45: Pivô 41
A46: Pivô 42
A47: Pivô 43
A48: Pivô 44
A49: Pivô 45
A50: Pivô 46
A51: Pivô 47
A52: Pivô 48
A53: Pivô 49
A54: Pivô 50
... A56: Pivô 52
A57: Pivô 53 | B57: Castanha
A58: Pivô 54 | G58: Pneu
A59: Pivô 55
A60: Pivô 56
A61: Pivô 57
A62: Pivô 58
A63: Pivô 59
A64: Pivô 60
A65: Pivô 61
A66: Pivô 62
A67: Pivô 63
A68: Pivô 64
A69: Pivô 65
A70: Pivô 66
... A83: Pivô 105
A84: Pivô 106 | F84: Canal/Reservatório
A85: Pivô 107
A86: Pivô 108
A87: Pivô 109
A88: Pivô 110
A89: Pivô 111
A90: Pivô 112
A91: Pivô 113
A92: Pivô 114
A93: Pivô 115
A94: Pivô 116
A95: Pivô 117
A96: Pivô 118
... A100: Pivô 122
A101: Pivô 123 | E101: Redutor
A102: Pivô 124
A103: Pivô 125
A104: Pivô 126
A105: Pivô 127
A106: Pivô 128
A107: Pivô 129
A108: Pivô 130
A109: Pivô 133

Sheet 22 05 2023
A1: Atendimento de irrigação (Imapacto - Problemas Mecânicos)
A3: Data | B3: 45068 | C3: =B3+1 -> 45069 | D3: =C3+1 -> 45070 | E3: =D3+1 -> 45071 | F3: =E3+1 -> 45072 | G3: =F3+1 -> 45073 | H3: =G3+1 -> 45074
A4: Pivô | B4: =TEXT(B3,"ddd") -> seg | C4: =TEXT(C3,"ddd") -> ter | D4: =TEXT(D3,"ddd") -> qua | E4: =TEXT(E3,"ddd") -> qui | F4: =TEXT(F3,"ddd") -> sex | G4: =TEXT(G3,"ddd") -> sáb | H4: =TEXT(H3,"ddd") -> dom | J4: Parâmetros | K4: Contagem | L4: Porcentagem | M4: Semana
A5: Pivô 01 | J5: Redutor | K5: =COUNTIF($B$5:$H$109,J5) -> 5 | L5: =K5/$K$17 -> 0.41666667 | M5: =B3 -> 45068
A6: Pivô 02 | J6: Motorredutor | K6: =COUNTIF($B$5:$H$109,J6) -> 0 | L6: =K6/$K$17 -> 0
A7: Pivô 03 | J7: Castanha | K7: =COUNTIF($B$5:$H$109,J7) -> 2 | L7: =K7/$K$17 -> 0.16666667
A8: Pivô 04 | J8: Vedação | K8: =COUNTIF($B$5:$H$109,J8) -> 0 | L8: =K8/$K$17 -> 0
A9: Pivô 05 | J9: Pneu | K9: =COUNTIF($B$5:$H$109,J9) -> 5 | L9: =K9/$K$17 -> 0.41666667
A10: Pivô 06 | J10: Estrutura | K10: =COUNTIF($B$5:$H$109,J10) -> 0 | L10: =K10/$K$17 -> 0
A11: Pivô 07 | J11: Bomba/Sucção | K11: =COUNTIF($B$5:$H$109,J11) -> 0 | L11: =K11/$K$17 -> 0
A12: Pivô 08 | J12: Mangote | K12: =COUNTIF($B$5:$H$109,J12) -> 0 | L12: =K12/$K$17 -> 0
A13: Pivô 09 | J13: Canal/Reservatório | K13: =COUNTIF($B$5:$H$109,J13) -> 0 | L13: =K13/$K$17 -> 0
A14: Pivô 10 | G14: Redutor | J14: Adutora/Ventosa | K14: =COUNTIF($B$5:$H$109,J14) -> 0 | L14: =K14/$K$17 -> 0
A15: Pivô 11 | J15: Balça/Transposição | K15: =COUNTIF($B$5:$H$109,J15) -> 0 | L15: =K15/$K$17 -> 0
A16: Pivô 12 | G16: Pneu | J16: Gerador | K16: =COUNTIF($B$5:$H$109,J16) -> 0 | L16: =K16/$K$17 -> 0
A17: Pivô 13 | J17: Total | K17: =SUM(K5:K16) -> 12
A18: Pivô 14
A19: Pivô 15
A20: Pivô 16
A21: Pivô 17
A22: Pivô 18
A23: Pivô 19
A24: Pivô 20
A25: Pivô 21
A26: Pivô 22
A27: Pivô 23
A28: Pivô 24
A29: Pivô 25 | C29: Redutor | E29: Redutor | H29: Redutor
A30: Pivô 26
A31: Pivô 27
A32: Pivô 28 | B32: Castanha
A33: Pivô 29
A34: Pivô 30
A35: Pivô 31
A36: Pivô 32
A37: Pivô 33
A38: Pivô 34
A39: Pivô 35 | E39: Pneu | G39: Pneu
A40: Pivô 36 | F40: Pneu
A41: Pivô 37 | D41: Pneu
A42: Pivô 38
A43: Pivô 39
A44: Pivô 40
A45: Pivô 41
A46: Pivô 42
A47: Pivô 43
A48: Pivô 44
A49: Pivô 45
A50: Pivô 46
A51: Pivô 47
A52: Pivô 48
A53: Pivô 49
... A70: Pivô 66
A71: Pivô 67 | F71: Castanha
A72: Pivô 68
A73: Pivô 69
A74: Pivô 70
A75: Pivô 71
A76: Pivô 72
A77: Pivô 73
A78: Pivô 74
A79: Pivô 101
A80: Pivô 102
A81: Pivô 103
A82: Pivô 104
A83: Pivô 105
... A98: Pivô 120
A99: Pivô 121 | G99: Redutor
A100: Pivô 122
A101: Pivô 123
A102: Pivô 124
A103: Pivô 125
A104: Pivô 126
A105: Pivô 127
A106: Pivô 128
A107: Pivô 129
A108: Pivô 130
A109: Pivô 133

Sheet 29 05 2023
A1: Atendimento de irrigação (Imapacto - Problemas Mecânicos)
A3: Data | B3: 45075 | C3: =B3+1 -> 45076 | D3: =C3+1 -> 45077 | E3: =D3+1 -> 45078 | F3: =E3+1 -> 45079 | G3: =F3+1 -> 45080 | H3: =G3+1 -> 45081
A4: Pivô | B4: =TEXT(B3,"ddd") -> seg | C4: =TEXT(C3,"ddd") -> ter | D4: =TEXT(D3,"ddd") -> qua | E4: =TEXT(E3,"ddd") -> qui | F4: =TEXT(F3,"ddd") -> sex | G4: =TEXT(G3,"ddd") -> sáb | H4: =TEXT(H3,"ddd") -> dom | J4: Parâmetros | K4: Contagem | L4: Porcentagem | M4: Semana
A5: Pivô 01 | J5: Redutor | K5: =COUNTIF($B$5:$H$109,J5) -> 4 | L5: =K5/$K$17 -> 0.5 | M5: =B3 -> 45075
A6: Pivô 02 | J6: Motorredutor | K6: =COUNTIF($B$5:$H$109,J6) -> 0 | L6: =K6/$K$17 -> 0
A7: Pivô 03 | J7: Castanha | K7: =COUNTIF($B$5:$H$109,J7) -> 0 | L7: =K7/$K$17 -> 0
A8: Pivô 04 | J8: Vedação | K8: =COUNTIF($B$5:$H$109,J8) -> 0 | L8: =K8/$K$17 -> 0
A9: Pivô 05 | J9: Pneu | K9: =COUNTIF($B$5:$H$109,J9) -> 1 | L9: =K9/$K$17 -> 0.125
A10: Pivô 06 | J10: Estrutura | K10: =COUNTIF($B$5:$H$109,J10) -> 0 | L10: =K10/$K$17 -> 0
A11: Pivô 07 | J11: Bomba/Sucção | K11: =COUNTIF($B$5:$H$109,J11) -> 0 | L11: =K11/$K$17 -> 0
A12: Pivô 08 | J12: Mangote | K12: =COUNTIF($B$5:$H$109,J12) -> 0 | L12: =K12/$K$17 -> 0
A13: Pivô 09 | J13: Canal/Reservatório | K13: =COUNTIF($B$5:$H$109,J13) -> 3 | L13: =K13/$K$17 -> 0.375
A14: Pivô 10 | J14: Adutora/Ventosa | K14: =COUNTIF($B$5:$H$109,J14) -> 0 | L14: =K14/$K$17 -> 0
A15: Pivô 11 | J15: Balça/Transposição | K15: =COUNTIF($B$5:$H$109,J15) -> 0 | L15: =K15/$K$17 -> 0
A16: Pivô 12 | E16: Redutor | J16: Gerador | K16: =COUNTIF($B$5:$H$109,J16) -> 0 | L16: =K16/$K$17 -> 0
A17: Pivô 13 | J17: Total | K17: =SUM(K5:K16) -> 8
A18: Pivô 14 | G18: Redutor
A19: Pivô 15
A20: Pivô 16
A21: Pivô 17
A22: Pivô 18
A23: Pivô 19 | C23: Pneu
A24: Pivô 20
A25: Pivô 21
A26: Pivô 22
A27: Pivô 23
A28: Pivô 24
A29: Pivô 25 | C29: Canal/Reservatório | G29: Redutor
A30: Pivô 26
A31: Pivô 27
A32: Pivô 28
A33: Pivô 29
A34: Pivô 30 | C34: Canal/Reservatório
A35: Pivô 31
A36: Pivô 32 | C36: Canal/Reservatório
A37: Pivô 33
A38: Pivô 34
A39: Pivô 35
A40: Pivô 36 | E40: Redutor
A41: Pivô 37
A42: Pivô 38
A43: Pivô 39
A44: Pivô 40
A45: Pivô 41
A46: Pivô 42
A47: Pivô 43
A48: Pivô 44
A49: Pivô 45
A50: Pivô 46
A51: Pivô 47
A52: Pivô 48
... A109: Pivô 133

Sheet 05 06 2023
A1: Atendimento de irrigação (Imapacto - Problemas Mecânicos)
A3: Data | B3: 45082 | C3: =B3+1 -> 45083 | D3: =C3+1 -> 45084 | E3: =D3+1 -> 45085 | F3: =E3+1 -> 45086 | G3: =F3+1 -> 45087 | H3: =G3+1 -> 45088
A4: Pivô | B4: =TEXT(B3,"ddd") -> seg | C4: =TEXT(C3,"ddd") -> ter | D4: =TEXT(D3,"ddd") -> qua | E4: =TEXT(E3,"ddd") -> qui | F4: =TEXT(F3,"ddd") -> sex | G4: =TEXT(G3,"ddd") -> sáb | H4: =TEXT(H3,"ddd") -> dom | J4: Parâmetros | K4: Contagem | L4: Porcentagem | M4: Semana
A5: Pivô 01 | J5: Redutor | K5: =COUNTIF($B$5:$H$109,J5) -> 2 | L5: =K5/$K$17 -> 0.16666667 | M5: =B3 -> 45082
A6: Pivô 02 | J6: Motorredutor | K6: =COUNTIF($B$5:$H$109,J6) -> 3 | L6: =K6/$K$17 -> 0.25
A7: Pivô 03 | J7: Castanha | K7: =COUNTIF($B$5:$H$109,J7) -> 0 | L7: =K7/$K$17 -> 0
A8: Pivô 04 | J8: Vedação | K8: =COUNTIF($B$5:$H$109,J8) -> 0 | L8: =K8/$K$17 -> 0
A9: Pivô 05 | J9: Pneu | K9: =COUNTIF($B$5:$H$109,J9) -> 1 | L9: =K9/$K$17 -> 0.083333333
A10: Pivô 06 | J10: Estrutura | K10: =COUNTIF($B$5:$H$109,J10) -> 0 | L10: =K10/$K$17 -> 0
A11: Pivô 07 | J11: Bomba/Sucção | K11: =COUNTIF($B$5:$H$109,J11) -> 1 | L11: =K11/$K$17 -> 0.083333333
A12: Pivô 08 | J12: Mangote | K12: =COUNTIF($B$5:$H$109,J12) -> 0 | L12: =K12/$K$17 -> 0
A13: Pivô 09 | J13: Canal/Reservatório | K13: =COUNTIF($B$5:$H$109,J13) -> 0 | L13: =K13/$K$17 -> 0
A14: Pivô 10 | J14: Adutora/Ventosa | K14: =COUNTIF($B$5:$H$109,J14) -> 5 | L14: =K14/$K$17 -> 0.41666667
A15: Pivô 11 | J15: Balça/Transposição | K15: =COUNTIF($B$5:$H$109,J15) -> 0 | L15: =K15/$K$17 -> 0
A16: Pivô 12 | B16: Bomba/Sucção | C16: Pneu | J16: Gerador | K16: =COUNTIF($B$5:$H$109,J16) -> 0 | L16: =K16/$K$17 -> 0
A17: Pivô 13 | J17: Total | K17: =SUM(K5:K16) -> 12
A18: Pivô 14
A19: Pivô 15
A20: Pivô 16 | D20: Adutora/Ventosa | E20: Adutora/Ventosa | F20: Adutora/Ventosa | G20: Adutora/Ventosa | H20: Adutora/Ventosa
A21: Pivô 17
A22: Pivô 18
A23: Pivô 19
A24: Pivô 20
A25: Pivô 21
A26: Pivô 22 | E26: Redutor
A27: Pivô 23
A28: Pivô 24
A29: Pivô 25 | B29: Motorredutor | G29: Motorredutor
A30: Pivô 26
A31: Pivô 27
A32: Pivô 28 | E32: Motorredutor | H32: Redutor
A33: Pivô 29
A34: Pivô 30
A35: Pivô 31
A36: Pivô 32
A37: Pivô 33
A38: Pivô 34
A39: Pivô 35
A40: Pivô 36
A41: Pivô 37
A42: Pivô 38
A43: Pivô 39
A44: Pivô 40
... A109: Pivô 133

Sheet 12 06 2023
A1: Atendimento de irrigação (Imapacto - Problemas Mecânicos)
A3: Data | B3: 45089 | C3: =B3+1 -> 45090 | D3: =C3+1 -> 45091 | E3: =D3+1 -> 45092 | F3: =E3+1 -> 45093 | G3: =F3+1 -> 45094 | H3: =G3+1 -> 45095
A4: Pivô | B4: =TEXT(B3,"ddd") -> seg | C4: =TEXT(C3,"ddd") -> ter | D4: =TEXT(D3,"ddd") -> qua | E4: =TEXT(E3,"ddd") -> qui | F4: =TEXT(F3,"ddd") -> sex | G4: =TEXT(G3,"ddd") -> sáb | H4: =TEXT(H3,"ddd") -> dom | J4: Parâmetros | K4: Contagem | L4: Porcentagem | M4: Semana
A5: Pivô 01 | J5: Redutor | K5: =COUNTIF($B$5:$H$109,J5) -> 0 | L5: =K5/$K$17 -> 0 | M5: =B3 -> 45089
A6: Pivô 02 | J6: Motorredutor | K6: =COUNTIF($B$5:$H$109,J6) -> 0 | L6: =K6/$K$17 -> 0
A7: Pivô 03 | J7: Castanha | K7: =COUNTIF($B$5:$H$109,J7) -> 0 | L7: =K7/$K$17 -> 0
A8: Pivô 04 | J8: Vedação | K8: =COUNTIF($B$5:$H$109,J8) -> 0 | L8: =K8/$K$17 -> 0
A9: Pivô 05 | J9: Pneu | K9: =COUNTIF($B$5:$H$109,J9) -> 0 | L9: =K9/$K$17 -> 0
A10: Pivô 06 | J10: Estrutura | K10: =COUNTIF($B$5:$H$109,J10) -> 1 | L10: =K10/$K$17 -> 1
A11: Pivô 07 | J11: Bomba/Sucção | K11: =COUNTIF($B$5:$H$109,J11) -> 0 | L11: =K11/$K$17 -> 0
A12: Pivô 08 | J12: Mangote | K12: =COUNTIF($B$5:$H$109,J12) -> 0 | L12: =K12/$K$17 -> 0
A13: Pivô 09 | J13: Canal/Reservatório | K13: =COUNTIF($B$5:$H$109,J13) -> 0 | L13: =K13/$K$17 -> 0
A14: Pivô 10 | J14: Adutora/Ventosa | K14: =COUNTIF($B$5:$H$109,J14) -> 0 | L14: =K14/$K$17 -> 0
A15: Pivô 11 | J15: Balça/Transposição | K15: =COUNTIF($B$5:$H$109,J15) -> 0 | L15: =K15/$K$17 -> 0
A16: Pivô 12 | J16: Gerador | K16: =COUNTIF($B$5:$H$109,J16) -> 0 | L16: =K16/$K$17 -> 0
A17: Pivô 13 | J17: Total | K17: =SUM(K5:K16) -> 1
A18: Pivô 14
A19: Pivô 15
A20: Pivô 16 | G20: Estrutura
A21: Pivô 17
A22: Pivô 18
A23: Pivô 19
A24: Pivô 20
A25: Pivô 21
A26: Pivô 22
A27: Pivô 23
A28: Pivô 24
A29: Pivô 25
A30: Pivô 26
A31: Pivô 27
A32: Pivô 28
... A109: Pivô 133

Sheet 19 06 2023
A1: Atendimento de irrigação (Imapacto - Problemas Mecânicos)
A3: Data | B3: 45096 | C3: =B3+1 -> 45097 | D3: =C3+1 -> 45098 | E3: =D3+1 -> 45099 | F3: =E3+1 -> 45100 | G3: =F3+1 -> 45101 | H3: =G3+1 -> 45102
A4: Pivô | B4: =TEXT(B3,"ddd") -> seg | C4: =TEXT(C3,"ddd") -> ter | D4: =TEXT(D3,"ddd") -> qua | E4: =TEXT(E3,"ddd") -> qui | F4: =TEXT(F3,"ddd") -> sex | G4: =TEXT(G3,"ddd") -> sáb | H4: =TEXT(H3,"ddd") -> dom | J4: Parâmetros | K4: Contagem | L4: Porcentagem | M4: Semana
A5: Pivô 01 | J5: Redutor | K5: =COUNTIF($B$5:$H$109,J5) -> 0 | L5: =K5/$K$17 -> 0 | M5: =B3 -> 45096
A6: Pivô 02 | J6: Motorredutor | K6: =COUNTIF($B$5:$H$109,J6) -> 0 | L6: =K6/$K$17 -> 0
A7: Pivô 03 | J7: Castanha | K7: =COUNTIF($B$5:$H$109,J7) -> 0 | L7: =K7/$K$17 -> 0
A8: Pivô 04 | J8: Vedação | K8: =COUNTIF($B$5:$H$109,J8) -> 1 | L8: =K8/$K$17 -> 0.5
A9: Pivô 05 | D9: Vedação | J9: Pneu | K9: =COUNTIF($B$5:$H$109,J9) -> 1 | L9: =K9/$K$17 -> 0.5
A10: Pivô 06 | J10: Estrutura | K10: =COUNTIF($B$5:$H$109,J10) -> 0 | L10: =K10/$K$17 -> 0
A11: Pivô 07 | J11: Bomba/Sucção | K11: =COUNTIF($B$5:$H$109,J11) -> 0 | L11: =K11/$K$17 -> 0
A12: Pivô 08 | J12: Mangote | K12: =COUNTIF($B$5:$H$109,J12) -> 0 | L12: =K12/$K$17 -> 0
A13: Pivô 09 | J13: Canal/Reservatório | K13: =COUNTIF($B$5:$H$109,J13) -> 0 | L13: =K13/$K$17 -> 0
A14: Pivô 10 | J14: Adutora/Ventosa | K14: =COUNTIF($B$5:$H$109,J14) -> 0 | L14: =K14/$K$17 -> 0
A15: Pivô 11 | J15: Balça/Transposição | K15: =COUNTIF($B$5:$H$109,J15) -> 0 | L15: =K15/$K$17 -> 0
A16: Pivô 12 | J16: Gerador | K16: =COUNTIF($B$5:$H$109,J16) -> 0 | L16: =K16/$K$17 -> 0
A17: Pivô 13 | J17: Total | K17: =SUM(K5:K16) -> 2
A18: Pivô 14
A19: Pivô 15
A20: Pivô 16
A21: Pivô 17
A22: Pivô 18
A23: Pivô 19
A24: Pivô 20
A25: Pivô 21
A26: Pivô 22 | D26: Pneu
A27: Pivô 23
A28: Pivô 24
A29: Pivô 25
A30: Pivô 26
A31: Pivô 27
A32: Pivô 28
A33: Pivô 29
A34: Pivô 30
A35: Pivô 31
A36: Pivô 32
A37: Pivô 33
A38: Pivô 34
... A109: Pivô 133

Sheet 26 06 2023
A1: Atendimento de irrigação (Imapacto - Problemas Mecânicos)
A3: Data | B3: 45103 | C3: =B3+1 -> 45104 | D3: =C3+1 -> 45105 | E3: =D3+1 -> 45106 | F3: =E3+1 -> 45107 | G3: =F3+1 -> 45108 | H3: =G3+1 -> 45109
A4: Pivô | B4: =TEXT(B3,"ddd") -> seg | C4: =TEXT(C3,"ddd") -> ter | D4: =TEXT(D3,"ddd") -> qua | E4: =TEXT(E3,"ddd") -> qui | F4: =TEXT(F3,"ddd") -> sex | G4: =TEXT(G3,"ddd") -> sáb | H4: =TEXT(H3,"ddd") -> dom | J4: Parâmetros | K4: Contagem | L4: Porcentagem | M4: Semana
A5: Pivô 01 | J5: Redutor | K5: =COUNTIF($B$5:$H$109,J5) -> 2 | L5: =K5/$K$18 -> 0.25 | M5: =B3 -> 45103
A6: Pivô 02 | J6: Motorredutor | K6: =COUNTIF($B$5:$H$109,J6) -> 1 | L6: =K6/$K$18 -> 0.125
A7: Pivô 03 | E7: Pneu | J7: Castanha | K7: =COUNTIF($B$5:$H$109,J7) -> 0 | L7: =K7/$K$18 -> 0
A8: Pivô 04 | J8: Vedação | K8: =COUNTIF($B$5:$H$109,J8) -> 1 | L8: =K8/$K$18 -> 0.125
A9: Pivô 05 | J9: Pneu | K9: =COUNTIF($B$5:$H$109,J9) -> 2 | L9: =K9/$K$18 -> 0.25
A10: Pivô 06 | J10: Estrutura | K10: =COUNTIF($B$5:$H$109,J10) -> 0 | L10: =K10/$K$18 -> 0
A11: Pivô 07 | J11: Bomba/Sucção | K11: =COUNTIF($B$5:$H$109,J11) -> 0 | L11: =K11/$K$18 -> 0
A12: Pivô 08 | J12: Mangote | K12: =COUNTIF($B$5:$H$109,J12) -> 1 | L12: =K12/$K$18 -> 0.125
A13: Pivô 09 | J13: Canal/Reservatório | K13: =COUNTIF($B$5:$H$109,J13) -> 0 | L13: =K13/$K$18 -> 0
A14: Pivô 10 | J14: Adutora/Ventosa | K14: =COUNTIF($B$5:$H$109,J14) -> 0 | L14: =K14/$K$18 -> 0
A15: Pivô 11 | C15: Motorredutor | J15: Balça/Transposição | K15: =COUNTIF($B$5:$H$109,J15) -> 0 | L15: =K15/$K$18 -> 0
A16: Pivô 12 | J16: Man. Preventiva | K16: =COUNTIF($B$5:$H$109,J16) -> 1 | L16: =K16/$K$18 -> 0.125
A17: Pivô 13 | J17: Gerador | K17: =COUNTIF($B$5:$H$109,J17) -> 0 | L17: =K17/$K$18 -> 0
A18: Pivô 14 | J18: Total | K18: =SUM(K5:K17) -> 8
A19: Pivô 15
A20: Pivô 16
A21: Pivô 17
A22: Pivô 18
A23: Pivô 19
A24: Pivô 20
A25: Pivô 21 | F25: Man. Preventiva
A26: Pivô 22
A27: Pivô 23
A28: Pivô 24
A29: Pivô 25
A30: Pivô 26
A31: Pivô 27
A32: Pivô 28
A33: Pivô 29
A34: Pivô 30
A35: Pivô 31
A36: Pivô 32 | C36: Vedação | F36: Mangote
A37: Pivô 33
A38: Pivô 34
A39: Pivô 35
A40: Pivô 36
A41: Pivô 37
A42: Pivô 38
A43: Pivô 39
A44: Pivô 40
A45: Pivô 41
A46: Pivô 42
A47: Pivô 43
A48: Pivô 44
A49: Pivô 45 | B49: Pneu | D49: Redutor | E49: Redutor
A50: Pivô 46
A51: Pivô 47
A52: Pivô 48
A53: Pivô 49
A54: Pivô 50
A55: Pivô 51
A56: Pivô 52
A57: Pivô 53
A58: Pivô 54
A59: Pivô 55
A60: Pivô 56
A61: Pivô 57
... A109: Pivô 133

Sheet 03 07 2023
A1: Atendimento de irrigação (Imapacto - Problemas Mecânicos)
A3: Data | B3: 45110 | C3: =B3+1 -> 45111 | D3: =C3+1 -> 45112 | E3: =D3+1 -> 45113 | F3: =E3+1 -> 45114 | G3: =F3+1 -> 45115 | H3: =G3+1 -> 45116
A4: Pivô | B4: =TEXT(B3,"ddd") -> seg | C4: =TEXT(C3,"ddd") -> ter | D4: =TEXT(D3,"ddd") -> qua | E4: =TEXT(E3,"ddd") -> qui | F4: =TEXT(F3,"ddd") -> sex | G4: =TEXT(G3,"ddd") -> sáb | H4: =TEXT(H3,"ddd") -> dom | J4: Parâmetros | K4: Contagem | L4: Porcentagem | M4: Semana
A5: Pivô 01 | J5: Redutor | K5: =COUNTIF($B$5:$H$109,J5) -> 1 | L5: =K5/$K$18 -> 0.33333333 | M5: =B3 -> 45110
A6: Pivô 02 | J6: Motorredutor | K6: =COUNTIF($B$5:$H$109,J6) -> 0 | L6: =K6/$K$18 -> 0
A7: Pivô 03 | J7: Castanha | K7: =COUNTIF($B$5:$H$109,J7) -> 0 | L7: =K7/$K$18 -> 0
A8: Pivô 04 | J8: Vedação | K8: =COUNTIF($B$5:$H$109,J8) -> 0 | L8: =K8/$K$18 -> 0
A9: Pivô 05 | J9: Pneu | K9: =COUNTIF($B$5:$H$109,J9) -> 1 | L9: =K9/$K$18 -> 0.33333333
A10: Pivô 06 | J10: Estrutura | K10: =COUNTIF($B$5:$H$109,J10) -> 0 | L10: =K10/$K$18 -> 0
A11: Pivô 07 | J11: Bomba/Sucção | K11: =COUNTIF($B$5:$H$109,J11) -> 1 | L11: =K11/$K$18 -> 0.33333333
A12: Pivô 08 | J12: Mangote | K12: =COUNTIF($B$5:$H$109,J12) -> 0 | L12: =K12/$K$18 -> 0
A13: Pivô 09 | J13: Canal/Reservatório | K13: =COUNTIF($B$5:$H$109,J13) -> 0 | L13: =K13/$K$18 -> 0
A14: Pivô 10 | J14: Adutora/Ventosa | K14: =COUNTIF($B$5:$H$109,J14) -> 0 | L14: =K14/$K$18 -> 0
A15: Pivô 11 | J15: Balça/Transposição | K15: =COUNTIF($B$5:$H$109,J15) -> 0 | L15: =K15/$K$18 -> 0
A16: Pivô 12 | J16: Man. Preventiva | K16: =COUNTIF($B$5:$H$109,J16) -> 0 | L16: =K16/$K$18 -> 0
A17: Pivô 13 | J17: Gerador | K17: =COUNTIF($B$5:$H$109,J17) -> 0 | L17: =K17/$K$18 -> 0
A18: Pivô 14 | F18: Pneu | J18: Total | K18: =SUM(K5:K17) -> 3
A19: Pivô 15
A20: Pivô 16
A21: Pivô 17
A22: Pivô 18
A23: Pivô 19
A24: Pivô 20
A25: Pivô 21
A26: Pivô 22
A27: Pivô 23
A28: Pivô 24
A29: Pivô 25
A30: Pivô 26
... A35: Pivô 31
A36: Pivô 32 | F36: Bomba/Sucção
A37: Pivô 33
A38: Pivô 34
A39: Pivô 35
A40: Pivô 36
A41: Pivô 37
A42: Pivô 38
A43: Pivô 39
A44: Pivô 40
A45: Pivô 41
A46: Pivô 42
A47: Pivô 43
A48: Pivô 44
... A100: Pivô 122
A101: Pivô 123 | H101: Redutor
A102: Pivô 124
A103: Pivô 125
A104: Pivô 126
A105: Pivô 127
A106: Pivô 128
A107: Pivô 129
A108: Pivô 130
A109: Pivô 133

Sheet 10 07 2023
A1: Atendimento de irrigação (Imapacto - Problemas Mecânicos)
A3: Data | B3: 45117 | C3: =B3+1 -> 45118 | D3: =C3+1 -> 45119 | E3: =D3+1 -> 45120 | F3: =E3+1 -> 45121 | G3: =F3+1 -> 45122 | H3: =G3+1 -> 45123
A4: Pivô | B4: =TEXT(B3,"ddd") -> seg | C4: =TEXT(C3,"ddd") -> ter | D4: =TEXT(D3,"ddd") -> qua | E4: =TEXT(E3,"ddd") -> qui | F4: =TEXT(F3,"ddd") -> sex | G4: =TEXT(G3,"ddd") -> sáb | H4: =TEXT(H3,"ddd") -> dom | J4: Parâmetros | K4: Contagem | L4: Porcentagem | M4: Semana
A5: Pivô 01 | J5: Redutor | K5: =COUNTIF($B$5:$H$109,J5) -> 2 | L5: =K5/$K$18 -> 0.4 | M5: =B3 -> 45117
A6: Pivô 02 | J6: Motorredutor | K6: =COUNTIF($B$5:$H$109,J6) -> 1 | L6: =K6/$K$18 -> 0.2
A7: Pivô 03 | J7: Castanha | K7: =COUNTIF($B$5:$H$109,J7) -> 0 | L7: =K7/$K$18 -> 0
A8: Pivô 04 | J8: Vedação | K8: =COUNTIF($B$5:$H$109,J8) -> 1 | L8: =K8/$K$18 -> 0.2
A9: Pivô 05 | C9: Redutor | J9: Pneu | K9: =COUNTIF($B$5:$H$109,J9) -> 0 | L9: =K9/$K$18 -> 0
A10: Pivô 06 | J10: Estrutura | K10: =COUNTIF($B$5:$H$109,J10) -> 0 | L10: =K10/$K$18 -> 0
A11: Pivô 07 | J11: Bomba/Sucção | K11: =COUNTIF($B$5:$H$109,J11) -> 0 | L11: =K11/$K$18 -> 0
A12: Pivô 08 | J12: Mangote | K12: =COUNTIF($B$5:$H$109,J12) -> 1 | L12: =K12/$K$18 -> 0.2
A13: Pivô 09 | J13: Canal/Reservatório | K13: =COUNTIF($B$5:$H$109,J13) -> 0 | L13: =K13/$K$18 -> 0
A14: Pivô 10 | H14: Motorredutor | J14: Adutora/Ventosa | K14: =COUNTIF($B$5:$H$109,J14) -> 0 | L14: =K14/$K$18 -> 0
A15: Pivô 11 | J15: Balça/Transposição | K15: =COUNTIF($B$5:$H$109,J15) -> 0 | L15: =K15/$K$18 -> 0
A16: Pivô 12 | J16: Man. Preventiva | K16: =COUNTIF($B$5:$H$109,J16) -> 0 | L16: =K16/$K$18 -> 0
A17: Pivô 13 | J17: Gerador | K17: =COUNTIF($B$5:$H$109,J17) -> 0 | L17: =K17/$K$18 -> 0
A18: Pivô 14 | J18: Total | K18: =SUM(K5:K17) -> 5
A19: Pivô 15
A20: Pivô 16
A21: Pivô 17
A22: Pivô 18
A23: Pivô 19
A24: Pivô 20
A25: Pivô 21
A26: Pivô 22
A27: Pivô 23
A28: Pivô 24
A29: Pivô 25
A30: Pivô 26
... A39: Pivô 35
A40: Pivô 36 | B40: Redutor
A41: Pivô 37
A42: Pivô 38
A43: Pivô 39
A44: Pivô 40
A45: Pivô 41
A46: Pivô 42
A47: Pivô 43
A48: Pivô 44
A49: Pivô 45
A50: Pivô 46
A51: Pivô 47
A52: Pivô 48
... A55: Pivô 51
A56: Pivô 52 | C56: Mangote
A57: Pivô 53
A58: Pivô 54
A59: Pivô 55
A60: Pivô 56
A61: Pivô 57
A62: Pivô 58
A63: Pivô 59
A64: Pivô 60
A65: Pivô 61
A66: Pivô 62
A67: Pivô 63
A68: Pivô 64
... A78: Pivô 74
A79: Pivô 101 | C79: Vedação
A80: Pivô 102
A81: Pivô 103
A82: Pivô 104
A83: Pivô 105
A84: Pivô 106
A85: Pivô 107
A86: Pivô 108
A87: Pivô 109
A88: Pivô 110
A89: Pivô 111
A90: Pivô 112
A91: Pivô 113
... A109: Pivô 133

Sheet 17 07 2023
A1: Atendimento de irrigação (Imapacto - Problemas Mecânicos)
A3: Data | B3: 45124 | C3: =B3+1 -> 45125 | D3: =C3+1 -> 45126 | E3: =D3+1 -> 45127 | F3: =E3+1 -> 45128 | G3: =F3+1 -> 45129 | H3: =G3+1 -> 45130
A4: Pivô | B4: =TEXT(B3,"ddd") -> seg | C4: =TEXT(C3,"ddd") -> ter | D4: =TEXT(D3,"ddd") -> qua | E4: =TEXT(E3,"ddd") -> qui | F4: =TEXT(F3,"ddd") -> sex | G4: =TEXT(G3,"ddd") -> sáb | H4: =TEXT(H3,"ddd") -> dom | J4: Parâmetros | K4: Contagem | L4: Porcentagem | M4: Semana
A5: Pivô 01 | J5: Redutor | K5: =COUNTIF($B$5:$H$109,J5) -> 1 | L5: =K5/$K$18 -> 1 | M5: =B3 -> 45124
A6: Pivô 02 | J6: Motorredutor | K6: =COUNTIF($B$5:$H$109,J6) -> 0 | L6: =K6/$K$18 -> 0
A7: Pivô 03 | J7: Castanha | K7: =COUNTIF($B$5:$H$109,J7) -> 0 | L7: =K7/$K$18 -> 0
A8: Pivô 04 | J8: Vedação | K8: =COUNTIF($B$5:$H$109,J8) -> 0 | L8: =K8/$K$18 -> 0
A9: Pivô 05 | J9: Pneu | K9: =COUNTIF($B$5:$H$109,J9) -> 0 | L9: =K9/$K$18 -> 0
A10: Pivô 06 | J10: Estrutura | K10: =COUNTIF($B$5:$H$109,J10) -> 0 | L10: =K10/$K$18 -> 0
A11: Pivô 07 | J11: Bomba/Sucção | K11: =COUNTIF($B$5:$H$109,J11) -> 0 | L11: =K11/$K$18 -> 0
A12: Pivô 08 | B12: Redutor | J12: Mangote | K12: =COUNTIF($B$5:$H$109,J12) -> 0 | L12: =K12/$K$18 -> 0
A13: Pivô 09 | J13: Canal/Reservatório | K13: =COUNTIF($B$5:$H$109,J13) -> 0 | L13: =K13/$K$18 -> 0
A14: Pivô 10 | J14: Adutora/Ventosa | K14: =COUNTIF($B$5:$H$109,J14) -> 0 | L14: =K14/$K$18 -> 0
A15: Pivô 11 | J15: Balça/Transposição | K15: =COUNTIF($B$5:$H$109,J15) -> 0 | L15: =K15/$K$18 -> 0
A16: Pivô 12 | J16: Man. Preventiva | K16: =COUNTIF($B$5:$H$109,J16) -> 0 | L16: =K16/$K$18 -> 0
A17: Pivô 13 | J17: Gerador | K17: =COUNTIF($B$5:$H$109,J17) -> 0 | L17: =K17/$K$18 -> 0
A18: Pivô 14 | J18: Total | K18: =SUM(K5:K17) -> 1
A19: Pivô 15
A20: Pivô 16
A21: Pivô 17
A22: Pivô 18
A23: Pivô 19
A24: Pivô 20
A25: Pivô 21
A26: Pivô 22
A27: Pivô 23
A28: Pivô 24
A29: Pivô 25
A30: Pivô 26
... A109: Pivô 133

Sheet 24 07 2023
A1: Atendimento de irrigação (Imapacto - Problemas Mecânicos)
A3: Data | B3: 45131 | C3: =B3+1 -> 45132 | D3: =C3+1 -> 45133 | E3: =D3+1 -> 45134 | F3: =E3+1 -> 45135 | G3: =F3+1 -> 45136 | H3: =G3+1 -> 45137
A4: Pivô | B4: =TEXT(B3,"ddd") -> seg | C4: =TEXT(C3,"ddd") -> ter | D4: =TEXT(D3,"ddd") -> qua | E4: =TEXT(E3,"ddd") -> qui | F4: =TEXT(F3,"ddd") -> sex | G4: =TEXT(G3,"ddd") -> sáb | H4: =TEXT(H3,"ddd") -> dom | J4: Parâmetros | K4: Contagem | L4: Porcentagem | M4: Semana
A5: Pivô 01 | J5: Redutor | K5: =COUNTIF($B$5:$H$109,J5) -> 3 | L5: =K5/$K$18 -> 0.5 | M5: =B3 -> 45131
A6: Pivô 02 | J6: Motorredutor | K6: =COUNTIF($B$5:$H$109,J6) -> 1 | L6: =K6/$K$18 -> 0.16666667
A7: Pivô 03 | J7: Castanha | K7: =COUNTIF($B$5:$H$109,J7) -> 0 | L7: =K7/$K$18 -> 0
A8: Pivô 04 | J8: Vedação | K8: =COUNTIF($B$5:$H$109,J8) -> 0 | L8: =K8/$K$18 -> 0
A9: Pivô 05 | J9: Pneu | K9: =COUNTIF($B$5:$H$109,J9) -> 2 | L9: =K9/$K$18 -> 0.33333333
A10: Pivô 06 | J10: Estrutura | K10: =COUNTIF($B$5:$H$109,J10) -> 0 | L10: =K10/$K$18 -> 0
A11: Pivô 07 | J11: Bomba/Sucção | K11: =COUNTIF($B$5:$H$109,J11) -> 0 | L11: =K11/$K$18 -> 0
A12: Pivô 08 | F12: Redutor | J12: Mangote | K12: =COUNTIF($B$5:$H$109,J12) -> 0 | L12: =K12/$K$18 -> 0
A13: Pivô 09 | J13: Canal/Reservatório | K13: =COUNTIF($B$5:$H$109,J13) -> 0 | L13: =K13/$K$18 -> 0
A14: Pivô 10 | B14: Redutor | C14: Redutor | J14: Adutora/Ventosa | K14: =COUNTIF($B$5:$H$109,J14) -> 0 | L14: =K14/$K$18 -> 0
A15: Pivô 11 | J15: Balça/Transposição | K15: =COUNTIF($B$5:$H$109,J15) -> 0 | L15: =K15/$K$18 -> 0
A16: Pivô 12 | J16: Man. Preventiva | K16: =COUNTIF($B$5:$H$109,J16) -> 0 | L16: =K16/$K$18 -> 0
A17: Pivô 13 | J17: Gerador | K17: =COUNTIF($B$5:$H$109,J17) -> 0 | L17: =K17/$K$18 -> 0
A18: Pivô 14 | J18: Total | K18: =SUM(K5:K17) -> 6
A19: Pivô 15
A20: Pivô 16
A21: Pivô 17
A22: Pivô 18
A23: Pivô 19
A24: Pivô 20
A25: Pivô 21
A26: Pivô 22
A27: Pivô 23
A28: Pivô 24
A29: Pivô 25 | H29: Motorredutor
A30: Pivô 26
A31: Pivô 27
A32: Pivô 28
A33: Pivô 29
A34: Pivô 30
A35: Pivô 31
A36: Pivô 32
A37: Pivô 33
A38: Pivô 34
A39: Pivô 35
A40: Pivô 36
A41: Pivô 37
... A49: Pivô 45
A50: Pivô 46 | F50: Pneu
A51: Pivô 47
A52: Pivô 48
A53: Pivô 49
A54: Pivô 50
A55: Pivô 51
A56: Pivô 52
A57: Pivô 53
A58: Pivô 54
A59: Pivô 55
A60: Pivô 56
A61: Pivô 57
A62: Pivô 58
... A100: Pivô 122
A101: Pivô 123 | H101: Pneu
A102: Pivô 124
A103: Pivô 125
A104: Pivô 126
A105: Pivô 127
A106: Pivô 128
A107: Pivô 129
A108: Pivô 130
A109: Pivô 133

Sheet Base de Dados
A1: Parâmetros | B1: Contagem | C1: Porcentagem | D1: Semana | E1: Mês | F1: Ano | G1: Periodo
A2: Redutor | B2: 1 | C2: 0.16666667 | D2: 44613 | E2: =TEXT(Base_de_Dados[[#This Row],[Semana]],"Mmmm") -> fevereiro | F2: =YEAR(Base_de_Dados[[#This Row],[Semana]]) -> 2022 | G2: =IF(MONTH( Base_de_Dados[[#This Row],[Semana]])<=6,"1ª Semestre","2ª Semestre") -> 1ª Semestre
A3: Motorredutor | B3: 1 | C3: 0.16666667 | D3: 44613 | E3: =TEXT(Base_de_Dados[[#This Row],[Semana]],"Mmmm") -> fevereiro | F3: =YEAR(Base_de_Dados[[#This Row],[Semana]]) -> 2022 | G3: =IF(MONTH( Base_de_Dados[[#This Row],[Semana]])<=6,"1ª Semestre","2ª Semestre") -> 1ª Semestre
A4: Castanha | B4: 0 | C4: 0 | D4: 44613 | E4: =TEXT(Base_de_Dados[[#This Row],[Semana]],"Mmmm") -> fevereiro | F4: =YEAR(Base_de_Dados[[#This Row],[Semana]]) -> 2022 | G4: =IF(MONTH( Base_de_Dados[[#This Row],[Semana]])<=6,"1ª Semestre","2ª Semestre") -> 1ª Semestre
A5: Vedação | B5: 0 | C5: 0 | D5: 44613 | E5: =TEXT(Base_de_Dados[[#This Row],[Semana]],"Mmmm") -> fevereiro | F5: =YEAR(Base_de_Dados[[#This Row],[Semana]]) -> 2022 | G5: =IF(MONTH( Base_de_Dados[[#This Row],[Semana]])<=6,"1ª Semestre","2ª Semestre") -> 1ª Semestre
A6: Pneu | B6: 0 | C6: 0 | D6: 44613 | E6: =TEXT(Base_de_Dados[[#This Row],[Semana]],"Mmmm") -> fevereiro | F6: =YEAR(Base_de_Dados[[#This Row],[Semana]]) -> 2022 | G6: =IF(MONTH( Base_de_Dados[[#This Row],[Semana]])<=6,"1ª Semestre","2ª Semestre") -> 1ª Semestre
A7: Sucção | B7: 0 | C7: 0 | D7: 44613 | E7: =TEXT(Base_de_Dados[[#This Row],[Semana]],"Mmmm") -> fevereiro | F7: =YEAR(Base_de_Dados[[#This Row],[Semana]]) -> 2022 | G7: =IF(MONTH( Base_de_Dados[[#This Row],[Semana]])<=6,"1ª Semestre","2ª Semestre") -> 1ª Semestre
A8: Bomba | B8: 2 | C8: 0.33333333 | D8: 44613 | E8: =TEXT(Base_de_Dados[[#This Row],[Semana]],"Mmmm") -> fevereiro | F8: =YEAR(Base_de_Dados[[#This Row],[Semana]]) -> 2022 | G8: =IF(MONTH( Base_de_Dados[[#This Row],[Semana]])<=6,"1ª Semestre","2ª Semestre") -> 1ª Semestre
A9: Mangote | B9: 0 | C9: 0 | D9: 44613 | E9: =TEXT(Base_de_Dados[[#This Row],[Semana]],"Mmmm") -> fevereiro | F9: =YEAR(Base_de_Dados[[#This Row],[Semana]]) -> 2022 | G9: =IF(MONTH( Base_de_Dados[[#This Row],[Semana]])<=6,"1ª Semestre","2ª Semestre") -> 1ª Semestre
A10: Canal/Reservatório | B10: 0 | C10: 0 | D10: 44613 | E10: =TEXT(Base_de_Dados[[#This Row],[Semana]],"Mmmm") -> fevereiro | F10: =YEAR(Base_de_Dados[[#This Row],[Semana]]) -> 2022 | G10: =IF(MONTH( Base_de_Dados[[#This Row],[Semana]])<=6,"1ª Semestre","2ª Semestre") -> 1ª Semestre
A11: Adutora | B11: 2 | C11: 0.33333333 | D11: 44613 | E11: =TEXT(Base_de_Dados[[#This Row],[Semana]],"Mmmm") -> fevereiro | F11: =YEAR(Base_de_Dados[[#This Row],[Semana]]) -> 2022 | G11: =IF(MONTH( Base_de_Dados[[#This Row],[Semana]])<=6,"1ª Semestre","2ª Semestre") -> 1ª Semestre
A12: Redutor | B12: 2 | C12: 0.11764706 | D12: 44620 | E12: =TEXT(Base_de_Dados[[#This Row],[Semana]],"Mmmm") -> fevereiro | F12: =YEAR(Base_de_Dados[[#This Row],[Semana]]) -> 2022 | G12: =IF(MONTH( Base_de_Dados[[#This Row],[Semana]])<=6,"1ª Semestre","2ª Semestre") -> 1ª Semestre
A13: Motorredutor | B13: 0 | C13: 0 | D13: 44620 | E13: =TEXT(Base_de_Dados[[#This Row],[Semana]],"Mmmm") -> fevereiro | F13: =YEAR(Base_de_Dados[[#This Row],[Semana]]) -> 2022 | G13: =IF(MONTH( Base_de_Dados[[#This Row],[Semana]])<=6,"1ª Semestre","2ª Semestre") -> 1ª Semestre
... A778: Gerador | B778: 0 | C778: 0 | D778: 45131 | E778: =TEXT(Base_de_Dados[[#This Row],[Semana]],"Mmmm") -> julho | F778: =YEAR(Base_de_Dados[[#This Row],[Semana]]) -> 2023 | G778: =IF(MONTH( Base_de_Dados[[#This Row],[Semana]])<=6,"1ª Semestre","2ª Semestre") -> 2ª Semestre

Sheet Analise Semanal
A3: Rótulos de Linha | B3: Percentual Semanal | D3: Rótulos de Linha | E3: Contagem Semanal
A4: Adutora | B4: 1 | D4: Adutora | E4: 1
B16: Verificação
B17: =A4 -> Adutora | C17: =E4 -> 1 | D17: =C17/$C$27 -> 1
B18: =A5 -> 0 | C18: =E5 -> 0 | D18: =C18/$C$27 -> 0
B19: =A6 -> 0 | C19: =E6 -> 0 | D19: =C19/$C$27 -> 0
B20: =A7 -> 0 | C20: =E7 -> 0 | D20: =C20/$C$27 -> 0
B21: =A8 -> 0 | C21: =E8 -> 0 | D21: =C21/$C$27 -> 0
B22: =A9 -> 0 | C22: =E9 -> 0 | D22: =C22/$C$27 -> 0
B23: =A10 -> 0 | C23: =E10 -> 0 | D23: =C23/$C$27 -> 0
B24: =A11 -> 0 | C24: =E11 -> 0 | D24: =C24/$C$27 -> 0
B25: =A12 -> 0 | C25: =E12 -> 0 | D25: =C25/$C$27 -> 0
B26: =A13 -> 0 | C26: =E13 -> 0 | D26: =C26/$C$27 -> 0
C27: =SUM(C17:C26) -> 1

Sheet Analise Anual
A3: Rótulos de Linha | B3: Percentual Semanal | D3: Rótulos de Linha | E3: Contagem Semanal
A4: Adutora | B4: 0.090909091 | D4: Adutora | E4: 11
A5: Bomba/Sucção | B5: 0.099173554 | D5: Bomba/Sucção | E5: 12
A6: Canal/Reservatório | B6: 0.60330579 | D6: Canal/Reservatório | E6: 73
A7: Castanha | B7: 0.024793388 | D7: Castanha | E7: 3
A8: Mangote | B8: 0.049586777 | D8: Mangote | E8: 6
A9: Motorredutor | B9: 0.041322314 | D9: Motorredutor | E9: 5
A10: Pneu | B10: 0.016528926 | D10: Pneu | E10: 2
A11: Redutor | B11: 0.074380165 | D11: Redutor | E11: 9
B19: Verificação
B20: =A4 -> Adutora | C20: =E4 -> 11 | D20: =C20/$C$31 -> 0.090909091
B21: =A5 -> Bomba/Sucção | C21: =E5 -> 12 | D21: =C21/$C$31 -> 0.099173554
B22: =A6 -> Canal/Reservatório | C22: =E6 -> 73 | D22: =C22/$C$31 -> 0.60330579
B23: =A7 -> Castanha | C23: =E7 -> 3 | D23: =C23/$C$31 -> 0.024793388
B24: =A8 -> Mangote | C24: =E8 -> 6 | D24: =C24/$C$31 -> 0.049586777
B25: =A9 -> Motorredutor | C25: =E9 -> 5 | D25: =C25/$C$31 -> 0.041322314
B26: =A10 -> Pneu | C26: =E10 -> 2 | D26: =C26/$C$31 -> 0.016528926
B27: =A11 -> Redutor | C27: =E11 -> 9 | D27: =C27/$C$31 -> 0.074380165
B28: =A12 -> 0 | C28: =E12 -> 0 | D28: =C28/$C$31 -> 0
B29: =A13 -> 0 | C29: =E13 -> 0 | D29: =C29/$C$31 -> 0
C31: =SUM(C20:C30) -> 121

Sheet Dashboard de Indicadores
