Workbook
Name SegmentaçãodeDados_Ano: #N/A
Name SegmentaçãodeDados_Periodo: #N/A
Name SegmentaçãodeDados_Semana: #N/A
Name semestre01de2022: Acumulado!$A$2:$V$32

Sheet Acumulado
A2: Parâmetros | B2: 44613 | C2: 44620 | D2: 44627 | E2: 44634 | F2: 44641 | G2: 44648 | H2: 44655 | I2: 44662 | J2: 44669 | K2: 44676 | L2: 44683 | M2: 44690 | N2: 44697 | O2: 44704 | P2: 44711 | Q2: 44718 | R2: 44725 | S2: 44732 | T2: 44739 | U2: Total | V2: Percentual
A3: Cabo Rompido | B3: ='21 02 2022'!K5 -> 3 | C3: ='28 02 2022'!K5 -> 1 | D3: ='07 03 2022'!K5 -> 0 | E3: ='14 03 2022'!K5 -> 0 | F3: ='21 03 2022'!K5 -> 0 | G3: ='28 03 2022'!K5 -> 1 | H3: ='04 04 2022'!K5 -> 0 | I3: ='11 04 2022'!K5 -> 0 | J3: ='18 04 2022'!K5 -> 0 | K3: ='25 04 2022'!K5 -> 0 | L3: ='02 05 2022'!K5 -> 0 | M3: ='09 05 2022'!K5 -> 0 | N3: ='16 05 2022'!K5 -> 0 | O3: ='23 05 2022 '!K5 -> 0 | Q3: ='06 06 2022 '!K5 -> 0 | R3: ='13 06 2022 '!K5 -> 0 | S3: ='20 06 2022 '!K5 -> 0 | T3: 0 | U3: =SUM(B3:T3) -> 5 | V3: =U3/$U$12 -> 0.034722222
A4: Transformador | B4: ='21 02 2022'!K6 -> 1 | C4: ='28 02 2022'!K6 -> 2 | D4: ='07 03 2022'!K6 -> 2 | E4: ='14 03 2022'!K6 -> 2 | F4: ='21 03 2022'!K6 -> 0 | G4: ='28 03 2022'!K6 -> 0 | H4: ='04 04 2022'!K6 -> 0 | I4: ='11 04 2022'!K6 -> 0 | J4: ='18 04 2022'!K6 -> 1 | K4: ='25 04 2022'!K6 -> 0 | L4: ='02 05 2022'!K6 -> 0 | M4: ='09 05 2022'!K6 -> 0 | N4: ='16 05 2022'!K6 -> 0 | O4: ='23 05 2022 '!K6 -> 0 | Q4: ='06 06 2022 '!K6 -> 0 | R4: ='13 06 2022 '!K6 -> 5 | S4: ='20 06 2022 '!K6 -> 0 | T4: 0 | U4: =SUM(B4:T4) -> 13 | V4: =U4/$U$12 -> 0.090277778
A5: Chave Aberta | B5: ='21 02 2022'!K7 -> 0 | C5: ='28 02 2022'!K7 -> 3 | D5: ='07 03 2022'!K7 -> 0 | E5: ='14 03 2022'!K7 -> 0 | F5: ='21 03 2022'!K7 -> 0 | G5: ='28 03 2022'!K7 -> 4 | H5: ='04 04 2022'!K7 -> 0 | I5: ='11 04 2022'!K7 -> 13 | J5: ='18 04 2022'!K7 -> 0 | K5: ='25 04 2022'!K7 -> 0 | L5: ='02 05 2022'!K7 -> 0 | M5: ='09 05 2022'!K7 -> 1 | N5: ='16 05 2022'!K7 -> 0 | O5: ='23 05 2022 '!K7 -> 0 | Q5: ='06 06 2022 '!K7 -> 0 | R5: ='13 06 2022 '!K7 -> 1 | S5: ='20 06 2022 '!K7 -> 1 | T5: 0 | U5: =SUM(B5:T5) -> 23 | V5: =U5/$U$12 -> 0.15972222
A6: Painel da Bomba | B6: ='21 02 2022'!K8 -> 5 | C6: ='28 02 2022'!K8 -> 2 | D6: ='07 03 2022'!K8 -> 0 | E6: ='14 03 2022'!K8 -> 3 | F6: ='21 03 2022'!K8 -> 1 | G6: ='28 03 2022'!K8 -> 0 | H6: ='04 04 2022'!K8 -> 1 | I6: ='11 04 2022'!K8 -> 0 | J6: ='18 04 2022'!K8 -> 2 | K6: ='25 04 2022'!K8 -> 2 | L6: ='02 05 2022'!K8 -> 2 | M6: ='09 05 2022'!K8 -> 2 | N6: ='16 05 2022'!K8 -> 3 | O6: ='23 05 2022 '!K8 -> 0 | Q6: ='06 06 2022 '!K8 -> 1 | R6: ='13 06 2022 '!K8 -> 1 | S6: ='20 06 2022 '!K8 -> 0 | T6: 0 | U6: =SUM(B6:T6) -> 25 | V6: =U6/$U$12 -> 0.17361111
A7: Painel do Pivô | B7: ='21 02 2022'!K9 -> 5 | C7: ='28 02 2022'!K9 -> 1 | D7: ='07 03 2022'!K9 -> 1 | E7: ='14 03 2022'!K9 -> 0 | F7: ='21 03 2022'!K9 -> 2 | G7: ='28 03 2022'!K9 -> 1 | H7: ='04 04 2022'!K9 -> 2 | I7: ='11 04 2022'!K9 -> 1 | J7: ='18 04 2022'!K9 -> 1 | K7: ='25 04 2022'!K9 -> 2 | L7: ='02 05 2022'!K9 -> 1 | M7: ='09 05 2022'!K9 -> 0 | N7: ='16 05 2022'!K9 -> 0 | O7: ='23 05 2022 '!K9 -> 0 | Q7: ='06 06 2022 '!K9 -> 1 | R7: ='13 06 2022 '!K9 -> 2 | S7: ='20 06 2022 '!K9 -> 0 | T7: 0 | U7: =SUM(B7:T7) -> 20 | V7: =U7/$U$12 -> 0.13888889
A8: Contactora | B8: ='21 02 2022'!K10 -> 0 | C8: ='28 02 2022'!K10 -> 5 | D8: ='07 03 2022'!K10 -> 3 | E8: ='14 03 2022'!K10 -> 1 | F8: ='21 03 2022'!K10 -> 0 | G8: ='28 03 2022'!K10 -> 1 | H8: ='04 04 2022'!K10 -> 0 | I8: ='11 04 2022'!K10 -> 0 | J8: ='18 04 2022'!K10 -> 0 | K8: ='25 04 2022'!K10 -> 1 | L8: ='02 05 2022'!K10 -> 0 | M8: ='09 05 2022'!K10 -> 0 | N8: ='16 05 2022'!K10 -> 5 | O8: ='23 05 2022 '!K10 -> 3 | Q8: ='06 06 2022 '!K10 -> 2 | R8: ='13 06 2022 '!K10 -> 0 | S8: ='20 06 2022 '!K10 -> 0 | T8: 0 | U8: =SUM(B8:T8) -> 21 | V8: =U8/$U$12 -> 0.14583333
A9: Caixa do Micro | B9: ='21 02 2022'!K11 -> 0 | C9: ='28 02 2022'!K11 -> 0 | D9: ='07 03 2022'!K11 -> 0 | E9: ='14 03 2022'!K11 -> 1 | F9: ='21 03 2022'!K11 -> 0 | G9: ='28 03 2022'!K11 -> 2 | H9: ='04 04 2022'!K11 -> 0 | I9: ='11 04 2022'!K11 -> 5 | J9: ='18 04 2022'!K11 -> 4 | K9: ='25 04 2022'!K11 -> 2 | L9: ='02 05 2022'!K11 -> 0 | M9: ='09 05 2022'!K11 -> 0 | N9: ='16 05 2022'!K11 -> 0 | O9: ='23 05 2022 '!K11 -> 0 | Q9: ='06 06 2022 '!K11 -> 0 | R9: ='13 06 2022 '!K11 -> 1 | S9: ='20 06 2022 '!K11 -> 0 | T9: 0 | U9: =SUM(B9:T9) -> 15 | V9: =U9/$U$12 -> 0.10416667
A10: Cabo de Segurança | B10: ='21 02 2022'!K12 -> 2 | C10: ='28 02 2022'!K12 -> 0 | D10: ='07 03 2022'!K12 -> 0 | E10: ='14 03 2022'!K12 -> 3 | F10: ='21 03 2022'!K12 -> 4 | G10: ='28 03 2022'!K12 -> 2 | H10: ='04 04 2022'!K12 -> 3 | I10: ='11 04 2022'!K12 -> 2 | J10: ='18 04 2022'!K12 -> 0 | K10: ='25 04 2022'!K12 -> 0 | L10: ='02 05 2022'!K12 -> 0 | M10: ='09 05 2022'!K12 -> 0 | N10: ='16 05 2022'!K12 -> 0 | O10: ='23 05 2022 '!K12 -> 1 | Q10: ='06 06 2022 '!K12 -> 0 | R10: ='13 06 2022 '!K12 -> 3 | S10: ='20 06 2022 '!K12 -> 0 | T10: 2 | U10: =SUM(B10:T10) -> 22 | V10: =U10/$U$12 -> 0.15277778
A11: Falta de Fase | B11: 0 | C11: 0 | D11: 0 | E11: 0 | F11: 0 | G11: 0 | H11: 0 | I11: 0 | J11: 0 | K11: ='25 04 2022'!K13 -> 2 | L11: ='02 05 2022'!K13 -> 0 | M11: ='09 05 2022'!K13 -> 0 | N11: ='16 05 2022'!K13 -> 0 | O11: ='23 05 2022 '!K13 -> 0 | Q11: ='06 06 2022 '!K13 -> 0 | R11: ='13 06 2022 '!K13 -> 0 | S11: ='20 06 2022 '!K13 -> 0 | T11: 0 | U11: =SUM(B11:T11) -> 2 | V11: =U11/$U$12 -> 0.013888889
A12: Total | B12: =SUM(B3:B10) -> 16 | C12: =SUM(C3:C10) -> 14 | D12: =SUM(D3:D10) -> 6 | E12: =SUM(E3:E10) -> 10 | F12: =SUM(F3:F10) -> 7 | G12: =SUM(G3:G10) -> 11 | H12: =SUM(H3:H10) -> 6 | I12: =SUM(I3:I10) -> 21 | ... T12: =SUM(T3:T10) -> 2 | U12: =SUM(B12:T12) -> 144

Sheet 21 02 2022
A1: Atendimento de Irrigação (Impacto - Problemas Elétricos) - Semana 21/02/2022
A3: Data | B3: 44613 | C3: 44614 | D3: 44615 | E3: 44616 | F3: 44617 | G3: 44618 | H3: 44619
A4: Pivô | B4: =TEXT(B3,"ddd") -> seg | C4: =TEXT(C3,"ddd") -> ter | D4: =TEXT(D3,"ddd") -> qua | E4: =TEXT(E3,"ddd") -> qui | F4: =TEXT(F3,"ddd") -> sex | G4: =TEXT(G3,"ddd") -> sáb | H4: =TEXT(H3,"ddd") -> dom | J4: Parâmetros | K4: Contagem | L4: Porcentagem | M4: Semana
A5: Pivô 01 | J5: Cabo Rompido | K5: =COUNTIF($B$5:$H$93,J5) -> 3 | L5: =K5/$K$13 -> 0.1875 | M5: 21/2-27/2
A6: Pivô 02 | J6: Transformador | K6: =COUNTIF($B$5:$H$93,J6) -> 1 | L6: =K6/$K$13 -> 0.0625
A7: Pivô 03 | J7: Chave Aberta | K7: =COUNTIF($B$5:$H$93,J7) -> 0 | L7: =K7/$K$13 -> 0
A8: Pivô 04 | J8: Painel da Bomba | K8: =COUNTIF($B$5:$H$93,J8) -> 5 | L8: =K8/$K$13 -> 0.3125
A9: Pivô 05 | J9: Painel do Pivô | K9: =COUNTIF($B$5:$H$93,J9) -> 5 | L9: =K9/$K$13 -> 0.3125
A10: Pivô 06 | J10: Contactora | K10: =COUNTIF($B$5:$H$93,J10) -> 0 | L10: =K10/$K$13 -> 0
A11: Pivô 07 | J11: Caixa do Micro | K11: =COUNTIF($B$5:$H$93,J11) -> 0 | L11: =K11/$K$13 -> 0
A12: Pivô 08 | J12: Cabo/Auto Rompido | K12: =COUNTIF($B$5:$H$93,J12) -> 2 | L12: =K12/$K$13 -> 0.125
A13: Pivô 09 | J13: Total | K13: =SUM(K5:K12) -> 16
A14: Pivô 10
A15: Pivô 11 | F15: Painel da Bomba
A16: Pivô 12
A17: Pivô 13
A18: Pivô 14 | G18: Painel do Pivô | H18: Painel do Pivô
A19: Pivô 15
A20: Pivô 16
A21: Pivô 17
A22: Pivô 18 | H22: Painel da Bomba
A23: Pivô 19
A24: Pivô 20 | F24: Painel da Bomba
A25: Pivô 21
A26: Pivô 22
A27: Pivô 23 | F27: Transformador
A28: Pivô 24 | H28: Cabo/Auto Rompido
A29: Pivô 25
A30: Pivô 26 | H30: Painel da Bomba
A31: Pivô 27
A32: Pivô 28
A33: Pivô 29
A34: Pivô 30
A35: Pivô 31
A36: Pivô 32
A37: Pivô 33
A38: Pivô 34
A39: Pivô 35
A40: Pivô 36
A41: Pivô 37
A42: Pivô 38
... A47: Pivô 43
A48: Pivô 44 | F48: Painel do Pivô
A49: Pivô 45
A50: Pivô 46
A51: Pivô 47
A52: Pivô 48
A53: Pivô 49
A54: Pivô 50
A55: Pivô 51
A56: Pivô 52 | F56: Cabo Rompido | G56: Cabo Rompido | H56: Cabo Rompido
A57: Pivô 53
A58: Pivô 54 | B58: Painel do Pivô
A59: Pivô 55 | B59: Painel da Bomba | H59: Cabo/Auto Rompido
A60: Pivô 56
A61: Pivô 73
A62: Pivô 74 | G62: Painel do Pivô
A63: Pivô 101
A64: Pivô 102
A65: Pivô 103
A66: Pivô 104
A67: Pivô 105
A68: Pivô 106
A69: Pivô 107
A70: Pivô 108
A71: Pivô 109
A72: Pivô 110
A73: Pivô 111
A74: Pivô 112
... A93: Pivô 133

Sheet 28 02 2022
A1: Atendimento de Irrigação (Impacto - Problemas Elétricos) - Semana 28/02/2022
A3: Data | B3: 44620 | C3: =B3+1 -> 44621 | D3: =C3+1 -> 44622 | E3: =D3+1 -> 44623 | F3: =E3+1 -> 44624 | G3: =F3+1 -> 44625 | H3: =G3+1 -> 44626
A4: Pivô | B4: =TEXT(B3,"ddd") -> seg | C4: =TEXT(C3,"ddd") -> ter | D4: =TEXT(D3,"ddd") -> qua | E4: =TEXT(E3,"ddd") -> qui | F4: =TEXT(F3,"ddd") -> sex | G4: =TEXT(G3,"ddd") -> sáb | H4: =TEXT(H3,"ddd") -> dom | J4: Parâmetros | K4: Contagem | L4: Porcentagem | M4: Semana
A5: Pivô 01 | J5: Cabo Rompido | K5: =COUNTIF($B$5:$H$93,J5) -> 1 | L5: =K5/$K$13 -> 0.071428571 | M5: 28/2-6/3
A6: Pivô 02 | J6: Transformador | K6: =COUNTIF($B$5:$H$93,J6) -> 2 | L6: =K6/$K$13 -> 0.14285714
A7: Pivô 03 | J7: Chave Aberta | K7: =COUNTIF($B$5:$H$93,J7) -> 3 | L7: =K7/$K$13 -> 0.21428571
A8: Pivô 04 | J8: Painel da Bomba | K8: =COUNTIF($B$5:$H$93,J8) -> 2 | L8: =K8/$K$13 -> 0.14285714
A9: Pivô 05 | J9: Painel do Pivô | K9: =COUNTIF($B$5:$H$93,J9) -> 1 | L9: =K9/$K$13 -> 0.071428571
A10: Pivô 06 | J10: Contactora | K10: =COUNTIF($B$5:$H$93,J10) -> 5 | L10: =K10/$K$13 -> 0.35714286
A11: Pivô 07 | J11: Caixa do Micro | K11: =COUNTIF($B$5:$H$93,J11) -> 0 | L11: =K11/$K$13 -> 0
A12: Pivô 08 | J12: Cabo/Auto Rompido | K12: =COUNTIF($B$5:$H$93,J12) -> 0 | L12: =K12/$K$13 -> 0
A13: Pivô 09 | J13: Total | K13: =SUM(K5:K12) -> 14
A14: Pivô 10
A15: Pivô 11
A16: Pivô 12
A17: Pivô 13
A18: Pivô 14 | D18: Painel da Bomba
A19: Pivô 15
A20: Pivô 16
A21: Pivô 17
A22: Pivô 18
A23: Pivô 19
A24: Pivô 20
A25: Pivô 21
A26: Pivô 22
A27: Pivô 23
A28: Pivô 24
A29: Pivô 25 | B29: Painel da Bomba
A30: Pivô 26
A31: Pivô 27
A32: Pivô 28
A33: Pivô 29
A34: Pivô 30 | B34: Contactora | C34: Contactora
A35: Pivô 31
A36: Pivô 32
A37: Pivô 33 | G37: Contactora | H37: Contactora
A38: Pivô 34
A39: Pivô 35
A40: Pivô 36
A41: Pivô 37
A42: Pivô 38
A43: Pivô 39
A44: Pivô 40
A45: Pivô 41 | G45: Transformador
A46: Pivô 42
A47: Pivô 43 | G47: Transformador
A48: Pivô 44
A49: Pivô 45
A50: Pivô 46
A51: Pivô 47
A52: Pivô 48
A53: Pivô 49
A54: Pivô 50
A55: Pivô 51 | G55: Painel do Pivô
A56: Pivô 52 | B56: Cabo Rompido
A57: Pivô 53
A58: Pivô 54
A59: Pivô 55
A60: Pivô 56
A61: Pivô 73
A62: Pivô 74
A63: Pivô 101
A64: Pivô 102 | F64: Chave Aberta
A65: Pivô 103 | F65: Chave Aberta
A66: Pivô 104 | F66: Chave Aberta
A67: Pivô 105
A68: Pivô 106
A69: Pivô 107
A70: Pivô 108
A71: Pivô 109
A72: Pivô 110 | E72: Contactora
A73: Pivô 111
A74: Pivô 112
A75: Pivô 113
A76: Pivô 114
A77: Pivô 115
A78: Pivô 116
A79: Pivô 117
A80: Pivô 118
A81: Pivô 119
A82: Pivô 120
A83: Pivô 121
A84: Pivô 122
... A93: Pivô 133

Sheet 07 03 2022
A1: Atendimento de Irrigação (Impacto - Problemas Elétricos) - Semana 07/03/2022
A3: Data | B3: 44627 | C3: =B3+1 -> 44628 | D3: =C3+1 -> 44629 | E3: =D3+1 -> 44630 | F3: =E3+1 -> 44631 | G3: =F3+1 -> 44632 | H3: =G3+1 -> 44633
A4: Pivô | B4: =TEXT(B3,"ddd") -> seg | C4: =TEXT(C3,"ddd") -> ter | D4: =TEXT(D3,"ddd") -> qua | E4: =TEXT(E3,"ddd") -> qui | F4: =TEXT(F3,"ddd") -> sex | G4: =TEXT(G3,"ddd") -> sáb | H4: =TEXT(H3,"ddd") -> dom | J4: Parâmetros | K4: Contagem | L4: Porcentagem | M4: Semana
A5: Pivô 01 | J5: Cabo Acionamento | K5: =COUNTIF($B$5:$H$93,J5) -> 0 | L5: =K5/$K$13 -> 0 | M5: 7/3-13/3
A6: Pivô 02 | J6: Transformador | K6: =COUNTIF($B$5:$H$93,J6) -> 2 | L6: =K6/$K$13 -> 0.33333333
A7: Pivô 03 | J7: Chave Aberta | K7: =COUNTIF($B$5:$H$93,J7) -> 0 | L7: =K7/$K$13 -> 0
A8: Pivô 04 | J8: Painel da Bomba | K8: =COUNTIF($B$5:$H$93,J8) -> 0 | L8: =K8/$K$13 -> 0
A9: Pivô 05 | J9: Painel do Pivô | K9: =COUNTIF($B$5:$H$93,J9) -> 1 | L9: =K9/$K$13 -> 0.16666667
A10: Pivô 06 | J10: Contactora | K10: =COUNTIF($B$5:$H$93,J10) -> 3 | L10: =K10/$K$13 -> 0.5
A11: Pivô 07 | J11: Caixa do Micro | K11: =COUNTIF($B$5:$H$93,J11) -> 0 | L11: =K11/$K$13 -> 0
A12: Pivô 08 | J12: Cabo de Segurança | K12: =COUNTIF($B$5:$H$93,J12) -> 0 | L12: =K12/$K$13 -> 0
A13: Pivô 09 | J13: Total | K13: =SUM(K5:K12) -> 6
A14: Pivô 10
A15: Pivô 11
A16: Pivô 12
A17: Pivô 13
A18: Pivô 14
A19: Pivô 15
A20: Pivô 16
A21: Pivô 17
A22: Pivô 18
A23: Pivô 19
A24: Pivô 20
A25: Pivô 21
... A28: Pivô 24
A29: Pivô 25 | G29: Contactora
A30: Pivô 26
A31: Pivô 27 | F31: Contactora
A32: Pivô 28
A33: Pivô 29
A34: Pivô 30
A35: Pivô 31
A36: Pivô 32
A37: Pivô 33
A38: Pivô 34
A39: Pivô 35
A40: Pivô 36
A41: Pivô 37
A42: Pivô 38
A43: Pivô 39
... A47: Pivô 43
A48: Pivô 44 | B48: Painel do Pivô
A49: Pivô 45
A50: Pivô 46
A51: Pivô 47
A52: Pivô 48
A53: Pivô 49
A54: Pivô 50
A55: Pivô 51
A56: Pivô 52
A57: Pivô 53
A58: Pivô 54
A59: Pivô 55
A60: Pivô 56
... A70: Pivô 108
A71: Pivô 109 | C71: Transformador | D71: Transformador
A72: Pivô 110
A73: Pivô 111
A74: Pivô 112
A75: Pivô 113
A76: Pivô 114
A77: Pivô 115
A78: Pivô 116
A79: Pivô 117
A80: Pivô 118
A81: Pivô 119
A82: Pivô 120
A83: Pivô 121
... A90: Pivô 128
A91: Pivô 129 | C91: Contactora
A92: Pivô 130
A93: Pivô 133

Sheet 14 03 2022
A1: Atendimento de Irrigação (Impacto - Problemas Elétricos) - Semana 14/03/2022
A3: Data | B3: 44634 | C3: =B3+1 -> 44635 | D3: =C3+1 -> 44636 | E3: =D3+1 -> 44637 | F3: =E3+1 -> 44638 | G3: =F3+1 -> 44639 | H3: =G3+1 -> 44640
A4: Pivô | B4: =TEXT(B3,"ddd") -> seg | C4: =TEXT(C3,"ddd") -> ter | D4: =TEXT(D3,"ddd") -> qua | E4: =TEXT(E3,"ddd") -> qui | F4: =TEXT(F3,"ddd") -> sex | G4: =TEXT(G3,"ddd") -> sáb | H4: =TEXT(H3,"ddd") -> dom | J4: Parâmetros | K4: Contagem | L4: Porcentagem | M4: Semana
A5: Pivô 01 | J5: Cabo Acionamento | K5: =COUNTIF($B$5:$H$93,J5) -> 0 | L5: =K5/$K$13 -> 0 | M5: 14/3-20/3
A6: Pivô 02 | J6: Transformador | K6: =COUNTIF($B$5:$H$93,J6) -> 2 | L6: =K6/$K$13 -> 0.2
A7: Pivô 03 | J7: Chave Aberta | K7: =COUNTIF($B$5:$H$93,J7) -> 0 | L7: =K7/$K$13 -> 0
A8: Pivô 04 | J8: Painel da Bomba | K8: =COUNTIF($B$5:$H$93,J8) -> 3 | L8: =K8/$K$13 -> 0.3
A9: Pivô 05 | J9: Painel do Pivô | K9: =COUNTIF($B$5:$H$93,J9) -> 0 | L9: =K9/$K$13 -> 0
A10: Pivô 06 | C10: Caixa do Micro | D10: Painel da Bomba | J10: Contactora | K10: =COUNTIF($B$5:$H$93,J10) -> 1 | L10: =K10/$K$13 -> 0.1
A11: Pivô 07 | J11: Caixa do Micro | K11: =COUNTIF($B$5:$H$93,J11) -> 1 | L11: =K11/$K$13 -> 0.1
A12: Pivô 08 | J12: Cabo de Segurança | K12: =COUNTIF($B$5:$H$93,J12) -> 3 | L12: =K12/$K$13 -> 0.3
A13: Pivô 09 | J13: Total | K13: =SUM(K5:K12) -> 10
A14: Pivô 10
A15: Pivô 11
A16: Pivô 12
A17: Pivô 13
A18: Pivô 14
A19: Pivô 15
A20: Pivô 16
A21: Pivô 17
A22: Pivô 18
A23: Pivô 19
A24: Pivô 20
A25: Pivô 21 | H25: Cabo de Segurança
A26: Pivô 22
A27: Pivô 23
A28: Pivô 24
A29: Pivô 25 | D29: Contactora
A30: Pivô 26 | H30: Cabo de Segurança
A31: Pivô 27
A32: Pivô 28
A33: Pivô 29
A34: Pivô 30
A35: Pivô 31
A36: Pivô 32
A37: Pivô 33
A38: Pivô 34
A39: Pivô 35 | B39: Transformador | C39: Transformador
A40: Pivô 36
A41: Pivô 37 | G41: Cabo de Segurança
A42: Pivô 38
A43: Pivô 39
A44: Pivô 40
A45: Pivô 41
A46: Pivô 42
A47: Pivô 43
A48: Pivô 44
A49: Pivô 45
A50: Pivô 46
A51: Pivô 47
A52: Pivô 48
A53: Pivô 49
A54: Pivô 50
A55: Pivô 51 | G55: Painel da Bomba
A56: Pivô 52
A57: Pivô 53
A58: Pivô 54
A59: Pivô 55
A60: Pivô 56
A61: Pivô 73
A62: Pivô 74
A63: Pivô 101
A64: Pivô 102
A65: Pivô 103
A66: Pivô 104
A67: Pivô 105
... A76: Pivô 114
A77: Pivô 115 | B77: Painel da Bomba
A78: Pivô 116
A79: Pivô 117
A80: Pivô 118
A81: Pivô 119
A82: Pivô 120
A83: Pivô 121
A84: Pivô 122
A85: Pivô 123
A86: Pivô 124
A87: Pivô 125
A88: Pivô 126
A89: Pivô 127
... A93: Pivô 133

Sheet 21 03 2022
A1: Atendimento de Irrigação (Impacto - Problemas Elétricos) - Semana 21/03/2022
A3: Data | B3: 44641 | C3: =B3+1 -> 44642 | D3: =C3+1 -> 44643 | E3: =D3+1 -> 44644 | F3: =E3+1 -> 44645 | G3: =F3+1 -> 44646 | H3: =G3+1 -> 44647
A4: Pivô | B4: =TEXT(B3,"ddd") -> seg | C4: =TEXT(C3,"ddd") -> ter | D4: =TEXT(D3,"ddd") -> qua | E4: =TEXT(E3,"ddd") -> qui | F4: =TEXT(F3,"ddd") -> sex | G4: =TEXT(G3,"ddd") -> sáb | H4: =TEXT(H3,"ddd") -> dom | J4: Parâmetros | K4: Contagem | L4: Porcentagem | M4: Semana
A5: Pivô 01 | J5: Cabo Acionamento | K5: =COUNTIF($B$5:$H$93,J5) -> 0 | L5: =K5/$K$13 -> 0 | M5: 21/3-27/3
A6: Pivô 02 | J6: Transformador | K6: =COUNTIF($B$5:$H$93,J6) -> 0 | L6: =K6/$K$13 -> 0
A7: Pivô 03 | J7: Chave Aberta | K7: =COUNTIF($B$5:$H$93,J7) -> 0 | L7: =K7/$K$13 -> 0
A8: Pivô 04 | J8: Painel da Bomba | K8: =COUNTIF($B$5:$H$93,J8) -> 1 | L8: =K8/$K$13 -> 0.14285714
A9: Pivô 05 | J9: Painel do Pivô | K9: =COUNTIF($B$5:$H$93,J9) -> 2 | L9: =K9/$K$13 -> 0.28571429
A10: Pivô 06 | J10: Contactora | K10: =COUNTIF($B$5:$H$93,J10) -> 0 | L10: =K10/$K$13 -> 0
A11: Pivô 07 | J11: Caixa do Micro | K11: =COUNTIF($B$5:$H$93,J11) -> 0 | L11: =K11/$K$13 -> 0
A12: Pivô 08 | J12: Cabo de Segurança | K12: =COUNTIF($B$5:$H$93,J12) -> 4 | L12: =K12/$K$13 -> 0.57142857
A13: Pivô 09 | J13: Total | K13: =SUM(K5:K12) -> 7
A14: Pivô 10
A15: Pivô 11
A16: Pivô 12
A17: Pivô 13
A18: Pivô 14
A19: Pivô 15
A20: Pivô 16 | B20: Cabo de Segurança
A21: Pivô 17
A22: Pivô 18
A23: Pivô 19
A24: Pivô 20
A25: Pivô 21 | D25: Cabo de Segurança | G25: Cabo de Segurança
A26: Pivô 22
A27: Pivô 23
A28: Pivô 24
A29: Pivô 25
A30: Pivô 26
A31: Pivô 27 | C31: Painel do Pivô
A32: Pivô 28 | B32: Painel do Pivô
A33: Pivô 29
A34: Pivô 30
A35: Pivô 31 | B35: Painel da Bomba
A36: Pivô 32
A37: Pivô 33
A38: Pivô 34
A39: Pivô 35
A40: Pivô 36
A41: Pivô 37
A42: Pivô 38
A43: Pivô 39
A44: Pivô 40
A45: Pivô 41
A46: Pivô 42
A47: Pivô 43
... A49: Pivô 45
A50: Pivô 46 | C50: Cabo de Segurança
A51: Pivô 47
A52: Pivô 48
A53: Pivô 49
A54: Pivô 50
A55: Pivô 51
A56: Pivô 52
A57: Pivô 53
A58: Pivô 54
A59: Pivô 55
A60: Pivô 56
A61: Pivô 73
A62: Pivô 74
... A93: Pivô 133

Sheet 28 03 2022
A1: Atendimento de Irrigação (Impacto - Problemas Elétricos) - Semana 28/03/2022
A3: Data | B3: 44648 | C3: =B3+1 -> 44649 | D3: =C3+1 -> 44650 | E3: =D3+1 -> 44651 | F3: =E3+1 -> 44652 | G3: =F3+1 -> 44653 | H3: =G3+1 -> 44654
A4: Pivô | B4: =TEXT(B3,"ddd") -> seg | C4: =TEXT(C3,"ddd") -> ter | D4: =TEXT(D3,"ddd") -> qua | E4: =TEXT(E3,"ddd") -> qui | F4: =TEXT(F3,"ddd") -> sex | G4: =TEXT(G3,"ddd") -> sáb | H4: =TEXT(H3,"ddd") -> dom | J4: Parâmetros | K4: Contagem | L4: Porcentagem | M4: Semana
A5: Pivô 01 | J5: Cabo Acionamento | K5: =COUNTIF($B$5:$H$93,J5) -> 1 | L5: =K5/$K$13 -> 0.090909091 | M5: 28/3-3/4
A6: Pivô 02 | J6: Transformador | K6: =COUNTIF($B$5:$H$93,J6) -> 0 | L6: =K6/$K$13 -> 0
A7: Pivô 03 | J7: Chave Aberta | K7: =COUNTIF($B$5:$H$93,J7) -> 4 | L7: =K7/$K$13 -> 0.36363636
A8: Pivô 04 | J8: Painel da Bomba | K8: =COUNTIF($B$5:$H$93,J8) -> 0 | L8: =K8/$K$13 -> 0
A9: Pivô 05 | B9: Caixa do Micro | J9: Painel do Pivô | K9: =COUNTIF($B$5:$H$93,J9) -> 1 | L9: =K9/$K$13 -> 0.090909091
A10: Pivô 06 | F10: Painel do Pivô | G10: Caixa do Micro | J10: Contactora | K10: =COUNTIF($B$5:$H$93,J10) -> 1 | L10: =K10/$K$13 -> 0.090909091
A11: Pivô 07 | J11: Caixa do Micro | K11: =COUNTIF($B$5:$H$93,J11) -> 2 | L11: =K11/$K$13 -> 0.18181818
A12: Pivô 08 | J12: Cabo de Segurança | K12: =COUNTIF($B$5:$H$93,J12) -> 2 | L12: =K12/$K$13 -> 0.18181818
A13: Pivô 09 | J13: Total | K13: =SUM(K5:K12) -> 11
A14: Pivô 10
A15: Pivô 11
A16: Pivô 12
A17: Pivô 13
A18: Pivô 14
A19: Pivô 15
A20: Pivô 16
A21: Pivô 17 | B21: Contactora
A22: Pivô 18
A23: Pivô 19
A24: Pivô 20
A25: Pivô 21 | B25: Cabo de Segurança | E25: Cabo de Segurança
A26: Pivô 22
A27: Pivô 23
A28: Pivô 24
A29: Pivô 25
A30: Pivô 26
A31: Pivô 27
A32: Pivô 28
A33: Pivô 29
A34: Pivô 30
A35: Pivô 31
A36: Pivô 32
A37: Pivô 33
... A47: Pivô 43
A48: Pivô 44 | G48: Chave Aberta
A49: Pivô 45
A50: Pivô 46
A51: Pivô 47
A52: Pivô 48
A53: Pivô 49
A54: Pivô 50
A55: Pivô 51
A56: Pivô 52 | G56: Chave Aberta
A57: Pivô 53
A58: Pivô 54 | G58: Chave Aberta
A59: Pivô 55 | B59: Cabo Acionamento
A60: Pivô 56 | G60: Chave Aberta
A61: Pivô 73
A62: Pivô 74
A63: Pivô 101
A64: Pivô 102
A65: Pivô 103
A66: Pivô 104
A67: Pivô 105
A68: Pivô 106
A69: Pivô 107
A70: Pivô 108
A71: Pivô 109
A72: Pivô 110
... A93: Pivô 133

Sheet 04 04 2022
A1: Atendimento de Irrigação (Impacto - Problemas Elétricos) - Semana 04/04/2022
A3: Data | B3: 44655 | C3: =B3+1 -> 44656 | D3: =C3+1 -> 44657 | E3: =D3+1 -> 44658 | F3: =E3+1 -> 44659 | G3: =F3+1 -> 44660 | H3: =G3+1 -> 44661
A4: Pivô | B4: =TEXT(B3,"ddd") -> seg | C4: =TEXT(C3,"ddd") -> ter | D4: =TEXT(D3,"ddd") -> qua | E4: =TEXT(E3,"ddd") -> qui | F4: =TEXT(F3,"ddd") -> sex | G4: =TEXT(G3,"ddd") -> sáb | H4: =TEXT(H3,"ddd") -> dom | J4: Parâmetros | K4: Contagem | L4: Porcentagem | M4: Semana
A5: Pivô 01 | J5: Cabo Acionamento | K5: =COUNTIF($B$5:$H$93,J5) -> 0 | L5: =K5/$K$13 -> 0 | M5: 4/4-10/4
A6: Pivô 02 | J6: Transformador | K6: =COUNTIF($B$5:$H$93,J6) -> 0 | L6: =K6/$K$13 -> 0
A7: Pivô 03 | J7: Chave Aberta | K7: =COUNTIF($B$5:$H$93,J7) -> 0 | L7: =K7/$K$13 -> 0
A8: Pivô 04 | J8: Painel da Bomba | K8: =COUNTIF($B$5:$H$93,J8) -> 1 | L8: =K8/$K$13 -> 0.16666667
A9: Pivô 05 | J9: Painel do Pivô | K9: =COUNTIF($B$5:$H$93,J9) -> 2 | L9: =K9/$K$13 -> 0.33333333
A10: Pivô 06 | J10: Contactora | K10: =COUNTIF($B$5:$H$93,J10) -> 0 | L10: =K10/$K$13 -> 0
A11: Pivô 07 | J11: Caixa do Micro | K11: =COUNTIF($B$5:$H$93,J11) -> 0 | L11: =K11/$K$13 -> 0
A12: Pivô 08 | J12: Cabo de Segurança | K12: =COUNTIF($B$5:$H$93,J12) -> 3 | L12: =K12/$K$13 -> 0.5
A13: Pivô 09 | J13: Total | K13: =SUM(K5:K12) -> 6
A14: Pivô 10
A15: Pivô 11 | C15: Painel do Pivô
A16: Pivô 12
A17: Pivô 13
A18: Pivô 14
A19: Pivô 15
A20: Pivô 16
A21: Pivô 17 | H21: Painel do Pivô
A22: Pivô 18
A23: Pivô 19
A24: Pivô 20
A25: Pivô 21 | B25: Cabo de Segurança | F25: Cabo de Segurança | H25: Cabo de Segurança
A26: Pivô 22
A27: Pivô 23
A28: Pivô 24
A29: Pivô 25
A30: Pivô 26
A31: Pivô 27
A32: Pivô 28
A33: Pivô 29
A34: Pivô 30
A35: Pivô 31 | G35: Painel da Bomba
A36: Pivô 32
A37: Pivô 33
A38: Pivô 34
A39: Pivô 35
A40: Pivô 36
A41: Pivô 37
A42: Pivô 38
A43: Pivô 39
A44: Pivô 40
A45: Pivô 41
A46: Pivô 42
A47: Pivô 43
... A93: Pivô 133

Sheet 11 04 2022
A1: Atendimento de Irrigação (Impacto - Problemas Elétricos) - Semana 11/04/2022
A3: Data | B3: 44662 | C3: =B3+1 -> 44663 | D3: =C3+1 -> 44664 | E3: =D3+1 -> 44665 | F3: =E3+1 -> 44666 | G3: =F3+1 -> 44667 | H3: =G3+1 -> 44668
A4: Pivô | B4: =TEXT(B3,"ddd") -> seg | C4: =TEXT(C3,"ddd") -> ter | D4: =TEXT(D3,"ddd") -> qua | E4: =TEXT(E3,"ddd") -> qui | F4: =TEXT(F3,"ddd") -> sex | G4: =TEXT(G3,"ddd") -> sáb | H4: =TEXT(H3,"ddd") -> dom | J4: Parâmetros | K4: Contagem | L4: Porcentagem | M4: Semana
A5: Pivô 01 | F5: Caixa do Micro | H5: Caixa do Micro | J5: Cabo Acionamento | K5: =COUNTIF($B$5:$H$93,J5) -> 0 | L5: =K5/$K$13 -> 0 | M5: 11/4-17/4
A6: Pivô 02 | H6: Chave Aberta | J6: Transformador | K6: =COUNTIF($B$5:$H$93,J6) -> 0 | L6: =K6/$K$13 -> 0
A7: Pivô 03 | J7: Chave Aberta | K7: =COUNTIF($B$5:$H$93,J7) -> 13 | L7: =K7/$K$13 -> 0.61904762
A8: Pivô 04 | J8: Painel da Bomba | K8: =COUNTIF($B$5:$H$93,J8) -> 0 | L8: =K8/$K$13 -> 0
A9: Pivô 05 | H9: Chave Aberta | J9: Painel do Pivô | K9: =COUNTIF($B$5:$H$93,J9) -> 1 | L9: =K9/$K$13 -> 0.047619048
A10: Pivô 06 | H10: Chave Aberta | J10: Contactora | K10: =COUNTIF($B$5:$H$93,J10) -> 0 | L10: =K10/$K$13 -> 0
A11: Pivô 07 | J11: Caixa do Micro | K11: =COUNTIF($B$5:$H$93,J11) -> 5 | L11: =K11/$K$13 -> 0.23809524
A12: Pivô 08 | J12: Cabo de Segurança | K12: =COUNTIF($B$5:$H$93,J12) -> 2 | L12: =K12/$K$13 -> 0.095238095
A13: Pivô 09 | J13: Total | K13: =SUM(K5:K12) -> 21
A14: Pivô 10 | H14: Chave Aberta
A15: Pivô 11
A16: Pivô 12 | D16: Painel do Pivô
A17: Pivô 13
A18: Pivô 14
A19: Pivô 15
A20: Pivô 16 | H20: Chave Aberta
A21: Pivô 17
A22: Pivô 18 | H22: Chave Aberta
A23: Pivô 19
A24: Pivô 20 | H24: Chave Aberta
A25: Pivô 21
A26: Pivô 22 | H26: Chave Aberta
A27: Pivô 23
A28: Pivô 24 | H28: Chave Aberta
A29: Pivô 25
A30: Pivô 26 | H30: Chave Aberta
A31: Pivô 27
A32: Pivô 28
A33: Pivô 29 | H33: Chave Aberta
A34: Pivô 30
A35: Pivô 31
A36: Pivô 32 | H36: Chave Aberta
A37: Pivô 33 | H37: Chave Aberta
A38: Pivô 34
A39: Pivô 35
A40: Pivô 36
A41: Pivô 37
A42: Pivô 38
A43: Pivô 39
A44: Pivô 40
A45: Pivô 41
A46: Pivô 42
A47: Pivô 43
A48: Pivô 44
A49: Pivô 45
A50: Pivô 46 | G50: Cabo de Segurança | H50: Cabo de Segurança
A51: Pivô 47
A52: Pivô 48
A53: Pivô 49
A54: Pivô 50
A55: Pivô 51
A56: Pivô 52
A57: Pivô 53
A58: Pivô 54
A59: Pivô 55
A60: Pivô 56
A61: Pivô 73
A62: Pivô 74
... A73: Pivô 111
A74: Pivô 112 | C74: Caixa do Micro | D74: Caixa do Micro | E74: Caixa do Micro
A75: Pivô 113
A76: Pivô 114
A77: Pivô 115
A78: Pivô 116
A79: Pivô 117
A80: Pivô 118
A81: Pivô 119
A82: Pivô 120
A83: Pivô 121
A84: Pivô 122
A85: Pivô 123
A86: Pivô 124
... A93: Pivô 133

Sheet 18 04 2022
A1: Atendimento de Irrigação (Impacto - Problemas Elétricos) - Semana 04/04/2022
A3: Data | B3: 44669 | C3: =B3+1 -> 44670 | D3: =C3+1 -> 44671 | E3: =D3+1 -> 44672 | F3: =E3+1 -> 44673 | G3: =F3+1 -> 44674 | H3: =G3+1 -> 44675
A4: Pivô | B4: =TEXT(B3,"ddd") -> seg | C4: =TEXT(C3,"ddd") -> ter | D4: =TEXT(D3,"ddd") -> qua | E4: =TEXT(E3,"ddd") -> qui | F4: =TEXT(F3,"ddd") -> sex | G4: =TEXT(G3,"ddd") -> sáb | H4: =TEXT(H3,"ddd") -> dom | J4: Parâmetros | K4: Contagem | L4: Porcentagem | M4: Semana
A5: Pivô 01 | J5: Cabo Acionamento | K5: =COUNTIF($B$5:$H$93,J5) -> 0 | L5: =K5/$K$13 -> 0 | M5: 18/2-24/4
A6: Pivô 02 | J6: Transformador | K6: =COUNTIF($B$5:$H$93,J6) -> 1 | L6: =K6/$K$13 -> 0.125
A7: Pivô 03 | J7: Chave Aberta | K7: =COUNTIF($B$5:$H$93,J7) -> 0 | L7: =K7/$K$13 -> 0
A8: Pivô 04 | J8: Painel da Bomba | K8: =COUNTIF($B$5:$H$93,J8) -> 2 | L8: =K8/$K$13 -> 0.25
A9: Pivô 05 | F9: Caixa do Micro | G9: Caixa do Micro | H9: Caixa do Micro | J9: Painel do Pivô | K9: =COUNTIF($B$5:$H$93,J9) -> 1 | L9: =K9/$K$13 -> 0.125
A10: Pivô 06 | J10: Contactora | K10: =COUNTIF($B$5:$H$93,J10) -> 0 | L10: =K10/$K$13 -> 0
A11: Pivô 07 | J11: Caixa do Micro | K11: =COUNTIF($B$5:$H$93,J11) -> 4 | L11: =K11/$K$13 -> 0.5
A12: Pivô 08 | J12: Cabo de Segurança | K12: =COUNTIF($B$5:$H$93,J12) -> 0 | L12: =K12/$K$13 -> 0
A13: Pivô 09 | J13: Total | K13: =SUM(K5:K12) -> 8
A14: Pivô 10 | F14: Caixa do Micro
A15: Pivô 11
A16: Pivô 12
A17: Pivô 13
A18: Pivô 14
A19: Pivô 15
A20: Pivô 16
A21: Pivô 17
A22: Pivô 18
A23: Pivô 19
A24: Pivô 20
A25: Pivô 21 | H25: Painel do Pivô
A26: Pivô 22
A27: Pivô 23
A28: Pivô 24
A29: Pivô 25
A30: Pivô 26
A31: Pivô 27
A32: Pivô 28
A33: Pivô 29
A34: Pivô 30
A35: Pivô 31
A36: Pivô 32
A37: Pivô 33
... A44: Pivô 40
A45: Pivô 41 | C45: Painel da Bomba | D45: Painel da Bomba | E45: Transformador
A46: Pivô 42
A47: Pivô 43
A48: Pivô 44
A49: Pivô 45
A50: Pivô 46
A51: Pivô 47
A52: Pivô 48
A53: Pivô 49
A54: Pivô 50
A55: Pivô 51
A56: Pivô 52
A57: Pivô 53
... A93: Pivô 133

Sheet 25 04 2022
A1: Atendimento de Irrigação (Impacto - Problemas Elétricos) - Semana 25/04/2022
A3: Data | B3: 44676 | C3: =B3+1 -> 44677 | D3: =C3+1 -> 44678 | E3: =D3+1 -> 44679 | F3: =E3+1 -> 44680 | G3: =F3+1 -> 44681 | H3: =G3+1 -> 44682
A4: Pivô | B4: =TEXT(B3,"ddd") -> seg | C4: =TEXT(C3,"ddd") -> ter | D4: =TEXT(D3,"ddd") -> qua | E4: =TEXT(E3,"ddd") -> qui | F4: =TEXT(F3,"ddd") -> sex | G4: =TEXT(G3,"ddd") -> sáb | H4: =TEXT(H3,"ddd") -> dom | J4: Parâmetros | K4: Contagem | L4: Porcentagem | M4: Semana
A5: Pivô 01 | E5: Caixa do Micro | F5: Caixa do Micro | J5: Cabo Acionamento | K5: =COUNTIF($B$5:$H$93,J5) -> 0 | L5: =K5/$K$14 -> 0 | M5: 25/4-1/5
A6: Pivô 02 | J6: Transformador | K6: =COUNTIF($B$5:$H$93,J6) -> 0 | L6: =K6/$K$14 -> 0
A7: Pivô 03 | J7: Chave Aberta | K7: =COUNTIF($B$5:$H$93,J7) -> 0 | L7: =K7/$K$14 -> 0
A8: Pivô 04 | J8: Painel da Bomba | K8: =COUNTIF($B$5:$H$93,J8) -> 2 | L8: =K8/$K$14 -> 0.22222222
A9: Pivô 05 | J9: Painel do Pivô | K9: =COUNTIF($B$5:$H$93,J9) -> 2 | L9: =K9/$K$14 -> 0.22222222
A10: Pivô 06 | J10: Contactora | K10: =COUNTIF($B$5:$H$93,J10) -> 1 | L10: =K10/$K$14 -> 0.11111111
A11: Pivô 07 | J11: Caixa do Micro | K11: =COUNTIF($B$5:$H$93,J11) -> 2 | L11: =K11/$K$14 -> 0.22222222
A12: Pivô 08 | J12: Cabo de Segurança | K12: =COUNTIF($B$5:$H$93,J12) -> 0 | L12: =K12/$K$14 -> 0
A13: Pivô 09 | J13: Falta de Fase | K13: =COUNTIF($B$5:$H$93,J13) -> 2 | L13: =K13/$K$14 -> 0.22222222
A14: Pivô 10 | J14: Total | K14: =SUM(K5:K13) -> 9
A15: Pivô 11
A16: Pivô 12
A17: Pivô 13
A18: Pivô 14
A19: Pivô 15
A20: Pivô 16
A21: Pivô 17
A22: Pivô 18
A23: Pivô 19
A24: Pivô 20 | B24: Contactora
A25: Pivô 21 | C25: Painel do Pivô | H25: Painel da Bomba
A26: Pivô 22
A27: Pivô 23 | G27: Falta de Fase
A28: Pivô 24 | G28: Falta de Fase
A29: Pivô 25
A30: Pivô 26
A31: Pivô 27
A32: Pivô 28
A33: Pivô 29
A34: Pivô 30
A35: Pivô 31 | G35: Painel do Pivô
A36: Pivô 32
A37: Pivô 33
A38: Pivô 34 | G38: Painel da Bomba
A39: Pivô 35
A40: Pivô 36
A41: Pivô 37
A42: Pivô 38
A43: Pivô 39
A44: Pivô 40
A45: Pivô 41
A46: Pivô 42
A47: Pivô 43
A48: Pivô 44
A49: Pivô 45
A50: Pivô 46
... A93: Pivô 133

Sheet 02 05 2022
A1: Atendimento de Irrigação (Impacto - Problemas Elétricos) - Semana 02/05/2022
A3: Data | B3: 44683 | C3: =B3+1 -> 44684 | D3: =C3+1 -> 44685 | E3: =D3+1 -> 44686 | F3: =E3+1 -> 44687 | G3: =F3+1 -> 44688 | H3: =G3+1 -> 44689
A4: Pivô | B4: =TEXT(B3,"ddd") -> seg | C4: =TEXT(C3,"ddd") -> ter | D4: =TEXT(D3,"ddd") -> qua | E4: =TEXT(E3,"ddd") -> qui | F4: =TEXT(F3,"ddd") -> sex | G4: =TEXT(G3,"ddd") -> sáb | H4: =TEXT(H3,"ddd") -> dom | J4: Parâmetros | K4: Contagem | L4: Porcentagem | M4: Semana
A5: Pivô 01 | J5: Cabo Acionamento | K5: =COUNTIF($B$5:$H$93,J5) -> 0 | L5: =K5/$K$14 -> 0 | M5: 2/5-8/5
A6: Pivô 02 | J6: Transformador | K6: =COUNTIF($B$5:$H$93,J6) -> 0 | L6: =K6/$K$14 -> 0
A7: Pivô 03 | J7: Chave Aberta | K7: =COUNTIF($B$5:$H$93,J7) -> 0 | L7: =K7/$K$14 -> 0
A8: Pivô 04 | J8: Painel da Bomba | K8: =COUNTIF($B$5:$H$93,J8) -> 2 | L8: =K8/$K$14 -> 0.66666667
A9: Pivô 05 | J9: Painel do Pivô | K9: =COUNTIF($B$5:$H$93,J9) -> 1 | L9: =K9/$K$14 -> 0.33333333
A10: Pivô 06 | J10: Contactora | K10: =COUNTIF($B$5:$H$93,J10) -> 0 | L10: =K10/$K$14 -> 0
A11: Pivô 07 | J11: Caixa do Micro | K11: =COUNTIF($B$5:$H$93,J11) -> 0 | L11: =K11/$K$14 -> 0
A12: Pivô 08 | J12: Cabo de Segurança | K12: =COUNTIF($B$5:$H$93,J12) -> 0 | L12: =K12/$K$14 -> 0
A13: Pivô 09 | J13: Falta de Fase | K13: =COUNTIF($B$5:$H$93,J13) -> 0 | L13: =K13/$K$14 -> 0
A14: Pivô 10 | J14: Total | K14: =SUM(K5:K12) -> 3
A15: Pivô 11
A16: Pivô 12
A17: Pivô 13
A18: Pivô 14
A19: Pivô 15
A20: Pivô 16
A21: Pivô 17
A22: Pivô 18
A23: Pivô 19
A24: Pivô 20
A25: Pivô 21 | E25: Painel da Bomba | G25: Painel da Bomba
A26: Pivô 22
A27: Pivô 23
A28: Pivô 24
A29: Pivô 25
A30: Pivô 26
A31: Pivô 27
A32: Pivô 28
A33: Pivô 29
A34: Pivô 30
A35: Pivô 31
A36: Pivô 32
A37: Pivô 33
... A51: Pivô 47
A52: Pivô 48 | C52: Painel do Pivô
A53: Pivô 49
A54: Pivô 50
A55: Pivô 51
A56: Pivô 52
A57: Pivô 53
A58: Pivô 54
A59: Pivô 55
A60: Pivô 56
A61: Pivô 73
A62: Pivô 74
A63: Pivô 101
A64: Pivô 102
... A93: Pivô 133

Sheet 09 05 2022
A1: Atendimento de Irrigação (Impacto - Problemas Elétricos) - Semana 09/05/2022
A3: Data | B3: 44690 | C3: =B3+1 -> 44691 | D3: =C3+1 -> 44692 | E3: =D3+1 -> 44693 | F3: =E3+1 -> 44694 | G3: =F3+1 -> 44695 | H3: =G3+1 -> 44696
A4: Pivô | B4: =TEXT(B3,"ddd") -> seg | C4: =TEXT(C3,"ddd") -> ter | D4: =TEXT(D3,"ddd") -> qua | E4: =TEXT(E3,"ddd") -> qui | F4: =TEXT(F3,"ddd") -> sex | G4: =TEXT(G3,"ddd") -> sáb | H4: =TEXT(H3,"ddd") -> dom | J4: Parâmetros | K4: Contagem | L4: Porcentagem | M4: Semana
A5: Pivô 01 | J5: Cabo Acionamento | K5: =COUNTIF($B$5:$H$93,J5) -> 0 | L5: =K5/$K$14 -> 0 | M5: 9/5-15/5
A6: Pivô 02 | J6: Transformador | K6: =COUNTIF($B$5:$H$93,J6) -> 0 | L6: =K6/$K$14 -> 0
A7: Pivô 03 | J7: Chave Aberta | K7: =COUNTIF($B$5:$H$93,J7) -> 1 | L7: =K7/$K$14 -> 0.33333333
A8: Pivô 04 | J8: Painel da Bomba | K8: =COUNTIF($B$5:$H$93,J8) -> 2 | L8: =K8/$K$14 -> 0.66666667
A9: Pivô 05 | J9: Painel do Pivô | K9: =COUNTIF($B$5:$H$93,J9) -> 0 | L9: =K9/$K$14 -> 0
A10: Pivô 06 | J10: Contactora | K10: =COUNTIF($B$5:$H$93,J10) -> 0 | L10: =K10/$K$14 -> 0
A11: Pivô 07 | J11: Caixa do Micro | K11: =COUNTIF($B$5:$H$93,J11) -> 0 | L11: =K11/$K$14 -> 0
A12: Pivô 08 | J12: Cabo de Segurança | K12: =COUNTIF($B$5:$H$93,J12) -> 0 | L12: =K12/$K$14 -> 0
A13: Pivô 09 | J13: Falta de Fase | K13: =COUNTIF($B$5:$H$93,J13) -> 0 | L13: =K13/$K$14 -> 0
A14: Pivô 10 | J14: Total | K14: =SUM(K5:K12) -> 3
A15: Pivô 11
A16: Pivô 12
A17: Pivô 13
A18: Pivô 14
A19: Pivô 15
A20: Pivô 16
A21: Pivô 17
A22: Pivô 18 | J22: Dashboard Indicadores'!A1
A23: Pivô 19
A24: Pivô 20
A25: Pivô 21 | B25: Painel da Bomba | E25: Painel da Bomba
A26: Pivô 22
A27: Pivô 23
A28: Pivô 24
A29: Pivô 25
A30: Pivô 26
A31: Pivô 27
A32: Pivô 28
A33: Pivô 29
A34: Pivô 30
A35: Pivô 31
A36: Pivô 32
A37: Pivô 33
... A53: Pivô 49
A54: Pivô 50 | D54: Chave Aberta
A55: Pivô 51
A56: Pivô 52
A57: Pivô 53
A58: Pivô 54
A59: Pivô 55
A60: Pivô 56
A61: Pivô 73
A62: Pivô 74
A63: Pivô 101
A64: Pivô 102
A65: Pivô 103
A66: Pivô 104
... A93: Pivô 133

Sheet 16 05 2022
A1: Atendimento de Irrigação (Impacto - Problemas Elétricos) - Semana 16/05/2022
A3: Data | B3: 44697 | C3: =B3+1 -> 44698 | D3: =C3+1 -> 44699 | E3: =D3+1 -> 44700 | F3: =E3+1 -> 44701 | G3: =F3+1 -> 44702 | H3: =G3+1 -> 44703
A4: Pivô | B4: =TEXT(B3,"ddd") -> seg | C4: =TEXT(C3,"ddd") -> ter | D4: =TEXT(D3,"ddd") -> qua | E4: =TEXT(E3,"ddd") -> qui | F4: =TEXT(F3,"ddd") -> sex | G4: =TEXT(G3,"ddd") -> sáb | H4: =TEXT(H3,"ddd") -> dom | J4: Parâmetros | K4: Contagem | L4: Porcentagem | M4: Semana
A5: Pivô 01 | J5: Cabo Acionamento | K5: =COUNTIF($B$5:$H$93,J5) -> 0 | L5: =K5/$K$14 -> 0 | M5: 16/5-22/5
A6: Pivô 02 | J6: Transformador | K6: =COUNTIF($B$5:$H$93,J6) -> 0 | L6: =K6/$K$14 -> 0
A7: Pivô 03 | J7: Chave Aberta | K7: =COUNTIF($B$5:$H$93,J7) -> 0 | L7: =K7/$K$14 -> 0
A8: Pivô 04 | J8: Painel da Bomba | K8: =COUNTIF($B$5:$H$93,J8) -> 3 | L8: =K8/$K$14 -> 0.375
A9: Pivô 05 | J9: Painel do Pivô | K9: =COUNTIF($B$5:$H$93,J9) -> 0 | L9: =K9/$K$14 -> 0
A10: Pivô 06 | J10: Contactora | K10: =COUNTIF($B$5:$H$93,J10) -> 5 | L10: =K10/$K$14 -> 0.625
A11: Pivô 07 | J11: Caixa do Micro | K11: =COUNTIF($B$5:$H$93,J11) -> 0 | L11: =K11/$K$14 -> 0
A12: Pivô 08 | J12: Cabo de Segurança | K12: =COUNTIF($B$5:$H$93,J12) -> 0 | L12: =K12/$K$14 -> 0
A13: Pivô 09 | J13: Falta de Fase | K13: =COUNTIF($B$5:$H$93,J13) -> 0 | L13: =K13/$K$14 -> 0
A14: Pivô 10 | J14: Total | K14: =SUM(K5:K12) -> 8
A15: Pivô 11
A16: Pivô 12
A17: Pivô 13 | H17: Contactora
A18: Pivô 14
A19: Pivô 15
A20: Pivô 16
A21: Pivô 17 | H21: Contactora
A22: Pivô 18
A23: Pivô 19
A24: Pivô 20
A25: Pivô 21 | D25: Contactora
A26: Pivô 22
A27: Pivô 23
A28: Pivô 24
A29: Pivô 25
A30: Pivô 26
A31: Pivô 27
A32: Pivô 28
A33: Pivô 29
A34: Pivô 30
A35: Pivô 31 | D35: Contactora | E35: Contactora
A36: Pivô 32
A37: Pivô 33
A38: Pivô 34
A39: Pivô 35
A40: Pivô 36
A41: Pivô 37
A42: Pivô 38 | H42: Painel da Bomba
A43: Pivô 39
A44: Pivô 40
A45: Pivô 41
A46: Pivô 42
A47: Pivô 43
A48: Pivô 44
A49: Pivô 45
A50: Pivô 46
A51: Pivô 47
A52: Pivô 48
A53: Pivô 49
A54: Pivô 50
... A60: Pivô 56
A61: Pivô 73 | F61: Painel da Bomba
A62: Pivô 74 | G62: Painel da Bomba
A63: Pivô 101
A64: Pivô 102
A65: Pivô 103
A66: Pivô 104
A67: Pivô 105
A68: Pivô 106
A69: Pivô 107
A70: Pivô 108
A71: Pivô 109
A72: Pivô 110
A73: Pivô 111
A74: Pivô 112
... A93: Pivô 133

Sheet 23 05 2022 
A1: Atendimento de Irrigação (Impacto - Problemas Elétricos) - Semana 23/05/2022
A3: Data | B3: 44704 | C3: =B3+1 -> 44705 | D3: =C3+1 -> 44706 | E3: =D3+1 -> 44707 | F3: =E3+1 -> 44708 | G3: =F3+1 -> 44709 | H3: =G3+1 -> 44710
A4: Pivô | B4: =TEXT(B3,"ddd") -> seg | C4: =TEXT(C3,"ddd") -> ter | D4: =TEXT(D3,"ddd") -> qua | E4: =TEXT(E3,"ddd") -> qui | F4: =TEXT(F3,"ddd") -> sex | G4: =TEXT(G3,"ddd") -> sáb | H4: =TEXT(H3,"ddd") -> dom | J4: Parâmetros | K4: Contagem | L4: Porcentagem | M4: Semana
A5: Pivô 01 | J5: Cabo Acionamento | K5: =COUNTIF($B$5:$H$93,J5) -> 0 | L5: =K5/$K$14 -> 0 | M5: 23/5-29/5
A6: Pivô 02 | B6: Contactora | C6: Contactora | J6: Transformador | K6: =COUNTIF($B$5:$H$93,J6) -> 0 | L6: =K6/$K$14 -> 0
A7: Pivô 03 | J7: Chave Aberta | K7: =COUNTIF($B$5:$H$93,J7) -> 0 | L7: =K7/$K$14 -> 0
A8: Pivô 04 | J8: Painel da Bomba | K8: =COUNTIF($B$5:$H$93,J8) -> 0 | L8: =K8/$K$14 -> 0
A9: Pivô 05 | J9: Painel do Pivô | K9: =COUNTIF($B$5:$H$93,J9) -> 0 | L9: =K9/$K$14 -> 0
A10: Pivô 06 | J10: Contactora | K10: =COUNTIF($B$5:$H$93,J10) -> 3 | L10: =K10/$K$14 -> 0.75
A11: Pivô 07 | J11: Caixa do Micro | K11: =COUNTIF($B$5:$H$93,J11) -> 0 | L11: =K11/$K$14 -> 0
A12: Pivô 08 | J12: Cabo de Segurança | K12: =COUNTIF($B$5:$H$93,J12) -> 1 | L12: =K12/$K$14 -> 0.25
A13: Pivô 09 | J13: Falta de Fase | K13: =COUNTIF($B$5:$H$93,J13) -> 0 | L13: =K13/$K$14 -> 0
A14: Pivô 10 | J14: Total | K14: =SUM(K5:K12) -> 4
A15: Pivô 11
A16: Pivô 12
A17: Pivô 13 | B17: Contactora
A18: Pivô 14
A19: Pivô 15
A20: Pivô 16
A21: Pivô 17
A22: Pivô 18
A23: Pivô 19
A24: Pivô 20
A25: Pivô 21
A26: Pivô 22
A27: Pivô 23
A28: Pivô 24
A29: Pivô 25
... A42: Pivô 38
A43: Pivô 39 | H43: Cabo de Segurança
A44: Pivô 40
A45: Pivô 41
A46: Pivô 42
A47: Pivô 43
A48: Pivô 44
A49: Pivô 45
A50: Pivô 46
A51: Pivô 47
A52: Pivô 48
A53: Pivô 49
A54: Pivô 50
A55: Pivô 51
... A93: Pivô 133

Sheet 06 06 2022 
A1: Atendimento de Irrigação (Impacto - Problemas Elétricos) - Semana 06/06/2022
A3: Data | B3: 44718 | C3: =B3+1 -> 44719 | D3: =C3+1 -> 44720 | E3: =D3+1 -> 44721 | F3: =E3+1 -> 44722 | G3: =F3+1 -> 44723 | H3: =G3+1 -> 44724
A4: Pivô | B4: =TEXT(B3,"ddd") -> seg | C4: =TEXT(C3,"ddd") -> ter | D4: =TEXT(D3,"ddd") -> qua | E4: =TEXT(E3,"ddd") -> qui | F4: =TEXT(F3,"ddd") -> sex | G4: =TEXT(G3,"ddd") -> sáb | H4: =TEXT(H3,"ddd") -> dom | J4: Parâmetros | K4: Contagem | L4: Porcentagem | M4: Semana
A5: Pivô 01 | J5: Cabo Acionamento | K5: =COUNTIF($B$5:$H$93,J5) -> 0 | L5: =K5/$K$14 -> 0 | M5: 6/6-12/6
A6: Pivô 02 | J6: Transformador | K6: =COUNTIF($B$5:$H$93,J6) -> 0 | L6: =K6/$K$14 -> 0
A7: Pivô 03 | J7: Chave Aberta | K7: =COUNTIF($B$5:$H$93,J7) -> 0 | L7: =K7/$K$14 -> 0
A8: Pivô 04 | J8: Painel da Bomba | K8: =COUNTIF($B$5:$H$93,J8) -> 1 | L8: =K8/$K$14 -> 0.25
A9: Pivô 05 | J9: Painel do Pivô | K9: =COUNTIF($B$5:$H$93,J9) -> 1 | L9: =K9/$K$14 -> 0.25
A10: Pivô 06 | J10: Contactora | K10: =COUNTIF($B$5:$H$93,J10) -> 2 | L10: =K10/$K$14 -> 0.5
A11: Pivô 07 | J11: Caixa do Micro | K11: =COUNTIF($B$5:$H$93,J11) -> 0 | L11: =K11/$K$14 -> 0
A12: Pivô 08 | J12: Cabo de Segurança | K12: =COUNTIF($B$5:$H$93,J12) -> 0 | L12: =K12/$K$14 -> 0
A13: Pivô 09 | J13: Falta de Fase | K13: =COUNTIF($B$5:$H$93,J13) -> 0 | L13: =K13/$K$14 -> 0
A14: Pivô 10 | J14: Total | K14: =SUM(K5:K12) -> 4
A15: Pivô 11
A16: Pivô 12
A17: Pivô 13
A18: Pivô 14
A19: Pivô 15 | C19: Contactora
A20: Pivô 16
A21: Pivô 17
A22: Pivô 18
A23: Pivô 19
A24: Pivô 20
A25: Pivô 21 | D25: Painel da Bomba
A26: Pivô 22
A27: Pivô 23
A28: Pivô 24
A29: Pivô 25
A30: Pivô 26
A31: Pivô 27
A32: Pivô 28
A33: Pivô 29
A34: Pivô 30
A35: Pivô 31
A36: Pivô 32
A37: Pivô 33
A38: Pivô 34 | D38: Contactora
A39: Pivô 35
A40: Pivô 36
A41: Pivô 37
A42: Pivô 38
A43: Pivô 39
A44: Pivô 40
A45: Pivô 41
A46: Pivô 42
A47: Pivô 43
A48: Pivô 44
A49: Pivô 45
A50: Pivô 46
... A52: Pivô 48
A53: Pivô 49 | C53: Painel do Pivô
A54: Pivô 50
A55: Pivô 51
A56: Pivô 52
A57: Pivô 53
A58: Pivô 54
A59: Pivô 55
A60: Pivô 56
A61: Pivô 73
A62: Pivô 74
A63: Pivô 101
A64: Pivô 102
A65: Pivô 103
... A93: Pivô 133

Sheet 13 06 2022  
A1: Atendimento de Irrigação (Impacto - Problemas Elétricos) - Semana 13/06/2022
A3: Data | B3: 44725 | C3: =B3+1 -> 44726 | D3: =C3+1 -> 44727 | E3: =D3+1 -> 44728 | F3: =E3+1 -> 44729 | G3: =F3+1 -> 44730 | H3: =G3+1 -> 44731
A4: Pivô | B4: =TEXT(B3,"ddd") -> seg | C4: =TEXT(C3,"ddd") -> ter | D4: =TEXT(D3,"ddd") -> qua | E4: =TEXT(E3,"ddd") -> qui | F4: =TEXT(F3,"ddd") -> sex | G4: =TEXT(G3,"ddd") -> sáb | H4: =TEXT(H3,"ddd") -> dom | J4: Parâmetros | K4: Contagem | L4: Porcentagem | M4: Semana
A5: Pivô 01 | H5: Transformador | J5: Cabo Acionamento | K5: =COUNTIF($B$5:$H$93,J5) -> 0 | L5: =K5/$K$14 -> 0 | M5: 13/6-19/6
A6: Pivô 02 | J6: Transformador | K6: =COUNTIF($B$5:$H$93,J6) -> 5 | L6: =K6/$K$14 -> 0.38461538
A7: Pivô 03 | J7: Chave Aberta | K7: =COUNTIF($B$5:$H$93,J7) -> 1 | L7: =K7/$K$14 -> 0.076923077
A8: Pivô 04 | J8: Painel da Bomba | K8: =COUNTIF($B$5:$H$93,J8) -> 1 | L8: =K8/$K$14 -> 0.076923077
A9: Pivô 05 | J9: Painel do Pivô | K9: =COUNTIF($B$5:$H$93,J9) -> 2 | L9: =K9/$K$14 -> 0.15384615
A10: Pivô 06 | J10: Contactora | K10: =COUNTIF($B$5:$H$93,J10) -> 0 | L10: =K10/$K$14 -> 0
A11: Pivô 07 | H11: Transformador | J11: Caixa do Micro | K11: =COUNTIF($B$5:$H$93,J11) -> 1 | L11: =K11/$K$14 -> 0.076923077
A12: Pivô 08 | J12: Cabo de Segurança | K12: =COUNTIF($B$5:$H$93,J12) -> 3 | L12: =K12/$K$14 -> 0.23076923
A13: Pivô 09 | J13: Falta de Fase | K13: =COUNTIF($B$5:$H$93,J13) -> 0 | L13: =K13/$K$14 -> 0
A14: Pivô 10 | J14: Total | K14: =SUM(K5:K12) -> 13
A15: Pivô 11
A16: Pivô 12
A17: Pivô 13
A18: Pivô 14
A19: Pivô 15
A20: Pivô 16
A21: Pivô 17 | H21: Caixa do Micro
A22: Pivô 18
A23: Pivô 19
A24: Pivô 20
A25: Pivô 21 | H25: Transformador
A26: Pivô 22
A27: Pivô 23
A28: Pivô 24 | C28: Painel da Bomba
A29: Pivô 25
A30: Pivô 26
A31: Pivô 27
A32: Pivô 28
A33: Pivô 29
A34: Pivô 30
A35: Pivô 31
A36: Pivô 32 | H36: Transformador
A37: Pivô 33
A38: Pivô 34
A39: Pivô 35
A40: Pivô 36
A41: Pivô 37
A42: Pivô 38 | H42: Transformador
A43: Pivô 39 | C43: Cabo de Segurança
A44: Pivô 40
A45: Pivô 41
A46: Pivô 42
A47: Pivô 43
A48: Pivô 44
A49: Pivô 45
A50: Pivô 46
A51: Pivô 47
A52: Pivô 48
A53: Pivô 49 | C53: Cabo de Segurança | H53: Painel do Pivô
A54: Pivô 50
A55: Pivô 51
A56: Pivô 52
A57: Pivô 53
A58: Pivô 54
A59: Pivô 55
A60: Pivô 56
A61: Pivô 73 | C61: Cabo de Segurança
A62: Pivô 74
A63: Pivô 101
A64: Pivô 102
A65: Pivô 103
A66: Pivô 104
A67: Pivô 105
A68: Pivô 106
A69: Pivô 107
A70: Pivô 108
A71: Pivô 109
A72: Pivô 110
A73: Pivô 111
... A83: Pivô 121
A84: Pivô 122 | E84: Painel do Pivô
A85: Pivô 123
A86: Pivô 124
A87: Pivô 125
A88: Pivô 126
A89: Pivô 127
A90: Pivô 128
A91: Pivô 129
A92: Pivô 130
A93: Pivô 133 | G93: Chave Aberta

Sheet 20 06 2022  
A1: Atendimento de Irrigação (Impacto - Problemas Elétricos) - Semana 20/06/2022
A3: Data | B3: 44732 | C3: =B3+1 -> 44733 | D3: =C3+1 -> 44734 | E3: =D3+1 -> 44735 | F3: =E3+1 -> 44736 | G3: =F3+1 -> 44737 | H3: =G3+1 -> 44738
A4: Pivô | B4: =TEXT(B3,"ddd") -> seg | C4: =TEXT(C3,"ddd") -> ter | D4: =TEXT(D3,"ddd") -> qua | E4: =TEXT(E3,"ddd") -> qui | F4: =TEXT(F3,"ddd") -> sex | G4: =TEXT(G3,"ddd") -> sáb | H4: =TEXT(H3,"ddd") -> dom | J4: Parâmetros | K4: Contagem | L4: Porcentagem | M4: Semana
A5: Pivô 01 | J5: Cabo Acionamento | K5: =COUNTIF($B$5:$H$93,J5) -> 0 | L5: =K5/$K$14 -> 0 | M5: 20/6-26/6
A6: Pivô 02 | J6: Transformador | K6: =COUNTIF($B$5:$H$93,J6) -> 0 | L6: =K6/$K$14 -> 0
A7: Pivô 03 | J7: Chave Aberta | K7: =COUNTIF($B$5:$H$93,J7) -> 1 | L7: =K7/$K$14 -> 1
A8: Pivô 04 | J8: Painel da Bomba | K8: =COUNTIF($B$5:$H$93,J8) -> 0 | L8: =K8/$K$14 -> 0
A9: Pivô 05 | J9: Painel do Pivô | K9: =COUNTIF($B$5:$H$93,J9) -> 0 | L9: =K9/$K$14 -> 0
A10: Pivô 06 | J10: Contactora | K10: =COUNTIF($B$5:$H$93,J10) -> 0 | L10: =K10/$K$14 -> 0
A11: Pivô 07 | J11: Caixa do Micro | K11: =COUNTIF($B$5:$H$93,J11) -> 0 | L11: =K11/$K$14 -> 0
A12: Pivô 08 | J12: Cabo de Segurança | K12: =COUNTIF($B$5:$H$93,J12) -> 0 | L12: =K12/$K$14 -> 0
A13: Pivô 09 | J13: Falta de Fase | K13: =COUNTIF($B$5:$H$93,J13) -> 0 | L13: =K13/$K$14 -> 0
A14: Pivô 10 | J14: Total | K14: =SUM(K5:K12) -> 1
A15: Pivô 11
A16: Pivô 12
A17: Pivô 13
A18: Pivô 14
A19: Pivô 15
A20: Pivô 16
A21: Pivô 17 | H21: Chave Aberta
A22: Pivô 18
A23: Pivô 19
A24: Pivô 20
A25: Pivô 21
A26: Pivô 22
A27: Pivô 23
A28: Pivô 24
A29: Pivô 25
A30: Pivô 26
A31: Pivô 27
A32: Pivô 28
A33: Pivô 29
... A93: Pivô 133

Sheet 27 06 2022  
A1: Atendimento de Irrigação (Impacto - Problemas Elétricos) - Semana 27/06/2022
A3: Data | B3: 44739 | C3: =B3+1 -> 44740 | D3: =C3+1 -> 44741 | E3: =D3+1 -> 44742 | F3: =E3+1 -> 44743 | G3: =F3+1 -> 44744 | H3: =G3+1 -> 44745
A4: Pivô | B4: =TEXT(B3,"ddd") -> seg | C4: =TEXT(C3,"ddd") -> ter | D4: =TEXT(D3,"ddd") -> qua | E4: =TEXT(E3,"ddd") -> qui | F4: =TEXT(F3,"ddd") -> sex | G4: =TEXT(G3,"ddd") -> sáb | H4: =TEXT(H3,"ddd") -> dom | J4: Parâmetros | K4: Contagem | L4: Porcentagem | M4: Semana
A5: Pivô 01 | J5: Cabo Acionamento | K5: =COUNTIF($B$5:$H$93,J5) -> 0 | L5: =K5/$K$15 -> 0 | M5: 44746
A6: Pivô 02 | J6: Transformador | K6: =COUNTIF($B$5:$H$93,J6) -> 1 | L6: =K6/$K$15 -> 0.16666667
A7: Pivô 03 | F7: Caixa do Micro | G7: Chave Aberta | J7: Chave Aberta | K7: =COUNTIF($B$5:$H$93,J7) -> 2 | L7: =K7/$K$15 -> 0.33333333
A8: Pivô 04 | H8: Chave Aberta | J8: Painel da Bomba | K8: =COUNTIF($B$5:$H$93,J8) -> 0 | L8: =K8/$K$15 -> 0
A9: Pivô 05 | J9: Painel do Pivô | K9: =COUNTIF($B$5:$H$93,J9) -> 0 | L9: =K9/$K$15 -> 0
A10: Pivô 06 | G10: Transformador | J10: Contactora | K10: =COUNTIF($B$5:$H$93,J10) -> 0 | L10: =K10/$K$15 -> 0
A11: Pivô 07 | J11: Caixa do Micro | K11: =COUNTIF($B$5:$H$93,J11) -> 1 | L11: =K11/$K$15 -> 0.16666667
A12: Pivô 08 | J12: Cabo de Segurança | K12: =COUNTIF($B$5:$H$93,J12) -> 2 | L12: =K12/$K$15 -> 0.33333333
A13: Pivô 09 | J13: Falta de Fase | K13: =COUNTIF($B$5:$H$93,J13) -> 0 | L13: =K13/$K$15 -> 0
A14: Pivô 10 | J14: Inversor de Frequência | K14: =COUNTIF($B$5:$H$93,J14) -> 0 | L14: =K14/$K$15 -> 0
A15: Pivô 11 | J15: Total | K15: =SUM(K5:K12) -> 6
A16: Pivô 12
A17: Pivô 13
A18: Pivô 14
A19: Pivô 15 | I19: Dashboard Indicadores'!A1
A20: Pivô 16
A21: Pivô 17
A22: Pivô 18
A23: Pivô 19
A24: Pivô 20
A25: Pivô 21
A26: Pivô 22
A27: Pivô 23
A28: Pivô 24
A29: Pivô 25
A30: Pivô 26
A31: Pivô 27
... A42: Pivô 38
A43: Pivô 39 | G43: Cabo de Segurança
A44: Pivô 40
A45: Pivô 41
A46: Pivô 42
A47: Pivô 43
A48: Pivô 44
A49: Pivô 45
A50: Pivô 46
A51: Pivô 47
A52: Pivô 48
A53: Pivô 49
A54: Pivô 50
A55: Pivô 51
... A60: Pivô 56
A61: Pivô 73 | E61: Cabo de Segurança
A62: Pivô 74
A63: Pivô 101
A64: Pivô 102
A65: Pivô 103
A66: Pivô 104
A67: Pivô 105
A68: Pivô 106
A69: Pivô 107
A70: Pivô 108
A71: Pivô 109
A72: Pivô 110
A73: Pivô 111
... A93: Pivô 133

Sheet 04 07 2022
A1: Atendimento de Irrigação (Impacto - Problemas Elétricos) - Semana 04/07/2022
A3: Data | B3: 44746 | C3: =B3+1 -> 44747 | D3: =C3+1 -> 44748 | E3: =D3+1 -> 44749 | F3: =E3+1 -> 44750 | G3: =F3+1 -> 44751 | H3: =G3+1 -> 44752
A4: Pivô | B4: =TEXT(B3,"ddd") -> seg | C4: =TEXT(C3,"ddd") -> ter | D4: =TEXT(D3,"ddd") -> qua | E4: =TEXT(E3,"ddd") -> qui | F4: =TEXT(F3,"ddd") -> sex | G4: =TEXT(G3,"ddd") -> sáb | H4: =TEXT(H3,"ddd") -> dom | J4: Parâmetros | K4: Contagem | L4: Porcentagem | M4: Semana
A5: Pivô 01 | J5: Cabo Acionamento | K5: =COUNTIF($B$5:$H$93,J5) -> 0 | L5: =K5/$K$15 -> 0 | M5: 44746
A6: Pivô 02 | J6: Transformador | K6: =COUNTIF($B$5:$H$93,J6) -> 0 | L6: =K6/$K$15 -> 0
A7: Pivô 03 | J7: Chave Aberta | K7: =COUNTIF($B$5:$H$93,J7) -> 0 | L7: =K7/$K$15 -> 0
A8: Pivô 04 | J8: Painel da Bomba | K8: =COUNTIF($B$5:$H$93,J8) -> 0 | L8: =K8/$K$15 -> 0
A9: Pivô 05 | J9: Painel do Pivô | K9: =COUNTIF($B$5:$H$93,J9) -> 0 | L9: =K9/$K$15 -> 0
A10: Pivô 06 | J10: Contactora | K10: =COUNTIF($B$5:$H$93,J10) -> 0 | L10: =K10/$K$15 -> 0
A11: Pivô 07 | J11: Caixa do Micro | K11: =COUNTIF($B$5:$H$93,J11) -> 1 | L11: =K11/$K$15 -> 0.33333333
A12: Pivô 08 | J12: Cabo de Segurança | K12: =COUNTIF($B$5:$H$93,J12) -> 1 | L12: =K12/$K$15 -> 0.33333333
A13: Pivô 09 | J13: Falta de Fase | K13: =COUNTIF($B$5:$H$93,J13) -> 0 | L13: =K13/$K$15 -> 0
A14: Pivô 10 | J14: Inversor de Frequência | K14: =COUNTIF($B$5:$H$93,J14) -> 1 | L14: =K14/$K$15 -> 0.33333333
A15: Pivô 11 | J15: Total | K15: =SUM(K5:K14) -> 3
A16: Pivô 12
A17: Pivô 13
A18: Pivô 14
A19: Pivô 15
A20: Pivô 16
A21: Pivô 17
A22: Pivô 18
A23: Pivô 19 | C23: Inversor de Frequência
A24: Pivô 20
A25: Pivô 21
A26: Pivô 22
A27: Pivô 23
A28: Pivô 24
A29: Pivô 25
A30: Pivô 26
A31: Pivô 27
A32: Pivô 28
A33: Pivô 29
A34: Pivô 30
A35: Pivô 31
... A60: Pivô 56
A61: Pivô 73 | F61: Cabo de Segurança
A62: Pivô 74 | D62: Caixa do Micro
A63: Pivô 101
A64: Pivô 102
A65: Pivô 103
A66: Pivô 104
A67: Pivô 105
A68: Pivô 106
A69: Pivô 107
A70: Pivô 108
A71: Pivô 109
A72: Pivô 110
A73: Pivô 111
A74: Pivô 112
... A93: Pivô 133

Sheet 11 07 2022 
A1: Atendimento de Irrigação (Impacto - Problemas Elétricos) - Semana 11/07/2022
A3: Data | B3: 44753 | C3: =B3+1 -> 44754 | D3: =C3+1 -> 44755 | E3: =D3+1 -> 44756 | F3: =E3+1 -> 44757 | G3: =F3+1 -> 44758 | H3: =G3+1 -> 44759
A4: Pivô | B4: =TEXT(B3,"ddd") -> seg | C4: =TEXT(C3,"ddd") -> ter | D4: =TEXT(D3,"ddd") -> qua | E4: =TEXT(E3,"ddd") -> qui | F4: =TEXT(F3,"ddd") -> sex | G4: =TEXT(G3,"ddd") -> sáb | H4: =TEXT(H3,"ddd") -> dom | J4: Parâmetros | K4: Contagem | L4: Porcentagem | M4: Semana
A5: Pivô 01 | J5: Cabo Acionamento | K5: =COUNTIF($B$5:$H$93,J5) -> 2 | L5: =K5/$K$15 -> 0.28571429 | M5: =B3 -> 44753
A6: Pivô 02 | J6: Transformador | K6: =COUNTIF($B$5:$H$93,J6) -> 0 | L6: =K6/$K$15 -> 0
A7: Pivô 03 | J7: Chave Aberta | K7: =COUNTIF($B$5:$H$93,J7) -> 0 | L7: =K7/$K$15 -> 0
A8: Pivô 04 | J8: Painel da Bomba | K8: =COUNTIF($B$5:$H$93,J8) -> 0 | L8: =K8/$K$15 -> 0
A9: Pivô 05 | J9: Painel do Pivô | K9: =COUNTIF($B$5:$H$93,J9) -> 0 | L9: =K9/$K$15 -> 0
A10: Pivô 06 | J10: Contactora | K10: =COUNTIF($B$5:$H$93,J10) -> 0 | L10: =K10/$K$15 -> 0
A11: Pivô 07 | J11: Caixa do Micro | K11: =COUNTIF($B$5:$H$93,J11) -> 2 | L11: =K11/$K$15 -> 0.28571429
A12: Pivô 08 | J12: Cabo de Segurança | K12: =COUNTIF($B$5:$H$93,J12) -> 2 | L12: =K12/$K$15 -> 0.28571429
A13: Pivô 09 | J13: Falta de Fase | K13: =COUNTIF($B$5:$H$93,J13) -> 0 | L13: =K13/$K$15 -> 0
A14: Pivô 10 | J14: Inversor de Frequência | K14: =COUNTIF($B$5:$H$93,J14) -> 1 | L14: =K14/$K$15 -> 0.14285714
A15: Pivô 11 | J15: Total | K15: =SUM(K5:K14) -> 7
A16: Pivô 12
A17: Pivô 13
A18: Pivô 14 | G18: Caixa do Micro
A19: Pivô 15
A20: Pivô 16
A21: Pivô 17
A22: Pivô 18
A23: Pivô 19
A24: Pivô 20
A25: Pivô 21
A26: Pivô 22
A27: Pivô 23
A28: Pivô 24
A29: Pivô 25
A30: Pivô 26
... A33: Pivô 29
A34: Pivô 30 | F34: Cabo Acionamento | G34: Cabo Acionamento
A35: Pivô 31
A36: Pivô 32
A37: Pivô 33
A38: Pivô 34
A39: Pivô 35
A40: Pivô 36
A41: Pivô 37
A42: Pivô 38
A43: Pivô 39 | D43: Cabo de Segurança
A44: Pivô 40
A45: Pivô 41
A46: Pivô 42
A47: Pivô 43
A48: Pivô 44
A49: Pivô 45
A50: Pivô 46
A51: Pivô 47
A52: Pivô 48
A53: Pivô 49
A54: Pivô 50
A55: Pivô 51
... A60: Pivô 56
A61: Pivô 73 | F61: Cabo de Segurança
A62: Pivô 74
A63: Pivô 101
A64: Pivô 102
A65: Pivô 103
A66: Pivô 104 | G66: Caixa do Micro
A67: Pivô 105
A68: Pivô 106
A69: Pivô 107
A70: Pivô 108
A71: Pivô 109
A72: Pivô 110
A73: Pivô 111
A74: Pivô 112
A75: Pivô 113
A76: Pivô 114
A77: Pivô 115
A78: Pivô 116
A79: Pivô 117
A80: Pivô 118 | D80: Inversor de Frequência
A81: Pivô 119
A82: Pivô 120
A83: Pivô 121
A84: Pivô 122
A85: Pivô 123
A86: Pivô 124
A87: Pivô 125
A88: Pivô 126
A89: Pivô 127
A90: Pivô 128
A91: Pivô 129
A92: Pivô 130
A93: Pivô 133

Sheet 18 07 2022  
A1: Atendimento de Irrigação (Impacto - Problemas Elétricos) - Semana 18/07/2022
A3: Data | B3: 44760 | C3: =B3+1 -> 44761 | D3: =C3+1 -> 44762 | E3: =D3+1 -> 44763 | F3: =E3+1 -> 44764 | G3: =F3+1 -> 44765 | H3: =G3+1 -> 44766
A4: Pivô | B4: =TEXT(B3,"ddd") -> seg | C4: =TEXT(C3,"ddd") -> ter | D4: =TEXT(D3,"ddd") -> qua | E4: =TEXT(E3,"ddd") -> qui | F4: =TEXT(F3,"ddd") -> sex | G4: =TEXT(G3,"ddd") -> sáb | H4: =TEXT(H3,"ddd") -> dom | J4: Parâmetros | K4: Contagem | L4: Porcentagem | M4: Semana
A5: Pivô 01 | J5: Cabo Acionamento | K5: =COUNTIF($B$5:$H$93,J5) -> 0 | L5: =K5/$K$16 -> 0 | M5: =B3 -> 44760
A6: Pivô 02 | J6: Transformador | K6: =COUNTIF($B$5:$H$93,J6) -> 0 | L6: =K6/$K$16 -> 0
A7: Pivô 03 | J7: Chave Aberta | K7: =COUNTIF($B$5:$H$93,J7) -> 1 | L7: =K7/$K$16 -> 0.2
A8: Pivô 04 | J8: Painel da Bomba | K8: =COUNTIF($B$5:$H$93,J8) -> 1 | L8: =K8/$K$16 -> 0.2
A9: Pivô 05 | J9: Painel do Pivô | K9: =COUNTIF($B$5:$H$93,J9) -> 0 | L9: =K9/$K$16 -> 0
A10: Pivô 06 | J10: Contactora | K10: =COUNTIF($B$5:$H$93,J10) -> 0 | L10: =K10/$K$16 -> 0
A11: Pivô 07 | J11: Caixa do Micro | K11: =COUNTIF($B$5:$H$93,J11) -> 0 | L11: =K11/$K$16 -> 0
A12: Pivô 08 | J12: Cabo de Segurança | K12: =COUNTIF($B$5:$H$93,J12) -> 2 | L12: =K12/$K$16 -> 0.4
A13: Pivô 09 | J13: Falta de Fase | K13: =COUNTIF($B$5:$H$93,J13) -> 1 | L13: =K13/$K$16 -> 0.2
A14: Pivô 10 | J14: Inversor de Frequência | K14: =COUNTIF($B$5:$H$93,J14) -> 0 | L14: =K14/$K$16 -> 0
A15: Pivô 11 | J15: Gerador | K15: =COUNTIF($B$5:$H$93,J15) -> 0 | L15: =K15/$K$16 -> 0
A16: Pivô 12 | J16: Total | K16: =SUM(K5:K14) -> 5
A17: Pivô 13
A18: Pivô 14
A19: Pivô 15
A20: Pivô 16
A21: Pivô 17
A22: Pivô 18
A23: Pivô 19
A24: Pivô 20
A25: Pivô 21
A26: Pivô 22
A27: Pivô 23
A28: Pivô 24
... A33: Pivô 29
A34: Pivô 30 | E34: Falta de Fase
A35: Pivô 31
A36: Pivô 32
A37: Pivô 33
A38: Pivô 34
A39: Pivô 35 | E39: Chave Aberta
A40: Pivô 36 | F40: Painel da Bomba
A41: Pivô 37
A42: Pivô 38
A43: Pivô 39
A44: Pivô 40
A45: Pivô 41
A46: Pivô 42
A47: Pivô 43
A48: Pivô 44
A49: Pivô 45
A50: Pivô 46
A51: Pivô 47
A52: Pivô 48
... A60: Pivô 56
A61: Pivô 73 | B61: Cabo de Segurança | E61: Cabo de Segurança
A62: Pivô 74
A63: Pivô 101
A64: Pivô 102
A65: Pivô 103
A66: Pivô 104
A67: Pivô 105
A68: Pivô 106
A69: Pivô 107
A70: Pivô 108
A71: Pivô 109
A72: Pivô 110
A73: Pivô 111
... A93: Pivô 133

Sheet 25 07 2022   
A1: Atendimento de Irrigação (Impacto - Problemas Elétricos) - Semana 25/07/2022
A3: Data | B3: 44767 | C3: =B3+1 -> 44768 | D3: =C3+1 -> 44769 | E3: =D3+1 -> 44770 | F3: =E3+1 -> 44771 | G3: =F3+1 -> 44772 | H3: =G3+1 -> 44773
A4: Pivô | B4: =TEXT(B3,"ddd") -> seg | C4: =TEXT(C3,"ddd") -> ter | D4: =TEXT(D3,"ddd") -> qua | E4: =TEXT(E3,"ddd") -> qui | F4: =TEXT(F3,"ddd") -> sex | G4: =TEXT(G3,"ddd") -> sáb | H4: =TEXT(H3,"ddd") -> dom | J4: Parâmetros | K4: Contagem | L4: Porcentagem | M4: Semana
A5: Pivô 01 | J5: Cabo Acionamento | K5: =COUNTIF($B$5:$H$93,J5) -> 0 | L5: =K5/$K$16 -> 0 | M5: =B3 -> 44767
A6: Pivô 02 | J6: Transformador | K6: =COUNTIF($B$5:$H$93,J6) -> 0 | L6: =K6/$K$16 -> 0
A7: Pivô 03 | J7: Chave Aberta | K7: =COUNTIF($B$5:$H$93,J7) -> 3 | L7: =K7/$K$16 -> 0.5
A8: Pivô 04 | J8: Painel da Bomba | K8: =COUNTIF($B$5:$H$93,J8) -> 0 | L8: =K8/$K$16 -> 0
A9: Pivô 05 | J9: Painel do Pivô | K9: =COUNTIF($B$5:$H$93,J9) -> 3 | L9: =K9/$K$16 -> 0.5
A10: Pivô 06 | J10: Contactora | K10: =COUNTIF($B$5:$H$93,J10) -> 0 | L10: =K10/$K$16 -> 0
A11: Pivô 07 | J11: Caixa do Micro | K11: =COUNTIF($B$5:$H$93,J11) -> 0 | L11: =K11/$K$16 -> 0
A12: Pivô 08 | J12: Cabo de Segurança | K12: =COUNTIF($B$5:$H$93,J12) -> 0 | L12: =K12/$K$16 -> 0
A13: Pivô 09 | J13: Falta de Fase | K13: =COUNTIF($B$5:$H$93,J13) -> 0 | L13: =K13/$K$16 -> 0
A14: Pivô 10 | J14: Inversor de Frequência | K14: =COUNTIF($B$5:$H$93,J14) -> 0 | L14: =K14/$K$16 -> 0
A15: Pivô 11 | J15: Gerador | K15: =COUNTIF($B$5:$H$93,J15) -> 0 | L15: =K15/$K$16 -> 0
A16: Pivô 12 | J16: Total | K16: =SUM(K5:K14) -> 6
A17: Pivô 13
A18: Pivô 14
A19: Pivô 15
A20: Pivô 16
A21: Pivô 17
A22: Pivô 18
A23: Pivô 19
A24: Pivô 20
A25: Pivô 21
A26: Pivô 22
A27: Pivô 23
A28: Pivô 24
... A50: Pivô 46
A51: Pivô 47 | F51: Painel do Pivô
A52: Pivô 48
A53: Pivô 49 | E53: Painel do Pivô | F53: Painel do Pivô
A54: Pivô 50
A55: Pivô 51
A56: Pivô 52
A57: Pivô 53
A58: Pivô 54
A59: Pivô 55
A60: Pivô 56
A61: Pivô 73
A62: Pivô 74
A63: Pivô 101
A64: Pivô 102
A65: Pivô 103
... A73: Pivô 111
A74: Pivô 112 | C74: Chave Aberta
A75: Pivô 113
A76: Pivô 114 | C76: Chave Aberta
A77: Pivô 115
A78: Pivô 116
A79: Pivô 117
A80: Pivô 118
A81: Pivô 119
A82: Pivô 120
A83: Pivô 121
A84: Pivô 122
A85: Pivô 123
A86: Pivô 124 | C86: Chave Aberta
A87: Pivô 125
A88: Pivô 126
A89: Pivô 127
A90: Pivô 128
A91: Pivô 129
A92: Pivô 130
A93: Pivô 133

Sheet 01 08 2022    
A1: Atendimento de Irrigação (Impacto - Problemas Elétricos) - Semana 01/08//2022
A3: Data | B3: 44774 | C3: =B3+1 -> 44775 | D3: =C3+1 -> 44776 | E3: =D3+1 -> 44777 | F3: =E3+1 -> 44778 | G3: =F3+1 -> 44779 | H3: =G3+1 -> 44780
A4: Pivô | B4: =TEXT(B3,"ddd") -> seg | C4: =TEXT(C3,"ddd") -> ter | D4: =TEXT(D3,"ddd") -> qua | E4: =TEXT(E3,"ddd") -> qui | F4: =TEXT(F3,"ddd") -> sex | G4: =TEXT(G3,"ddd") -> sáb | H4: =TEXT(H3,"ddd") -> dom | J4: Parâmetros | K4: Contagem | L4: Porcentagem | M4: Semana
A5: Pivô 01 | J5: Cabo Acionamento | K5: =COUNTIF($B$5:$H$93,J5) -> 0 | L5: =K5/$K$16 -> 0 | M5: =B3 -> 44774
A6: Pivô 02 | J6: Transformador | K6: =COUNTIF($B$5:$H$93,J6) -> 0 | L6: =K6/$K$16 -> 0
A7: Pivô 03 | J7: Chave Aberta | K7: =COUNTIF($B$5:$H$93,J7) -> 0 | L7: =K7/$K$16 -> 0
A8: Pivô 04 | J8: Painel da Bomba | K8: =COUNTIF($B$5:$H$93,J8) -> 0 | L8: =K8/$K$16 -> 0
A9: Pivô 05 | J9: Painel do Pivô | K9: =COUNTIF($B$5:$H$93,J9) -> 0 | L9: =K9/$K$16 -> 0
A10: Pivô 06 | J10: Contactora | K10: =COUNTIF($B$5:$H$93,J10) -> 2 | L10: =K10/$K$16 -> 0.5
A11: Pivô 07 | J11: Caixa do Micro | K11: =COUNTIF($B$5:$H$93,J11) -> 0 | L11: =K11/$K$16 -> 0
A12: Pivô 08 | J12: Cabo de Segurança | K12: =COUNTIF($B$5:$H$93,J12) -> 2 | L12: =K12/$K$16 -> 0.5
A13: Pivô 09 | J13: Falta de Fase | K13: =COUNTIF($B$5:$H$93,J13) -> 0 | L13: =K13/$K$16 -> 0
A14: Pivô 10 | J14: Inversor de Frequência | K14: =COUNTIF($B$5:$H$93,J14) -> 0 | L14: =K14/$K$16 -> 0
A15: Pivô 11 | J15: Gerador | K15: =COUNTIF($B$5:$H$93,J15) -> 0 | L15: =K15/$K$16 -> 0
A16: Pivô 12 | J16: Total | K16: =SUM(K5:K14) -> 4
A17: Pivô 13
A18: Pivô 14 | E18: Contactora | F18: Contactora
A19: Pivô 15
A20: Pivô 16
A21: Pivô 17
A22: Pivô 18
A23: Pivô 19
A24: Pivô 20
A25: Pivô 21
A26: Pivô 22
A27: Pivô 23
A28: Pivô 24
A29: Pivô 25
A30: Pivô 26
... A50: Pivô 46
A51: Pivô 47 | B51: Cabo de Segurança
A52: Pivô 48
A53: Pivô 49
A54: Pivô 50
A55: Pivô 51
A56: Pivô 52
A57: Pivô 53
A58: Pivô 54
A59: Pivô 55
A60: Pivô 56
A61: Pivô 73 | B61: Cabo de Segurança
A62: Pivô 74
A63: Pivô 101
A64: Pivô 102
A65: Pivô 103
A66: Pivô 104
A67: Pivô 105
A68: Pivô 106
A69: Pivô 107
A70: Pivô 108
A71: Pivô 109
A72: Pivô 110
A73: Pivô 111
... A93: Pivô 133

Sheet 08 08 2022     
A1: Atendimento de Irrigação (Impacto - Problemas Elétricos) - Semana 08/08//2022
A3: Data | B3: 44781 | C3: =B3+1 -> 44782 | D3: =C3+1 -> 44783 | E3: =D3+1 -> 44784 | F3: =E3+1 -> 44785 | G3: =F3+1 -> 44786 | H3: =G3+1 -> 44787
A4: Pivô | B4: =TEXT(B3,"ddd") -> seg | C4: =TEXT(C3,"ddd") -> ter | D4: =TEXT(D3,"ddd") -> qua | E4: =TEXT(E3,"ddd") -> qui | F4: =TEXT(F3,"ddd") -> sex | G4: =TEXT(G3,"ddd") -> sáb | H4: =TEXT(H3,"ddd") -> dom | J4: Parâmetros | K4: Contagem | L4: Porcentagem | M4: Semana
A5: Pivô 01 | J5: Cabo Acionamento | K5: =COUNTIF($B$5:$H$93,J5) -> 0 | L5: =K5/$K$16 -> 0 | M5: =B3 -> 44781
A6: Pivô 02 | J6: Transformador | K6: =COUNTIF($B$5:$H$93,J6) -> 0 | L6: =K6/$K$16 -> 0
A7: Pivô 03 | J7: Chave Aberta | K7: =COUNTIF($B$5:$H$93,J7) -> 0 | L7: =K7/$K$16 -> 0
A8: Pivô 04 | J8: Painel da Bomba | K8: =COUNTIF($B$5:$H$93,J8) -> 0 | L8: =K8/$K$16 -> 0
A9: Pivô 05 | J9: Painel do Pivô | K9: =COUNTIF($B$5:$H$93,J9) -> 0 | L9: =K9/$K$16 -> 0
A10: Pivô 06 | J10: Contactora | K10: =COUNTIF($B$5:$H$93,J10) -> 0 | L10: =K10/$K$16 -> 0
A11: Pivô 07 | J11: Caixa do Micro | K11: =COUNTIF($B$5:$H$93,J11) -> 1 | L11: =K11/$K$16 -> 0.33333333
A12: Pivô 08 | J12: Cabo de Segurança | K12: =COUNTIF($B$5:$H$93,J12) -> 0 | L12: =K12/$K$16 -> 0
A13: Pivô 09 | J13: Falta de Fase | K13: =COUNTIF($B$5:$H$93,J13) -> 0 | L13: =K13/$K$16 -> 0
A14: Pivô 10 | J14: Inversor de Frequência | K14: =COUNTIF($B$5:$H$93,J14) -> 0 | L14: =K14/$K$16 -> 0
A15: Pivô 11 | J15: Gerador | K15: =COUNTIF($B$5:$H$93,J15) -> 2 | L15: =K15/$K$16 -> 0.66666667
A16: Pivô 12 | J16: Total | K16: =SUM(K5:K15) -> 3
A17: Pivô 13
A18: Pivô 14 | H18: Caixa do Micro
A19: Pivô 15
A20: Pivô 16
A21: Pivô 17
A22: Pivô 18
A23: Pivô 19
A24: Pivô 20
A25: Pivô 21
A26: Pivô 22
A27: Pivô 23
A28: Pivô 24
A29: Pivô 25
A30: Pivô 26
... A85: Pivô 123
A86: Pivô 124 | H86: Gerador
A87: Pivô 125
A88: Pivô 126
A89: Pivô 127
A90: Pivô 128
A91: Pivô 129
A92: Pivô 130
A93: Pivô 133 | H93: Gerador

Sheet 15 08 2022    
A1: Atendimento de Irrigação (Impacto - Problemas Elétricos) - Semana 15/08//2022
A3: Data | B3: 44788 | C3: =B3+1 -> 44789 | D3: =C3+1 -> 44790 | E3: =D3+1 -> 44791 | F3: =E3+1 -> 44792 | G3: =F3+1 -> 44793 | H3: =G3+1 -> 44794
A4: Pivô | B4: =TEXT(B3,"ddd") -> seg | C4: =TEXT(C3,"ddd") -> ter | D4: =TEXT(D3,"ddd") -> qua | E4: =TEXT(E3,"ddd") -> qui | F4: =TEXT(F3,"ddd") -> sex | G4: =TEXT(G3,"ddd") -> sáb | H4: =TEXT(H3,"ddd") -> dom | J4: Parâmetros | K4: Contagem | L4: Porcentagem | M4: Semana
A5: Pivô 01 | J5: Cabo Acionamento | K5: =COUNTIF($B$5:$H$93,J5) -> 0 | L5: =K5/$K$16 -> 0 | M5: =B3 -> 44788
A6: Pivô 02 | J6: Transformador | K6: =COUNTIF($B$5:$H$93,J6) -> 0 | L6: =K6/$K$16 -> 0
A7: Pivô 03 | J7: Chave Aberta | K7: =COUNTIF($B$5:$H$93,J7) -> 0 | L7: =K7/$K$16 -> 0
A8: Pivô 04 | J8: Painel da Bomba | K8: =COUNTIF($B$5:$H$93,J8) -> 0 | L8: =K8/$K$16 -> 0
A9: Pivô 05 | J9: Painel do Pivô | K9: =COUNTIF($B$5:$H$93,J9) -> 1 | L9: =K9/$K$16 -> 0.071428571
A10: Pivô 06 | J10: Contactora | K10: =COUNTIF($B$5:$H$93,J10) -> 0 | L10: =K10/$K$16 -> 0
A11: Pivô 07 | J11: Caixa do Micro | K11: =COUNTIF($B$5:$H$93,J11) -> 0 | L11: =K11/$K$16 -> 0
A12: Pivô 08 | J12: Cabo de Segurança | K12: =COUNTIF($B$5:$H$93,J12) -> 1 | L12: =K12/$K$16 -> 0.071428571
A13: Pivô 09 | J13: Falta de Fase | K13: =COUNTIF($B$5:$H$93,J13) -> 0 | L13: =K13/$K$16 -> 0
A14: Pivô 10 | J14: Inversor de Frequência | K14: =COUNTIF($B$5:$H$93,J14) -> 0 | L14: =K14/$K$16 -> 0
A15: Pivô 11 | J15: Gerador | K15: =COUNTIF($B$5:$H$93,J15) -> 12 | L15: =K15/$K$16 -> 0.85714286
A16: Pivô 12 | J16: Total | K16: =SUM(K5:K15) -> 14
A17: Pivô 13
A18: Pivô 14
A19: Pivô 15
A20: Pivô 16
A21: Pivô 17
A22: Pivô 18
A23: Pivô 19
A24: Pivô 20
A25: Pivô 21
A26: Pivô 22
A27: Pivô 23
A28: Pivô 24
... A50: Pivô 46
A51: Pivô 47 | F51: Cabo de Segurança
A52: Pivô 48
A53: Pivô 49 | F53: Painel do Pivô
A54: Pivô 50
A55: Pivô 51
A56: Pivô 52
A57: Pivô 53
A58: Pivô 54
A59: Pivô 55
A60: Pivô 56
A61: Pivô 73
A62: Pivô 74
A63: Pivô 101
A64: Pivô 102
A65: Pivô 103
... A81: Pivô 119
A82: Pivô 120 | B82: Gerador | C82: Gerador | D82: Gerador
A83: Pivô 121
A84: Pivô 122 | B84: Gerador | C84: Gerador | D84: Gerador
A85: Pivô 123
A86: Pivô 124 | B86: Gerador | C86: Gerador | D86: Gerador
A87: Pivô 125
A88: Pivô 126
A89: Pivô 127
A90: Pivô 128
A91: Pivô 129
A92: Pivô 130
A93: Pivô 133 | B93: Gerador | C93: Gerador | D93: Gerador

Sheet 22 08 2022     
A1: Atendimento de Irrigação (Impacto - Problemas Elétricos) - Semana 22/08//2022
A3: Data | B3: 44795 | C3: =B3+1 -> 44796 | D3: =C3+1 -> 44797 | E3: =D3+1 -> 44798 | F3: =E3+1 -> 44799 | G3: =F3+1 -> 44800 | H3: =G3+1 -> 44801
A4: Pivô | B4: =TEXT(B3,"ddd") -> seg | C4: =TEXT(C3,"ddd") -> ter | D4: =TEXT(D3,"ddd") -> qua | E4: =TEXT(E3,"ddd") -> qui | F4: =TEXT(F3,"ddd") -> sex | G4: =TEXT(G3,"ddd") -> sáb | H4: =TEXT(H3,"ddd") -> dom | J4: Parâmetros | K4: Contagem | L4: Porcentagem | M4: Semana
A5: Pivô 01 | J5: Cabo Acionamento | K5: =COUNTIF($B$5:$H$93,J5) -> 0 | L5: =K5/$K$16 -> 0 | M5: =B3 -> 44795
A6: Pivô 02 | J6: Transformador | K6: =COUNTIF($B$5:$H$93,J6) -> 0 | L6: =K6/$K$16 -> 0
A7: Pivô 03 | J7: Chave Aberta | K7: =COUNTIF($B$5:$H$93,J7) -> 0 | L7: =K7/$K$16 -> 0
A8: Pivô 04 | J8: Painel da Bomba | K8: =COUNTIF($B$5:$H$93,J8) -> 2 | L8: =K8/$K$16 -> 0.5
A9: Pivô 05 | J9: Painel do Pivô | K9: =COUNTIF($B$5:$H$93,J9) -> 2 | L9: =K9/$K$16 -> 0.5
A10: Pivô 06 | J10: Contactora | K10: =COUNTIF($B$5:$H$93,J10) -> 0 | L10: =K10/$K$16 -> 0
A11: Pivô 07 | J11: Caixa do Micro | K11: =COUNTIF($B$5:$H$93,J11) -> 0 | L11: =K11/$K$16 -> 0
A12: Pivô 08 | J12: Cabo de Segurança | K12: =COUNTIF($B$5:$H$93,J12) -> 0 | L12: =K12/$K$16 -> 0
A13: Pivô 09 | J13: Falta de Fase | K13: =COUNTIF($B$5:$H$93,J13) -> 0 | L13: =K13/$K$16 -> 0
A14: Pivô 10 | J14: Inversor de Frequência | K14: =COUNTIF($B$5:$H$93,J14) -> 0 | L14: =K14/$K$16 -> 0
A15: Pivô 11 | J15: Gerador | K15: =COUNTIF($B$5:$H$93,J15) -> 0 | L15: =K15/$K$16 -> 0
A16: Pivô 12 | J16: Total | K16: =SUM(K5:K15) -> 4
A17: Pivô 13
A18: Pivô 14
A19: Pivô 15
A20: Pivô 16
A21: Pivô 17
A22: Pivô 18
A23: Pivô 19
A24: Pivô 20
A25: Pivô 21
A26: Pivô 22
A27: Pivô 23
A28: Pivô 24
... A52: Pivô 48
A53: Pivô 49 | B53: Painel do Pivô | C53: Painel do Pivô
A54: Pivô 50
A55: Pivô 51
A56: Pivô 52
A57: Pivô 53
A58: Pivô 54
A59: Pivô 55
A60: Pivô 56
A61: Pivô 73
A62: Pivô 74
A63: Pivô 101
A64: Pivô 102
A65: Pivô 103 | D65: Painel da Bomba | E65: Painel da Bomba
A66: Pivô 104
A67: Pivô 105
A68: Pivô 106
A69: Pivô 107
A70: Pivô 108
A71: Pivô 109
A72: Pivô 110
A73: Pivô 111
A74: Pivô 112
A75: Pivô 113
A76: Pivô 114
A77: Pivô 115
... A93: Pivô 133

Sheet 29 08 2022      
A1: Atendimento de Irrigação (Impacto - Problemas Elétricos) - Semana 29/08//2022
A3: Data | B3: 44802 | C3: =B3+1 -> 44803 | D3: =C3+1 -> 44804 | E3: =D3+1 -> 44805 | F3: =E3+1 -> 44806 | G3: =F3+1 -> 44807 | H3: =G3+1 -> 44808
A4: Pivô | B4: =TEXT(B3,"ddd") -> seg | C4: =TEXT(C3,"ddd") -> ter | D4: =TEXT(D3,"ddd") -> qua | E4: =TEXT(E3,"ddd") -> qui | F4: =TEXT(F3,"ddd") -> sex | G4: =TEXT(G3,"ddd") -> sáb | H4: =TEXT(H3,"ddd") -> dom | J4: Parâmetros | K4: Contagem | L4: Porcentagem | M4: Semana
A5: Pivô 01 | J5: Cabo Acionamento | K5: =COUNTIF($B$5:$H$93,J5) -> 0 | L5: =K5/$K$16 -> 0 | M5: =B3 -> 44802
A6: Pivô 02 | J6: Transformador | K6: =COUNTIF($B$5:$H$93,J6) -> 0 | L6: =K6/$K$16 -> 0
A7: Pivô 03 | J7: Chave Aberta | K7: =COUNTIF($B$5:$H$93,J7) -> 0 | L7: =K7/$K$16 -> 0
A8: Pivô 04 | J8: Painel da Bomba | K8: =COUNTIF($B$5:$H$93,J8) -> 2 | L8: =K8/$K$16 -> 0.5
A9: Pivô 05 | J9: Painel do Pivô | K9: =COUNTIF($B$5:$H$93,J9) -> 0 | L9: =K9/$K$16 -> 0
A10: Pivô 06 | J10: Contactora | K10: =COUNTIF($B$5:$H$93,J10) -> 0 | L10: =K10/$K$16 -> 0
A11: Pivô 07 | J11: Caixa do Micro | K11: =COUNTIF($B$5:$H$93,J11) -> 0 | L11: =K11/$K$16 -> 0
A12: Pivô 08 | J12: Cabo de Segurança | K12: =COUNTIF($B$5:$H$93,J12) -> 0 | L12: =K12/$K$16 -> 0
A13: Pivô 09 | J13: Falta de Fase | K13: =COUNTIF($B$5:$H$93,J13) -> 0 | L13: =K13/$K$16 -> 0
A14: Pivô 10 | J14: Inversor de Frequência | K14: =COUNTIF($B$5:$H$93,J14) -> 0 | L14: =K14/$K$16 -> 0
A15: Pivô 11 | J15: Gerador | K15: =COUNTIF($B$5:$H$93,J15) -> 2 | L15: =K15/$K$16 -> 0.5
A16: Pivô 12 | J16: Total | K16: =SUM(K5:K15) -> 4
A17: Pivô 13
A18: Pivô 14
A19: Pivô 15
A20: Pivô 16
A21: Pivô 17
A22: Pivô 18
A23: Pivô 19
A24: Pivô 20
A25: Pivô 21
A26: Pivô 22
A27: Pivô 23 | D27: Painel da Bomba | E27: Painel da Bomba
A28: Pivô 24
A29: Pivô 25
A30: Pivô 26
A31: Pivô 27
A32: Pivô 28
A33: Pivô 29
A34: Pivô 30
A35: Pivô 31
A36: Pivô 32
A37: Pivô 33
A38: Pivô 34
A39: Pivô 35
... A81: Pivô 119
A82: Pivô 120 | H82: Gerador
A83: Pivô 121 | H83: Gerador
A84: Pivô 122
A85: Pivô 123
A86: Pivô 124
A87: Pivô 125
A88: Pivô 126
A89: Pivô 127
A90: Pivô 128
A91: Pivô 129
A92: Pivô 130
A93: Pivô 133

Sheet 05 09 2022      
A1: Atendimento de Irrigação (Impacto - Problemas Elétricos) - Semana 05/09//2022
A3: Data | B3: 44809 | C3: =B3+1 -> 44810 | D3: =C3+1 -> 44811 | E3: =D3+1 -> 44812 | F3: =E3+1 -> 44813 | G3: =F3+1 -> 44814 | H3: =G3+1 -> 44815
A4: Pivô | B4: =TEXT(B3,"ddd") -> seg | C4: =TEXT(C3,"ddd") -> ter | D4: =TEXT(D3,"ddd") -> qua | E4: =TEXT(E3,"ddd") -> qui | F4: =TEXT(F3,"ddd") -> sex | G4: =TEXT(G3,"ddd") -> sáb | H4: =TEXT(H3,"ddd") -> dom | J4: Parâmetros | K4: Contagem | L4: Porcentagem | M4: Semana
A5: Pivô 01 | J5: Cabo Acionamento | K5: =COUNTIF($B$5:$H$93,J5) -> 0 | L5: =K5/$K$16 -> 0 | M5: =B3 -> 44809
A6: Pivô 02 | J6: Transformador | K6: =COUNTIF($B$5:$H$93,J6) -> 0 | L6: =K6/$K$16 -> 0
A7: Pivô 03 | J7: Chave Aberta | K7: =COUNTIF($B$5:$H$93,J7) -> 0 | L7: =K7/$K$16 -> 0
A8: Pivô 04 | J8: Painel da Bomba | K8: =COUNTIF($B$5:$H$93,J8) -> 0 | L8: =K8/$K$16 -> 0
A9: Pivô 05 | J9: Painel do Pivô | K9: =COUNTIF($B$5:$H$93,J9) -> 0 | L9: =K9/$K$16 -> 0
A10: Pivô 06 | J10: Contactora | K10: =COUNTIF($B$5:$H$93,J10) -> 0 | L10: =K10/$K$16 -> 0
A11: Pivô 07 | J11: Caixa do Micro | K11: =COUNTIF($B$5:$H$93,J11) -> 0 | L11: =K11/$K$16 -> 0
A12: Pivô 08 | J12: Cabo de Segurança | K12: =COUNTIF($B$5:$H$93,J12) -> 0 | L12: =K12/$K$16 -> 0
A13: Pivô 09 | J13: Falta de Fase | K13: =COUNTIF($B$5:$H$93,J13) -> 0 | L13: =K13/$K$16 -> 0
A14: Pivô 10 | J14: Inversor de Frequência | K14: =COUNTIF($B$5:$H$93,J14) -> 0 | L14: =K14/$K$16 -> 0
A15: Pivô 11 | J15: Gerador | K15: =COUNTIF($B$5:$H$93,J15) -> 3 | L15: =K15/$K$16 -> 1
A16: Pivô 12 | J16: Total | K16: =SUM(K5:K15) -> 3
A17: Pivô 13
A18: Pivô 14
A19: Pivô 15
A20: Pivô 16
A21: Pivô 17
A22: Pivô 18
A23: Pivô 19
A24: Pivô 20
A25: Pivô 21
A26: Pivô 22
A27: Pivô 23
A28: Pivô 24
... A81: Pivô 119
A82: Pivô 120 | B82: Gerador
A83: Pivô 121
A84: Pivô 122 | B84: Gerador
A85: Pivô 123
A86: Pivô 124 | B86: Gerador
A87: Pivô 125
A88: Pivô 126
A89: Pivô 127
A90: Pivô 128
A91: Pivô 129
A92: Pivô 130
A93: Pivô 133

Sheet 12 09 2022       
A1: Atendimento de Irrigação (Impacto - Problemas Elétricos) - Semana 12/09//2022
A3: Data | B3: 44816 | C3: =B3+1 -> 44817 | D3: =C3+1 -> 44818 | E3: =D3+1 -> 44819 | F3: =E3+1 -> 44820 | G3: =F3+1 -> 44821 | H3: =G3+1 -> 44822
A4: Pivô | B4: =TEXT(B3,"ddd") -> seg | C4: =TEXT(C3,"ddd") -> ter | D4: =TEXT(D3,"ddd") -> qua | E4: =TEXT(E3,"ddd") -> qui | F4: =TEXT(F3,"ddd") -> sex | G4: =TEXT(G3,"ddd") -> sáb | H4: =TEXT(H3,"ddd") -> dom | J4: Parâmetros | K4: Contagem | L4: Porcentagem | M4: Semana
A5: Pivô 01 | J5: Cabo Acionamento | K5: =COUNTIF($B$5:$H$93,J5) -> 0 | L5: =K5/$K$16 -> 0 | M5: =B3 -> 44816
A6: Pivô 02 | J6: Transformador | K6: =COUNTIF($B$5:$H$93,J6) -> 0 | L6: =K6/$K$16 -> 0
A7: Pivô 03 | J7: Chave Aberta | K7: =COUNTIF($B$5:$H$93,J7) -> 0 | L7: =K7/$K$16 -> 0
A8: Pivô 04 | J8: Painel da Bomba | K8: =COUNTIF($B$5:$H$93,J8) -> 1 | L8: =K8/$K$16 -> 0.14285714
A9: Pivô 05 | J9: Painel do Pivô | K9: =COUNTIF($B$5:$H$93,J9) -> 5 | L9: =K9/$K$16 -> 0.71428571
A10: Pivô 06 | J10: Contactora | K10: =COUNTIF($B$5:$H$93,J10) -> 1 | L10: =K10/$K$16 -> 0.14285714
A11: Pivô 07 | J11: Caixa do Micro | K11: =COUNTIF($B$5:$H$93,J11) -> 0 | L11: =K11/$K$16 -> 0
A12: Pivô 08 | J12: Cabo de Segurança | K12: =COUNTIF($B$5:$H$93,J12) -> 0 | L12: =K12/$K$16 -> 0
A13: Pivô 09 | J13: Falta de Fase | K13: =COUNTIF($B$5:$H$93,J13) -> 0 | L13: =K13/$K$16 -> 0
A14: Pivô 10 | J14: Inversor de Frequência | K14: =COUNTIF($B$5:$H$93,J14) -> 0 | L14: =K14/$K$16 -> 0
A15: Pivô 11 | J15: Gerador | K15: =COUNTIF($B$5:$H$93,J15) -> 0 | L15: =K15/$K$16 -> 0
A16: Pivô 12 | G16: Painel da Bomba | J16: Total | K16: =SUM(K5:K15) -> 7
A17: Pivô 13
A18: Pivô 14
A19: Pivô 15
A20: Pivô 16
A21: Pivô 17
A22: Pivô 18
A23: Pivô 19
A24: Pivô 20
A25: Pivô 21
A26: Pivô 22
A27: Pivô 23
A28: Pivô 24
... A58: Pivô 54
A59: Pivô 55 | B59: Painel do Pivô | C59: Painel do Pivô
A60: Pivô 56
A61: Pivô 73
A62: Pivô 74
A63: Pivô 101 | C63: Painel do Pivô | D63: Contactora
A64: Pivô 102
A65: Pivô 103
A66: Pivô 104
A67: Pivô 105
A68: Pivô 106
A69: Pivô 107
A70: Pivô 108
A71: Pivô 109
A72: Pivô 110
A73: Pivô 111
A74: Pivô 112 | G74: Painel do Pivô | H74: Painel do Pivô
A75: Pivô 113
A76: Pivô 114
A77: Pivô 115
A78: Pivô 116
A79: Pivô 117
A80: Pivô 118
A81: Pivô 119
A82: Pivô 120
A83: Pivô 121
A84: Pivô 122
A85: Pivô 123
A86: Pivô 124
... A93: Pivô 133

Sheet 19 09 2022        
A1: Atendimento de Irrigação (Impacto - Problemas Elétricos) - Semana 19/09//2022
A3: Data | B3: 44823 | C3: =B3+1 -> 44824 | D3: =C3+1 -> 44825 | E3: =D3+1 -> 44826 | F3: =E3+1 -> 44827 | G3: =F3+1 -> 44828 | H3: =G3+1 -> 44829
A4: Pivô | B4: =TEXT(B3,"ddd") -> seg | C4: =TEXT(C3,"ddd") -> ter | D4: =TEXT(D3,"ddd") -> qua | E4: =TEXT(E3,"ddd") -> qui | F4: =TEXT(F3,"ddd") -> sex | G4: =TEXT(G3,"ddd") -> sáb | H4: =TEXT(H3,"ddd") -> dom | J4: Parâmetros | K4: Contagem | L4: Porcentagem | M4: Semana
A5: Pivô 01 | J5: Cabo Acionamento | K5: =COUNTIF($B$5:$H$93,J5) -> 0 | L5: =K5/$K$16 -> 0 | M5: =B3 -> 44823
A6: Pivô 02 | J6: Transformador | K6: =COUNTIF($B$5:$H$93,J6) -> 0 | L6: =K6/$K$16 -> 0
A7: Pivô 03 | J7: Chave Aberta | K7: =COUNTIF($B$5:$H$93,J7) -> 4 | L7: =K7/$K$16 -> 1
A8: Pivô 04 | J8: Painel da Bomba | K8: =COUNTIF($B$5:$H$93,J8) -> 0 | L8: =K8/$K$16 -> 0
A9: Pivô 05 | J9: Painel do Pivô | K9: =COUNTIF($B$5:$H$93,J9) -> 0 | L9: =K9/$K$16 -> 0
A10: Pivô 06 | J10: Contactora | K10: =COUNTIF($B$5:$H$93,J10) -> 0 | L10: =K10/$K$16 -> 0
A11: Pivô 07 | J11: Caixa do Micro | K11: =COUNTIF($B$5:$H$93,J11) -> 0 | L11: =K11/$K$16 -> 0
A12: Pivô 08 | J12: Cabo de Segurança | K12: =COUNTIF($B$5:$H$93,J12) -> 0 | L12: =K12/$K$16 -> 0
A13: Pivô 09 | J13: Falta de Fase | K13: =COUNTIF($B$5:$H$93,J13) -> 0 | L13: =K13/$K$16 -> 0
A14: Pivô 10 | J14: Inversor de Frequência | K14: =COUNTIF($B$5:$H$93,J14) -> 0 | L14: =K14/$K$16 -> 0
A15: Pivô 11 | J15: Gerador | K15: =COUNTIF($B$5:$H$93,J15) -> 0 | L15: =K15/$K$16 -> 0
A16: Pivô 12 | J16: Total | K16: =SUM(K5:K15) -> 4
A17: Pivô 13
A18: Pivô 14
A19: Pivô 15
A20: Pivô 16
A21: Pivô 17
A22: Pivô 18
A23: Pivô 19
A24: Pivô 20
A25: Pivô 21
A26: Pivô 22
A27: Pivô 23
A28: Pivô 24
... A73: Pivô 111
A74: Pivô 112 | B74: Chave Aberta
A75: Pivô 113
A76: Pivô 114 | B76: Chave Aberta
A77: Pivô 115
A78: Pivô 116
A79: Pivô 117
A80: Pivô 118
A81: Pivô 119
A82: Pivô 120 | B82: Chave Aberta
A83: Pivô 121
A84: Pivô 122 | B84: Chave Aberta
A85: Pivô 123
A86: Pivô 124
A87: Pivô 125
A88: Pivô 126
A89: Pivô 127
A90: Pivô 128
A91: Pivô 129
A92: Pivô 130
A93: Pivô 133

Sheet 26 09 2022         
A1: Atendimento de Irrigação (Impacto - Problemas Elétricos) - Semana 26/09//2022
A3: Data | B3: 44830 | C3: =B3+1 -> 44831 | D3: =C3+1 -> 44832 | E3: =D3+1 -> 44833 | F3: =E3+1 -> 44834 | G3: =F3+1 -> 44835 | H3: =G3+1 -> 44836
A4: Pivô | B4: =TEXT(B3,"ddd") -> seg | C4: =TEXT(C3,"ddd") -> ter | D4: =TEXT(D3,"ddd") -> qua | E4: =TEXT(E3,"ddd") -> qui | F4: =TEXT(F3,"ddd") -> sex | G4: =TEXT(G3,"ddd") -> sáb | H4: =TEXT(H3,"ddd") -> dom | J4: Parâmetros | K4: Contagem | L4: Porcentagem | M4: Semana
A5: Pivô 01 | J5: Cabo Acionamento | K5: =COUNTIF($B$5:$H$93,J5) -> 0 | L5: =K5/$K$16 -> 0 | M5: =B3 -> 44830
A6: Pivô 02 | J6: Transformador | K6: =COUNTIF($B$5:$H$93,J6) -> 0 | L6: =K6/$K$16 -> 0
A7: Pivô 03 | J7: Chave Aberta | K7: =COUNTIF($B$5:$H$93,J7) -> 0 | L7: =K7/$K$16 -> 0
A8: Pivô 04 | J8: Painel da Bomba | K8: =COUNTIF($B$5:$H$93,J8) -> 0 | L8: =K8/$K$16 -> 0
A9: Pivô 05 | J9: Painel do Pivô | K9: =COUNTIF($B$5:$H$93,J9) -> 2 | L9: =K9/$K$16 -> 1
A10: Pivô 06 | J10: Contactora | K10: =COUNTIF($B$5:$H$93,J10) -> 0 | L10: =K10/$K$16 -> 0
A11: Pivô 07 | J11: Caixa do Micro | K11: =COUNTIF($B$5:$H$93,J11) -> 0 | L11: =K11/$K$16 -> 0
A12: Pivô 08 | J12: Cabo de Segurança | K12: =COUNTIF($B$5:$H$93,J12) -> 0 | L12: =K12/$K$16 -> 0
A13: Pivô 09 | J13: Falta de Fase | K13: =COUNTIF($B$5:$H$93,J13) -> 0 | L13: =K13/$K$16 -> 0
A14: Pivô 10 | J14: Inversor de Frequência | K14: =COUNTIF($B$5:$H$93,J14) -> 0 | L14: =K14/$K$16 -> 0
A15: Pivô 11 | J15: Gerador | K15: =COUNTIF($B$5:$H$93,J15) -> 0 | L15: =K15/$K$16 -> 0
A16: Pivô 12 | J16: Total | K16: =SUM(K5:K15) -> 2
A17: Pivô 13
A18: Pivô 14
A19: Pivô 15
A20: Pivô 16
A21: Pivô 17
A22: Pivô 18
A23: Pivô 19
A24: Pivô 20
A25: Pivô 21
A26: Pivô 22
A27: Pivô 23
A28: Pivô 24
A29: Pivô 25
A30: Pivô 26 | C30: Painel do Pivô | D30: Painel do Pivô
A31: Pivô 27
A32: Pivô 28
A33: Pivô 29
A34: Pivô 30
A35: Pivô 31
A36: Pivô 32
A37: Pivô 33
A38: Pivô 34
A39: Pivô 35
A40: Pivô 36
A41: Pivô 37
A42: Pivô 38
... A93: Pivô 133

Sheet 03 10 2022         
A1: Atendimento de Irrigação (Impacto - Problemas Elétricos) - Semana 03/10//2022
A3: Data | B3: 44837 | C3: =B3+1 -> 44838 | D3: =C3+1 -> 44839 | E3: =D3+1 -> 44840 | F3: =E3+1 -> 44841 | G3: =F3+1 -> 44842 | H3: =G3+1 -> 44843
A4: Pivô | B4: =TEXT(B3,"ddd") -> seg | C4: =TEXT(C3,"ddd") -> ter | D4: =TEXT(D3,"ddd") -> qua | E4: =TEXT(E3,"ddd") -> qui | F4: =TEXT(F3,"ddd") -> sex | G4: =TEXT(G3,"ddd") -> sáb | H4: =TEXT(H3,"ddd") -> dom | J4: Parâmetros | K4: Contagem | L4: Porcentagem | M4: Semana
A5: Pivô 01 | J5: Cabo Acionamento | K5: =COUNTIF($B$5:$H$93,J5) -> 0 | L5: =K5/$K$16 -> 0 | M5: =B3 -> 44837
A6: Pivô 02 | J6: Transformador | K6: =COUNTIF($B$5:$H$93,J6) -> 0 | L6: =K6/$K$16 -> 0
A7: Pivô 03 | J7: Chave Aberta | K7: =COUNTIF($B$5:$H$93,J7) -> 1 | L7: =K7/$K$16 -> 0.33333333
A8: Pivô 04 | J8: Painel da Bomba | K8: =COUNTIF($B$5:$H$93,J8) -> 1 | L8: =K8/$K$16 -> 0.33333333
A9: Pivô 05 | J9: Painel do Pivô | K9: =COUNTIF($B$5:$H$93,J9) -> 1 | L9: =K9/$K$16 -> 0.33333333
A10: Pivô 06 | J10: Contactora | K10: =COUNTIF($B$5:$H$93,J10) -> 0 | L10: =K10/$K$16 -> 0
A11: Pivô 07 | J11: Caixa do Micro | K11: =COUNTIF($B$5:$H$93,J11) -> 0 | L11: =K11/$K$16 -> 0
A12: Pivô 08 | J12: Cabo de Segurança | K12: =COUNTIF($B$5:$H$93,J12) -> 0 | L12: =K12/$K$16 -> 0
A13: Pivô 09 | J13: Falta de Fase | K13: =COUNTIF($B$5:$H$93,J13) -> 0 | L13: =K13/$K$16 -> 0
A14: Pivô 10 | J14: Inversor de Frequência | K14: =COUNTIF($B$5:$H$93,J14) -> 0 | L14: =K14/$K$16 -> 0
A15: Pivô 11 | J15: Gerador | K15: =COUNTIF($B$5:$H$93,J15) -> 0 | L15: =K15/$K$16 -> 0
A16: Pivô 12 | J16: Total | K16: =SUM(K5:K15) -> 3
A17: Pivô 13
A18: Pivô 14
A19: Pivô 15
A20: Pivô 16
A21: Pivô 17
A22: Pivô 18
A23: Pivô 19
A24: Pivô 20
A25: Pivô 21
A26: Pivô 22
A27: Pivô 23
A28: Pivô 24
... A39: Pivô 35
A40: Pivô 36 | D40: Painel da Bomba
A41: Pivô 37
A42: Pivô 38
A43: Pivô 39
A44: Pivô 40
A45: Pivô 41
A46: Pivô 42
A47: Pivô 43
A48: Pivô 44
A49: Pivô 45
A50: Pivô 46
A51: Pivô 47
A52: Pivô 48
... A55: Pivô 51
A56: Pivô 52 | H56: Painel do Pivô
A57: Pivô 53
A58: Pivô 54
A59: Pivô 55
A60: Pivô 56
A61: Pivô 73
A62: Pivô 74
A63: Pivô 101 | B63: Chave Aberta
A64: Pivô 102
A65: Pivô 103
A66: Pivô 104
A67: Pivô 105
A68: Pivô 106
A69: Pivô 107
A70: Pivô 108
A71: Pivô 109
A72: Pivô 110
A73: Pivô 111
A74: Pivô 112
A75: Pivô 113
... A93: Pivô 133

Sheet 10 10 2022         
A1: Atendimento de Irrigação (Impacto - Problemas Elétricos) - Semana 10/10//2022
A3: Data | B3: 44844 | C3: =B3+1 -> 44845 | D3: =C3+1 -> 44846 | E3: =D3+1 -> 44847 | F3: =E3+1 -> 44848 | G3: =F3+1 -> 44849 | H3: =G3+1 -> 44850
A4: Pivô | B4: =TEXT(B3,"ddd") -> seg | C4: =TEXT(C3,"ddd") -> ter | D4: =TEXT(D3,"ddd") -> qua | E4: =TEXT(E3,"ddd") -> qui | F4: =TEXT(F3,"ddd") -> sex | G4: =TEXT(G3,"ddd") -> sáb | H4: =TEXT(H3,"ddd") -> dom | J4: Parâmetros | K4: Contagem | L4: Porcentagem | M4: Semana
A5: Pivô 01 | J5: Cabo Acionamento | K5: =COUNTIF($B$5:$H$93,J5) -> 0 | L5: =K5/$K$16 -> 0 | M5: =B3 -> 44844
A6: Pivô 02 | J6: Transformador | K6: =COUNTIF($B$5:$H$93,J6) -> 0 | L6: =K6/$K$16 -> 0
A7: Pivô 03 | C7: Painel do Pivô | J7: Chave Aberta | K7: =COUNTIF($B$5:$H$93,J7) -> 2 | L7: =K7/$K$16 -> 0.33333333
A8: Pivô 04 | J8: Painel da Bomba | K8: =COUNTIF($B$5:$H$93,J8) -> 1 | L8: =K8/$K$16 -> 0.16666667
A9: Pivô 05 | J9: Painel do Pivô | K9: =COUNTIF($B$5:$H$93,J9) -> 2 | L9: =K9/$K$16 -> 0.33333333
A10: Pivô 06 | J10: Contactora | K10: =COUNTIF($B$5:$H$93,J10) -> 1 | L10: =K10/$K$16 -> 0.16666667
A11: Pivô 07 | J11: Caixa do Micro | K11: =COUNTIF($B$5:$H$93,J11) -> 0 | L11: =K11/$K$16 -> 0
A12: Pivô 08 | J12: Cabo de Segurança | K12: =COUNTIF($B$5:$H$93,J12) -> 0 | L12: =K12/$K$16 -> 0
A13: Pivô 09 | J13: Falta de Fase | K13: =COUNTIF($B$5:$H$93,J13) -> 0 | L13: =K13/$K$16 -> 0
A14: Pivô 10 | J14: Inversor de Frequência | K14: =COUNTIF($B$5:$H$93,J14) -> 0 | L14: =K14/$K$16 -> 0
A15: Pivô 11 | J15: Gerador | K15: =COUNTIF($B$5:$H$93,J15) -> 0 | L15: =K15/$K$16 -> 0
A16: Pivô 12 | J16: Total | K16: =SUM(K5:K15) -> 6
A17: Pivô 13
A18: Pivô 14
A19: Pivô 15
A20: Pivô 16
A21: Pivô 17
A22: Pivô 18
A23: Pivô 19
A24: Pivô 20
A25: Pivô 21
A26: Pivô 22 | B26: Painel da Bomba
A27: Pivô 23 | B27: Painel do Pivô
A28: Pivô 24
A29: Pivô 25
A30: Pivô 26
A31: Pivô 27
A32: Pivô 28
A33: Pivô 29
A34: Pivô 30
A35: Pivô 31
A36: Pivô 32
A37: Pivô 33
A38: Pivô 34
A39: Pivô 35
... A50: Pivô 46
A51: Pivô 47 | B51: Chave Aberta
A52: Pivô 48
A53: Pivô 49
A54: Pivô 50
A55: Pivô 51
A56: Pivô 52 | C56: Chave Aberta
A57: Pivô 53
A58: Pivô 54
A59: Pivô 55
A60: Pivô 56
A61: Pivô 73
A62: Pivô 74
A63: Pivô 101
A64: Pivô 102
A65: Pivô 103
A66: Pivô 104 | B66: Contactora
A67: Pivô 105
A68: Pivô 106
A69: Pivô 107
A70: Pivô 108
A71: Pivô 109
A72: Pivô 110
A73: Pivô 111
A74: Pivô 112
A75: Pivô 113
A76: Pivô 114
A77: Pivô 115
A78: Pivô 116
... A93: Pivô 133

Sheet 17 10 2022       
A1: Atendimento de Irrigação (Impacto - Problemas Elétricos) - Semana 17/10//2022
A3: Data | B3: 44851 | C3: =B3+1 -> 44852 | D3: =C3+1 -> 44853 | E3: =D3+1 -> 44854 | F3: =E3+1 -> 44855 | G3: =F3+1 -> 44856 | H3: =G3+1 -> 44857
A4: Pivô | B4: =TEXT(B3,"ddd") -> seg | C4: =TEXT(C3,"ddd") -> ter | D4: =TEXT(D3,"ddd") -> qua | E4: =TEXT(E3,"ddd") -> qui | F4: =TEXT(F3,"ddd") -> sex | G4: =TEXT(G3,"ddd") -> sáb | H4: =TEXT(H3,"ddd") -> dom | J4: Parâmetros | K4: Contagem | L4: Porcentagem | M4: Semana
A5: Pivô 01 | J5: Cabo Acionamento | K5: =COUNTIF($B$5:$H$93,J5) -> 0 | L5: =K5/$K$16 -> 0 | M5: =B3 -> 44851
A6: Pivô 02 | J6: Transformador | K6: =COUNTIF($B$5:$H$93,J6) -> 0 | L6: =K6/$K$16 -> 0
A7: Pivô 03 | J7: Chave Aberta | K7: =COUNTIF($B$5:$H$93,J7) -> 0 | L7: =K7/$K$16 -> 0
A8: Pivô 04 | J8: Painel da Bomba | K8: =COUNTIF($B$5:$H$93,J8) -> 1 | L8: =K8/$K$16 -> 0.33333333
A9: Pivô 05 | J9: Painel do Pivô | K9: =COUNTIF($B$5:$H$93,J9) -> 0 | L9: =K9/$K$16 -> 0
A10: Pivô 06 | J10: Contactora | K10: =COUNTIF($B$5:$H$93,J10) -> 0 | L10: =K10/$K$16 -> 0
A11: Pivô 07 | J11: Caixa do Micro | K11: =COUNTIF($B$5:$H$93,J11) -> 2 | L11: =K11/$K$16 -> 0.66666667
A12: Pivô 08 | J12: Cabo de Segurança | K12: =COUNTIF($B$5:$H$93,J12) -> 0 | L12: =K12/$K$16 -> 0
A13: Pivô 09 | J13: Falta de Fase | K13: =COUNTIF($B$5:$H$93,J13) -> 0 | L13: =K13/$K$16 -> 0
A14: Pivô 10 | J14: Inversor de Frequência | K14: =COUNTIF($B$5:$H$93,J14) -> 0 | L14: =K14/$K$16 -> 0
A15: Pivô 11 | J15: Gerador | K15: =COUNTIF($B$5:$H$93,J15) -> 0 | L15: =K15/$K$16 -> 0
A16: Pivô 12 | J16: Total | K16: =SUM(K5:K15) -> 3
A17: Pivô 13
A18: Pivô 14
A19: Pivô 15
A20: Pivô 16
A21: Pivô 17
A22: Pivô 18
A23: Pivô 19
A24: Pivô 20
A25: Pivô 21
A26: Pivô 22
A27: Pivô 23
A28: Pivô 24
... A58: Pivô 54
A59: Pivô 55 | C59: Painel da Bomba
A60: Pivô 56
A61: Pivô 73
A62: Pivô 74
A63: Pivô 101
A64: Pivô 102
A65: Pivô 103
A66: Pivô 104
A67: Pivô 105
A68: Pivô 106
A69: Pivô 107 | B69: Caixa do Micro
A70: Pivô 108
A71: Pivô 109 | B71: Caixa do Micro
A72: Pivô 110
A73: Pivô 111
A74: Pivô 112
A75: Pivô 113
A76: Pivô 114
A77: Pivô 115
A78: Pivô 116
A79: Pivô 117
A80: Pivô 118
A81: Pivô 119
A82: Pivô 120
A83: Pivô 121
... A93: Pivô 133

Sheet 24 10 2022
A1: Atendimento de Irrigação (Impacto - Problemas Elétricos) - Semana 24/10//2022
A3: Data | B3: 44858 | C3: =B3+1 -> 44859 | D3: =C3+1 -> 44860 | E3: =D3+1 -> 44861 | F3: =E3+1 -> 44862 | G3: =F3+1 -> 44863 | H3: =G3+1 -> 44864
A4: Pivô | B4: =TEXT(B3,"ddd") -> seg | C4: =TEXT(C3,"ddd") -> ter | D4: =TEXT(D3,"ddd") -> qua | E4: =TEXT(E3,"ddd") -> qui | F4: =TEXT(F3,"ddd") -> sex | G4: =TEXT(G3,"ddd") -> sáb | H4: =TEXT(H3,"ddd") -> dom | J4: Parâmetros | K4: Contagem | L4: Porcentagem | M4: Semana
A5: Pivô 01 | J5: Cabo Acionamento | K5: =COUNTIF($B$5:$H$93,J5) -> 0 | L5: =K5/$K$16 -> 0 | M5: =B3 -> 44858
A6: Pivô 02 | B6: Painel do Pivô | J6: Transformador | K6: =COUNTIF($B$5:$H$93,J6) -> 0 | L6: =K6/$K$16 -> 0
A7: Pivô 03 | J7: Chave Aberta | K7: =COUNTIF($B$5:$H$93,J7) -> 0 | L7: =K7/$K$16 -> 0
A8: Pivô 04 | J8: Painel da Bomba | K8: =COUNTIF($B$5:$H$93,J8) -> 1 | L8: =K8/$K$16 -> 0.25
A9: Pivô 05 | J9: Painel do Pivô | K9: =COUNTIF($B$5:$H$93,J9) -> 3 | L9: =K9/$K$16 -> 0.75
A10: Pivô 06 | J10: Contactora | K10: =COUNTIF($B$5:$H$93,J10) -> 0 | L10: =K10/$K$16 -> 0
A11: Pivô 07 | J11: Caixa do Micro | K11: =COUNTIF($B$5:$H$93,J11) -> 0 | L11: =K11/$K$16 -> 0
A12: Pivô 08 | J12: Cabo de Segurança | K12: =COUNTIF($B$5:$H$93,J12) -> 0 | L12: =K12/$K$16 -> 0
A13: Pivô 09 | J13: Falta de Fase | K13: =COUNTIF($B$5:$H$93,J13) -> 0 | L13: =K13/$K$16 -> 0
A14: Pivô 10 | J14: Inversor de Frequência | K14: =COUNTIF($B$5:$H$93,J14) -> 0 | L14: =K14/$K$16 -> 0
A15: Pivô 11 | J15: Gerador | K15: =COUNTIF($B$5:$H$93,J15) -> 0 | L15: =K15/$K$16 -> 0
A16: Pivô 12 | E16: Painel do Pivô | J16: Total | K16: =SUM(K5:K15) -> 4
A17: Pivô 13
A18: Pivô 14
A19: Pivô 15 | D19: Painel da Bomba
A20: Pivô 16
A21: Pivô 17
A22: Pivô 18
A23: Pivô 19
A24: Pivô 20
A25: Pivô 21
A26: Pivô 22
A27: Pivô 23
A28: Pivô 24
A29: Pivô 25
A30: Pivô 26
A31: Pivô 27
A32: Pivô 28 | E32: Painel do Pivô
A33: Pivô 29
A34: Pivô 30
A35: Pivô 31
A36: Pivô 32
A37: Pivô 33
A38: Pivô 34
A39: Pivô 35
A40: Pivô 36
A41: Pivô 37
A42: Pivô 38
A43: Pivô 39
A44: Pivô 40
... A93: Pivô 133

Sheet 31 10 2022
A1: Atendimento de Irrigação (Impacto - Problemas Elétricos) - Semana 31/10//2022
A3: Data | B3: 44865 | C3: =B3+1 -> 44866 | D3: =C3+1 -> 44867 | E3: =D3+1 -> 44868 | F3: =E3+1 -> 44869 | G3: =F3+1 -> 44870 | H3: =G3+1 -> 44871
A4: Pivô | B4: =TEXT(B3,"ddd") -> seg | C4: =TEXT(C3,"ddd") -> ter | D4: =TEXT(D3,"ddd") -> qua | E4: =TEXT(E3,"ddd") -> qui | F4: =TEXT(F3,"ddd") -> sex | G4: =TEXT(G3,"ddd") -> sáb | H4: =TEXT(H3,"ddd") -> dom | J4: Parâmetros | K4: Contagem | L4: Porcentagem | M4: Semana
A5: Pivô 01 | J5: Cabo Acionamento | K5: =COUNTIF($B$5:$H$93,J5) -> 0 | L5: =K5/$K$16 -> 0 | M5: =B3 -> 44865
A6: Pivô 02 | J6: Transformador | K6: =COUNTIF($B$5:$H$93,J6) -> 0 | L6: =K6/$K$16 -> 0
A7: Pivô 03 | J7: Chave Aberta | K7: =COUNTIF($B$5:$H$93,J7) -> 0 | L7: =K7/$K$16 -> 0
A8: Pivô 04 | J8: Painel da Bomba | K8: =COUNTIF($B$5:$H$93,J8) -> 1 | L8: =K8/$K$16 -> 0.5
A9: Pivô 05 | J9: Painel do Pivô | K9: =COUNTIF($B$5:$H$93,J9) -> 1 | L9: =K9/$K$16 -> 0.5
A10: Pivô 06 | J10: Contactora | K10: =COUNTIF($B$5:$H$93,J10) -> 0 | L10: =K10/$K$16 -> 0
A11: Pivô 07 | J11: Caixa do Micro | K11: =COUNTIF($B$5:$H$93,J11) -> 0 | L11: =K11/$K$16 -> 0
A12: Pivô 08 | J12: Cabo de Segurança | K12: =COUNTIF($B$5:$H$93,J12) -> 0 | L12: =K12/$K$16 -> 0
A13: Pivô 09 | J13: Falta de Fase | K13: =COUNTIF($B$5:$H$93,J13) -> 0 | L13: =K13/$K$16 -> 0
A14: Pivô 10 | J14: Inversor de Frequência | K14: =COUNTIF($B$5:$H$93,J14) -> 0 | L14: =K14/$K$16 -> 0
A15: Pivô 11 | J15: Gerador | K15: =COUNTIF($B$5:$H$93,J15) -> 0 | L15: =K15/$K$16 -> 0
A16: Pivô 12 | J16: Total | K16: =SUM(K5:K15) -> 2
A17: Pivô 13
A18: Pivô 14
A19: Pivô 15
A20: Pivô 16
A21: Pivô 17
A22: Pivô 18
A23: Pivô 19
A24: Pivô 20
A25: Pivô 21
A26: Pivô 22
A27: Pivô 23
A28: Pivô 24
... A58: Pivô 54
A59: Pivô 55 | G59: Painel do Pivô
A60: Pivô 56 | H60: Painel da Bomba
A61: Pivô 73
A62: Pivô 74
A63: Pivô 101
A64: Pivô 102
A65: Pivô 103
A66: Pivô 104
A67: Pivô 105
A68: Pivô 106
A69: Pivô 107
A70: Pivô 108
A71: Pivô 109
A72: Pivô 110
... A93: Pivô 133

Sheet 07 11 2022
A1: Atendimento de Irrigação (Impacto - Problemas Elétricos) - Semana 07/11/2022
A3: Data | B3: 44872 | C3: =B3+1 -> 44873 | D3: =C3+1 -> 44874 | E3: =D3+1 -> 44875 | F3: =E3+1 -> 44876 | G3: =F3+1 -> 44877 | H3: =G3+1 -> 44878
A4: Pivô | B4: =TEXT(B3,"ddd") -> seg | C4: =TEXT(C3,"ddd") -> ter | D4: =TEXT(D3,"ddd") -> qua | E4: =TEXT(E3,"ddd") -> qui | F4: =TEXT(F3,"ddd") -> sex | G4: =TEXT(G3,"ddd") -> sáb | H4: =TEXT(H3,"ddd") -> dom | J4: Parâmetros | K4: Contagem | L4: Porcentagem | M4: Semana
A5: Pivô 01 | J5: Cabo Acionamento | K5: =COUNTIF($B$5:$H$93,J5) -> 0 | L5: =K5/$K$16 -> 0 | M5: =B3 -> 44872
A6: Pivô 02 | J6: Transformador | K6: =COUNTIF($B$5:$H$93,J6) -> 0 | L6: =K6/$K$16 -> 0
A7: Pivô 03 | J7: Chave Aberta | K7: =COUNTIF($B$5:$H$93,J7) -> 0 | L7: =K7/$K$16 -> 0
A8: Pivô 04 | J8: Painel da Bomba | K8: =COUNTIF($B$5:$H$93,J8) -> 2 | L8: =K8/$K$16 -> 0.33333333
A9: Pivô 05 | J9: Painel do Pivô | K9: =COUNTIF($B$5:$H$93,J9) -> 1 | L9: =K9/$K$16 -> 0.16666667
A10: Pivô 06 | J10: Contactora | K10: =COUNTIF($B$5:$H$93,J10) -> 1 | L10: =K10/$K$16 -> 0.16666667
A11: Pivô 07 | J11: Caixa do Micro | K11: =COUNTIF($B$5:$H$93,J11) -> 0 | L11: =K11/$K$16 -> 0
A12: Pivô 08 | J12: Cabo de Segurança | K12: =COUNTIF($B$5:$H$93,J12) -> 1 | L12: =K12/$K$16 -> 0.16666667
A13: Pivô 09 | J13: Falta de Fase | K13: =COUNTIF($B$5:$H$93,J13) -> 0 | L13: =K13/$K$16 -> 0
A14: Pivô 10 | J14: Inversor de Frequência | K14: =COUNTIF($B$5:$H$93,J14) -> 1 | L14: =K14/$K$16 -> 0.16666667
A15: Pivô 11 | J15: Gerador | K15: =COUNTIF($B$5:$H$93,J15) -> 0 | L15: =K15/$K$16 -> 0
A16: Pivô 12 | J16: Total | K16: =SUM(K5:K15) -> 6
A17: Pivô 13
A18: Pivô 14
A19: Pivô 15
A20: Pivô 16
A21: Pivô 17
A22: Pivô 18
A23: Pivô 19
A24: Pivô 20
A25: Pivô 21
A26: Pivô 22
A27: Pivô 23
A28: Pivô 24 | H28: Painel do Pivô
A29: Pivô 25
A30: Pivô 26
A31: Pivô 27
A32: Pivô 28
A33: Pivô 29
A34: Pivô 30
A35: Pivô 31
A36: Pivô 32
A37: Pivô 33
A38: Pivô 34
A39: Pivô 35
A40: Pivô 36
... A46: Pivô 42
A47: Pivô 43 | E47: Cabo de Segurança
A48: Pivô 44
A49: Pivô 45
A50: Pivô 46
A51: Pivô 47
A52: Pivô 48
A53: Pivô 49
A54: Pivô 50
A55: Pivô 51
A56: Pivô 52
A57: Pivô 53
A58: Pivô 54
A59: Pivô 55
A60: Pivô 56 | B60: Painel da Bomba
A61: Pivô 73
A62: Pivô 74
A63: Pivô 101
A64: Pivô 102 | G64: Painel da Bomba
A65: Pivô 103 | D65: Contactora
A66: Pivô 104
A67: Pivô 105
A68: Pivô 106
A69: Pivô 107
A70: Pivô 108
A71: Pivô 109
A72: Pivô 110
A73: Pivô 111
A74: Pivô 112
A75: Pivô 113
A76: Pivô 114
A77: Pivô 115
... A82: Pivô 120
A83: Pivô 121 | F83: Inversor de Frequência
A84: Pivô 122
A85: Pivô 123
A86: Pivô 124
A87: Pivô 125
A88: Pivô 126
A89: Pivô 127
A90: Pivô 128
A91: Pivô 129
A92: Pivô 130
A93: Pivô 133

Sheet 14 11 2022
A1: Atendimento de Irrigação (Impacto - Problemas Elétricos) - Semana 14/11/2022
A3: Data | B3: 44879 | C3: =B3+1 -> 44880 | D3: =C3+1 -> 44881 | E3: =D3+1 -> 44882 | F3: =E3+1 -> 44883 | G3: =F3+1 -> 44884 | H3: =G3+1 -> 44885
A4: Pivô | B4: =TEXT(B3,"ddd") -> seg | C4: =TEXT(C3,"ddd") -> ter | D4: =TEXT(D3,"ddd") -> qua | E4: =TEXT(E3,"ddd") -> qui | F4: =TEXT(F3,"ddd") -> sex | G4: =TEXT(G3,"ddd") -> sáb | H4: =TEXT(H3,"ddd") -> dom | J4: Parâmetros | K4: Contagem | L4: Porcentagem | M4: Semana
A5: Pivô 01 | J5: Cabo Acionamento | K5: =COUNTIF($B$5:$H$93,J5) -> 0 | L5: =K5/$K$16 -> 0 | M5: =B3 -> 44879
A6: Pivô 02 | B6: Painel da Bomba | C6: Painel da Bomba | D6: Painel da Bomba | J6: Transformador | K6: =COUNTIF($B$5:$H$93,J6) -> 0 | L6: =K6/$K$16 -> 0
A7: Pivô 03 | J7: Chave Aberta | K7: =COUNTIF($B$5:$H$93,J7) -> 0 | L7: =K7/$K$16 -> 0
A8: Pivô 04 | J8: Painel da Bomba | K8: =COUNTIF($B$5:$H$93,J8) -> 3 | L8: =K8/$K$16 -> 1
A9: Pivô 05 | J9: Painel do Pivô | K9: =COUNTIF($B$5:$H$93,J9) -> 0 | L9: =K9/$K$16 -> 0
A10: Pivô 06 | J10: Contactora | K10: =COUNTIF($B$5:$H$93,J10) -> 0 | L10: =K10/$K$16 -> 0
A11: Pivô 07 | J11: Caixa do Micro | K11: =COUNTIF($B$5:$H$93,J11) -> 0 | L11: =K11/$K$16 -> 0
A12: Pivô 08 | J12: Cabo de Segurança | K12: =COUNTIF($B$5:$H$93,J12) -> 0 | L12: =K12/$K$16 -> 0
A13: Pivô 09 | J13: Falta de Fase | K13: =COUNTIF($B$5:$H$93,J13) -> 0 | L13: =K13/$K$16 -> 0
A14: Pivô 10 | J14: Inversor de Frequência | K14: =COUNTIF($B$5:$H$93,J14) -> 0 | L14: =K14/$K$16 -> 0
A15: Pivô 11 | J15: Gerador | K15: =COUNTIF($B$5:$H$93,J15) -> 0 | L15: =K15/$K$16 -> 0
A16: Pivô 12 | J16: Total | K16: =SUM(K5:K15) -> 3
A17: Pivô 13
A18: Pivô 14
A19: Pivô 15
A20: Pivô 16
A21: Pivô 17
A22: Pivô 18
A23: Pivô 19
A24: Pivô 20
A25: Pivô 21
A26: Pivô 22
A27: Pivô 23
A28: Pivô 24
... A93: Pivô 133

Sheet 28 11 2022
A1: Atendimento de Irrigação (Impacto - Problemas Elétricos) - Semana 14/11/2022
A3: Data | B3: 44893 | C3: =B3+1 -> 44894 | D3: =C3+1 -> 44895 | E3: =D3+1 -> 44896 | F3: =E3+1 -> 44897 | G3: =F3+1 -> 44898 | H3: =G3+1 -> 44899
A4: Pivô | B4: =TEXT(B3,"ddd") -> seg | C4: =TEXT(C3,"ddd") -> ter | D4: =TEXT(D3,"ddd") -> qua | E4: =TEXT(E3,"ddd") -> qui | F4: =TEXT(F3,"ddd") -> sex | G4: =TEXT(G3,"ddd") -> sáb | H4: =TEXT(H3,"ddd") -> dom | J4: Parâmetros | K4: Contagem | L4: Porcentagem | M4: Semana
A5: Pivô 01 | J5: Cabo Acionamento | K5: =COUNTIF($B$5:$H$93,J5) -> 0 | L5: =K5/$K$16 -> 0 | M5: =B3 -> 44893
A6: Pivô 02 | J6: Transformador | K6: =COUNTIF($B$5:$H$93,J6) -> 0 | L6: =K6/$K$16 -> 0
A7: Pivô 03 | J7: Chave Aberta | K7: =COUNTIF($B$5:$H$93,J7) -> 0 | L7: =K7/$K$16 -> 0
A8: Pivô 04 | J8: Painel da Bomba | K8: =COUNTIF($B$5:$H$93,J8) -> 1 | L8: =K8/$K$16 -> 1
A9: Pivô 05 | J9: Painel do Pivô | K9: =COUNTIF($B$5:$H$93,J9) -> 0 | L9: =K9/$K$16 -> 0
A10: Pivô 06 | J10: Contactora | K10: =COUNTIF($B$5:$H$93,J10) -> 0 | L10: =K10/$K$16 -> 0
A11: Pivô 07 | J11: Caixa do Micro | K11: =COUNTIF($B$5:$H$93,J11) -> 0 | L11: =K11/$K$16 -> 0
A12: Pivô 08 | J12: Cabo de Segurança | K12: =COUNTIF($B$5:$H$93,J12) -> 0 | L12: =K12/$K$16 -> 0
A13: Pivô 09 | J13: Falta de Fase | K13: =COUNTIF($B$5:$H$93,J13) -> 0 | L13: =K13/$K$16 -> 0
A14: Pivô 10 | J14: Inversor de Frequência | K14: =COUNTIF($B$5:$H$93,J14) -> 0 | L14: =K14/$K$16 -> 0
A15: Pivô 11 | J15: Gerador | K15: =COUNTIF($B$5:$H$93,J15) -> 0 | L15: =K15/$K$16 -> 0
A16: Pivô 12 | J16: Total | K16: =SUM(K5:K15) -> 1
A17: Pivô 13
A18: Pivô 14
A19: Pivô 15
A20: Pivô 16
A21: Pivô 17
A22: Pivô 18
A23: Pivô 19
A24: Pivô 20
A25: Pivô 21
A26: Pivô 22
A27: Pivô 23
A28: Pivô 24
A29: Pivô 25 | F29: Painel da Bomba
A30: Pivô 26
A31: Pivô 27
A32: Pivô 28
A33: Pivô 29
A34: Pivô 30
A35: Pivô 31
A36: Pivô 32
A37: Pivô 33
A38: Pivô 34
A39: Pivô 35
A40: Pivô 36
A41: Pivô 37
... A93: Pivô 133

Sheet 05 12 2022
A1: Atendimento de Irrigação (Impacto - Problemas Elétricos) - Semana 05/12/2022
A3: Data | B3: 44900 | C3: =B3+1 -> 44901 | D3: =C3+1 -> 44902 | E3: =D3+1 -> 44903 | F3: =E3+1 -> 44904 | G3: =F3+1 -> 44905 | H3: =G3+1 -> 44906
A4: Pivô | B4: =TEXT(B3,"ddd") -> seg | C4: =TEXT(C3,"ddd") -> ter | D4: =TEXT(D3,"ddd") -> qua | E4: =TEXT(E3,"ddd") -> qui | F4: =TEXT(F3,"ddd") -> sex | G4: =TEXT(G3,"ddd") -> sáb | H4: =TEXT(H3,"ddd") -> dom | J4: Parâmetros | K4: Contagem | L4: Porcentagem | M4: Semana
A5: Pivô 01 | J5: Cabo Acionamento | K5: =COUNTIF($B$5:$H$93,J5) -> 2 | L5: =K5/$K$16 -> 0.4 | M5: =B3 -> 44900
A6: Pivô 02 | J6: Transformador | K6: =COUNTIF($B$5:$H$93,J6) -> 0 | L6: =K6/$K$16 -> 0
A7: Pivô 03 | J7: Chave Aberta | K7: =COUNTIF($B$5:$H$93,J7) -> 1 | L7: =K7/$K$16 -> 0.2
A8: Pivô 04 | J8: Painel da Bomba | K8: =COUNTIF($B$5:$H$93,J8) -> 1 | L8: =K8/$K$16 -> 0.2
A9: Pivô 05 | J9: Painel do Pivô | K9: =COUNTIF($B$5:$H$93,J9) -> 0 | L9: =K9/$K$16 -> 0
A10: Pivô 06 | C10: Cabo Acionamento | D10: Cabo Acionamento | J10: Contactora | K10: =COUNTIF($B$5:$H$93,J10) -> 0 | L10: =K10/$K$16 -> 0
A11: Pivô 07 | J11: Caixa do Micro | K11: =COUNTIF($B$5:$H$93,J11) -> 0 | L11: =K11/$K$16 -> 0
A12: Pivô 08 | J12: Cabo de Segurança | K12: =COUNTIF($B$5:$H$93,J12) -> 0 | L12: =K12/$K$16 -> 0
A13: Pivô 09 | J13: Falta de Fase | K13: =COUNTIF($B$5:$H$93,J13) -> 0 | L13: =K13/$K$16 -> 0
A14: Pivô 10 | J14: Inversor de Frequência | K14: =COUNTIF($B$5:$H$93,J14) -> 1 | L14: =K14/$K$16 -> 0.2
A15: Pivô 11 | J15: Gerador | K15: =COUNTIF($B$5:$H$93,J15) -> 0 | L15: =K15/$K$16 -> 0
A16: Pivô 12 | J16: Total | K16: =SUM(K5:K15) -> 5
A17: Pivô 13
A18: Pivô 14
A19: Pivô 15
A20: Pivô 16
A21: Pivô 17
A22: Pivô 18
A23: Pivô 19
A24: Pivô 20
A25: Pivô 21
A26: Pivô 22
A27: Pivô 23
A28: Pivô 24
... A82: Pivô 120
A83: Pivô 121 | H83: Inversor de Frequência
A84: Pivô 122
A85: Pivô 123
A86: Pivô 124
A87: Pivô 125
A88: Pivô 126 | D88: Painel da Bomba | E88: Chave Aberta
A89: Pivô 127
A90: Pivô 128
A91: Pivô 129
A92: Pivô 130
A93: Pivô 133

Sheet 19 12 2022
A1: Atendimento de Irrigação (Impacto - Problemas Elétricos) - Semana 19/12/2022
A3: Data | B3: 44914 | C3: =B3+1 -> 44915 | D3: =C3+1 -> 44916 | E3: =D3+1 -> 44917 | F3: =E3+1 -> 44918 | G3: =F3+1 -> 44919 | H3: =G3+1 -> 44920
A4: Pivô | B4: =TEXT(B3,"ddd") -> seg | C4: =TEXT(C3,"ddd") -> ter | D4: =TEXT(D3,"ddd") -> qua | E4: =TEXT(E3,"ddd") -> qui | F4: =TEXT(F3,"ddd") -> sex | G4: =TEXT(G3,"ddd") -> sáb | H4: =TEXT(H3,"ddd") -> dom | J4: Parâmetros | K4: Contagem | L4: Porcentagem | M4: Semana
A5: Pivô 01 | J5: Cabo Acionamento | K5: =COUNTIF($B$5:$H$93,J5) -> 1 | L5: =K5/$K$16 -> 0.5 | M5: =B3 -> 44914
A6: Pivô 02 | J6: Transformador | K6: =COUNTIF($B$5:$H$93,J6) -> 0 | L6: =K6/$K$16 -> 0
A7: Pivô 03 | J7: Chave Aberta | K7: =COUNTIF($B$5:$H$93,J7) -> 0 | L7: =K7/$K$16 -> 0
A8: Pivô 04 | J8: Painel da Bomba | K8: =COUNTIF($B$5:$H$93,J8) -> 0 | L8: =K8/$K$16 -> 0
A9: Pivô 05 | J9: Painel do Pivô | K9: =COUNTIF($B$5:$H$93,J9) -> 1 | L9: =K9/$K$16 -> 0.5
A10: Pivô 06 | F10: Cabo Acionamento | J10: Contactora | K10: =COUNTIF($B$5:$H$93,J10) -> 0 | L10: =K10/$K$16 -> 0
A11: Pivô 07 | J11: Caixa do Micro | K11: =COUNTIF($B$5:$H$93,J11) -> 0 | L11: =K11/$K$16 -> 0
A12: Pivô 08 | J12: Cabo de Segurança | K12: =COUNTIF($B$5:$H$93,J12) -> 0 | L12: =K12/$K$16 -> 0
A13: Pivô 09 | J13: Falta de Fase | K13: =COUNTIF($B$5:$H$93,J13) -> 0 | L13: =K13/$K$16 -> 0
A14: Pivô 10 | B14: Painel do Pivô | J14: Inversor de Frequência | K14: =COUNTIF($B$5:$H$93,J14) -> 0 | L14: =K14/$K$16 -> 0
A15: Pivô 11 | J15: Gerador | K15: =COUNTIF($B$5:$H$93,J15) -> 0 | L15: =K15/$K$16 -> 0
A16: Pivô 12 | J16: Total | K16: =SUM(K5:K15) -> 2
A17: Pivô 13
A18: Pivô 14
A19: Pivô 15
A20: Pivô 16
A21: Pivô 17
A22: Pivô 18
A23: Pivô 19
A24: Pivô 20
A25: Pivô 21
A26: Pivô 22
A27: Pivô 23
A28: Pivô 24
... A93: Pivô 133

Sheet 26 12 2022
A1: Atendimento de Irrigação (Impacto - Problemas Elétricos) - Semana 19/12/2022
A3: Data | B3: 44921 | C3: =B3+1 -> 44922 | D3: =C3+1 -> 44923 | E3: =D3+1 -> 44924 | F3: =E3+1 -> 44925 | G3: =F3+1 -> 44926 | H3: =G3+1 -> 44927
A4: Pivô | B4: =TEXT(B3,"ddd") -> seg | C4: =TEXT(C3,"ddd") -> ter | D4: =TEXT(D3,"ddd") -> qua | E4: =TEXT(E3,"ddd") -> qui | F4: =TEXT(F3,"ddd") -> sex | G4: =TEXT(G3,"ddd") -> sáb | H4: =TEXT(H3,"ddd") -> dom | J4: Parâmetros | K4: Contagem | L4: Porcentagem | M4: Semana
A5: Pivô 01 | J5: Cabo Acionamento | K5: =COUNTIF($B$5:$H$93,J5) -> 0 | L5: =K5/$K$16 -> 0 | M5: =B3 -> 44921
A6: Pivô 02 | J6: Transformador | K6: =COUNTIF($B$5:$H$93,J6) -> 0 | L6: =K6/$K$16 -> 0
A7: Pivô 03 | J7: Chave Aberta | K7: =COUNTIF($B$5:$H$93,J7) -> 0 | L7: =K7/$K$16 -> 0
A8: Pivô 04 | J8: Painel da Bomba | K8: =COUNTIF($B$5:$H$93,J8) -> 1 | L8: =K8/$K$16 -> 1
A9: Pivô 05 | J9: Painel do Pivô | K9: =COUNTIF($B$5:$H$93,J9) -> 0 | L9: =K9/$K$16 -> 0
A10: Pivô 06 | J10: Contactora | K10: =COUNTIF($B$5:$H$93,J10) -> 0 | L10: =K10/$K$16 -> 0
A11: Pivô 07 | J11: Caixa do Micro | K11: =COUNTIF($B$5:$H$93,J11) -> 0 | L11: =K11/$K$16 -> 0
A12: Pivô 08 | J12: Cabo de Segurança | K12: =COUNTIF($B$5:$H$93,J12) -> 0 | L12: =K12/$K$16 -> 0
A13: Pivô 09 | J13: Falta de Fase | K13: =COUNTIF($B$5:$H$93,J13) -> 0 | L13: =K13/$K$16 -> 0
A14: Pivô 10 | J14: Inversor de Frequência | K14: =COUNTIF($B$5:$H$93,J14) -> 0 | L14: =K14/$K$16 -> 0
A15: Pivô 11 | J15: Gerador | K15: =COUNTIF($B$5:$H$93,J15) -> 0 | L15: =K15/$K$16 -> 0
A16: Pivô 12 | J16: Total | K16: =SUM(K5:K15) -> 1
A17: Pivô 13
A18: Pivô 14
A19: Pivô 15
A20: Pivô 16
A21: Pivô 17
A22: Pivô 18
A23: Pivô 19
A24: Pivô 20
A25: Pivô 21
A26: Pivô 22
A27: Pivô 23
A28: Pivô 24
... A75: Pivô 113
A76: Pivô 114 | E76: Painel da Bomba
A77: Pivô 115
A78: Pivô 116
A79: Pivô 117
A80: Pivô 118
A81: Pivô 119
A82: Pivô 120
A83: Pivô 121
A84: Pivô 122
A85: Pivô 123
A86: Pivô 124
A87: Pivô 125
A88: Pivô 126
... A93: Pivô 133

Sheet 02 01 2023
A1: Atendimento de Irrigação (Impacto - Problemas Elétricos) - Semana 02/01/2023
A3: Data | B3: 44928 | C3: =B3+1 -> 44929 | D3: =C3+1 -> 44930 | E3: =D3+1 -> 44931 | F3: =E3+1 -> 44932 | G3: =F3+1 -> 44933 | H3: =G3+1 -> 44934
A4: Pivô | B4: =TEXT(B3,"ddd") -> seg | C4: =TEXT(C3,"ddd") -> ter | D4: =TEXT(D3,"ddd") -> qua | E4: =TEXT(E3,"ddd") -> qui | F4: =TEXT(F3,"ddd") -> sex | G4: =TEXT(G3,"ddd") -> sáb | H4: =TEXT(H3,"ddd") -> dom | J4: Parâmetros | K4: Contagem | L4: Porcentagem | M4: Semana
A5: Pivô 01 | J5: Cabo Acionamento | K5: =COUNTIF($B$5:$H$93,J5) -> 3 | L5: =K5/$K$17 -> 0.3 | M5: =B3 -> 44928
A6: Pivô 02 | J6: Transformador | K6: =COUNTIF($B$5:$H$93,J6) -> 0 | L6: =K6/$K$17 -> 0
A7: Pivô 03 | J7: Chave Aberta | K7: =COUNTIF($B$5:$H$93,J7) -> 0 | L7: =K7/$K$17 -> 0
A8: Pivô 04 | J8: Painel da Bomba | K8: =COUNTIF($B$5:$H$93,J8) -> 5 | L8: =K8/$K$17 -> 0.5
A9: Pivô 05 | J9: Painel do Pivô | K9: =COUNTIF($B$5:$H$93,J9) -> 0 | L9: =K9/$K$17 -> 0
A10: Pivô 06 | C10: Cabo Acionamento | D10: Cabo Acionamento | J10: Contactora | K10: =COUNTIF($B$5:$H$93,J10) -> 0 | L10: =K10/$K$17 -> 0
A11: Pivô 07 | J11: Caixa do Micro | K11: =COUNTIF($B$5:$H$93,J11) -> 0 | L11: =K11/$K$17 -> 0
A12: Pivô 08 | J12: Cabo de Segurança | K12: =COUNTIF($B$5:$H$93,J12) -> 0 | L12: =K12/$K$17 -> 0
A13: Pivô 09 | J13: Falta de Fase | K13: =COUNTIF($B$5:$H$93,J13) -> 0 | L13: =K13/$K$17 -> 0
A14: Pivô 10 | C14: Cabo Acionamento | J14: Inversor de Frequência | K14: =COUNTIF($B$5:$H$93,J14) -> 0 | L14: =K14/$K$17 -> 0
A15: Pivô 11 | J15: Injeferd | K15: =COUNTIF($B$5:$H$93,J15) -> 2 | L15: =K15/$K$17 -> 0.2
A16: Pivô 12 | C16: Painel da Bomba | J16: Gerador | K16: =COUNTIF($B$5:$H$93,J16) -> 0 | L16: =K16/$K$17 -> 0
A17: Pivô 13 | J17: Total | K17: =SUM(K5:K16) -> 10
A18: Pivô 14
A19: Pivô 15
A20: Pivô 16
A21: Pivô 17
A22: Pivô 18
A23: Pivô 19
A24: Pivô 20
A25: Pivô 21
A26: Pivô 22
A27: Pivô 23
A28: Pivô 24
A29: Pivô 25
... A33: Pivô 29
A34: Pivô 30 | C34: Injeferd | D34: Injeferd
A35: Pivô 31
A36: Pivô 32
A37: Pivô 33
A38: Pivô 34
A39: Pivô 35 | C39: Painel da Bomba
A40: Pivô 36
A41: Pivô 37
A42: Pivô 38
A43: Pivô 39
A44: Pivô 40
A45: Pivô 41
A46: Pivô 42
A47: Pivô 43
A48: Pivô 44
A49: Pivô 45
A50: Pivô 46
A51: Pivô 47
... A61: Pivô 73
A62: Pivô 74 | D62: Painel da Bomba | E62: Painel da Bomba
A63: Pivô 101
A64: Pivô 102
A65: Pivô 103
A66: Pivô 104
A67: Pivô 105
A68: Pivô 106
A69: Pivô 107 | C69: Painel da Bomba
A70: Pivô 108
A71: Pivô 109
A72: Pivô 110
A73: Pivô 111
A74: Pivô 112
A75: Pivô 113
A76: Pivô 114
A77: Pivô 115
A78: Pivô 116
A79: Pivô 117
A80: Pivô 118
A81: Pivô 119
... A93: Pivô 133

Sheet 09 01 2023
A1: Atendimento de Irrigação (Impacto - Problemas Elétricos) - Semana 02/01/2023
A3: Data | B3: 44935 | C3: =B3+1 -> 44936 | D3: =C3+1 -> 44937 | E3: =D3+1 -> 44938 | F3: =E3+1 -> 44939 | G3: =F3+1 -> 44940 | H3: =G3+1 -> 44941
A4: Pivô | B4: =TEXT(B3,"ddd") -> seg | C4: =TEXT(C3,"ddd") -> ter | D4: =TEXT(D3,"ddd") -> qua | E4: =TEXT(E3,"ddd") -> qui | F4: =TEXT(F3,"ddd") -> sex | G4: =TEXT(G3,"ddd") -> sáb | H4: =TEXT(H3,"ddd") -> dom | J4: Parâmetros | K4: Contagem | L4: Porcentagem | M4: Semana
A5: Pivô 01 | J5: Cabo Acionamento | K5: =COUNTIF($B$5:$H$93,J5) -> 0 | L5: =K5/$K$17 -> 0 | M5: =B3 -> 44935
A6: Pivô 02 | J6: Transformador | K6: =COUNTIF($B$5:$H$93,J6) -> 0 | L6: =K6/$K$17 -> 0
A7: Pivô 03 | J7: Chave Aberta | K7: =COUNTIF($B$5:$H$93,J7) -> 0 | L7: =K7/$K$17 -> 0
A8: Pivô 04 | J8: Painel da Bomba | K8: =COUNTIF($B$5:$H$93,J8) -> 4 | L8: =K8/$K$17 -> 1
A9: Pivô 05 | J9: Painel do Pivô | K9: =COUNTIF($B$5:$H$93,J9) -> 0 | L9: =K9/$K$17 -> 0
A10: Pivô 06 | J10: Contactora | K10: =COUNTIF($B$5:$H$93,J10) -> 0 | L10: =K10/$K$17 -> 0
A11: Pivô 07 | J11: Caixa do Micro | K11: =COUNTIF($B$5:$H$93,J11) -> 0 | L11: =K11/$K$17 -> 0
A12: Pivô 08 | J12: Cabo de Segurança | K12: =COUNTIF($B$5:$H$93,J12) -> 0 | L12: =K12/$K$17 -> 0
A13: Pivô 09 | J13: Falta de Fase | K13: =COUNTIF($B$5:$H$93,J13) -> 0 | L13: =K13/$K$17 -> 0
A14: Pivô 10 | J14: Inversor de Frequência | K14: =COUNTIF($B$5:$H$93,J14) -> 0 | L14: =K14/$K$17 -> 0
A15: Pivô 11 | J15: Injeferd | K15: =COUNTIF($B$5:$H$93,J15) -> 0 | L15: =K15/$K$17 -> 0
A16: Pivô 12 | J16: Gerador | K16: =COUNTIF($B$5:$H$93,J16) -> 0 | L16: =K16/$K$17 -> 0
A17: Pivô 13 | J17: Total | K17: =SUM(K5:K16) -> 4
A18: Pivô 14
A19: Pivô 15
A20: Pivô 16
A21: Pivô 17
A22: Pivô 18
A23: Pivô 19
A24: Pivô 20
A25: Pivô 21
A26: Pivô 22
A27: Pivô 23
A28: Pivô 24
A29: Pivô 25
... A53: Pivô 49
A54: Pivô 50 | H54: Painel da Bomba
A55: Pivô 51 | H55: Painel da Bomba
A56: Pivô 52
A57: Pivô 53
A58: Pivô 54
A59: Pivô 55
A60: Pivô 56
A61: Pivô 73
A62: Pivô 74
A63: Pivô 101
A64: Pivô 102
A65: Pivô 103
A66: Pivô 104
A67: Pivô 105
... A74: Pivô 112
A75: Pivô 113 | F75: Painel da Bomba
A76: Pivô 114
A77: Pivô 115 | F77: Painel da Bomba
A78: Pivô 116
A79: Pivô 117
A80: Pivô 118
A81: Pivô 119
A82: Pivô 120
A83: Pivô 121
A84: Pivô 122
A85: Pivô 123
A86: Pivô 124
A87: Pivô 125
A88: Pivô 126
A89: Pivô 127
... A93: Pivô 133

Sheet 16 01 2023
A1: Atendimento de Irrigação (Impacto - Problemas Elétricos) - Semana 16/01/2023
A3: Data | B3: 44942 | C3: =B3+1 -> 44943 | D3: =C3+1 -> 44944 | E3: =D3+1 -> 44945 | F3: =E3+1 -> 44946 | G3: =F3+1 -> 44947 | H3: =G3+1 -> 44948
A4: Pivô | B4: =TEXT(B3,"ddd") -> seg | C4: =TEXT(C3,"ddd") -> ter | D4: =TEXT(D3,"ddd") -> qua | E4: =TEXT(E3,"ddd") -> qui | F4: =TEXT(F3,"ddd") -> sex | G4: =TEXT(G3,"ddd") -> sáb | H4: =TEXT(H3,"ddd") -> dom | J4: Parâmetros | K4: Contagem | L4: Porcentagem | M4: Semana
A5: Pivô 01 | J5: Cabo Acionamento | K5: =COUNTIF($B$5:$H$93,J5) -> 1 | L5: =K5/$K$17 -> 0.066666667 | M5: =B3 -> 44942
A6: Pivô 02 | J6: Transformador | K6: =COUNTIF($B$5:$H$93,J6) -> 0 | L6: =K6/$K$17 -> 0
A7: Pivô 03 | J7: Chave Aberta | K7: =COUNTIF($B$5:$H$93,J7) -> 4 | L7: =K7/$K$17 -> 0.26666667
A8: Pivô 04 | J8: Painel da Bomba | K8: =COUNTIF($B$5:$H$93,J8) -> 6 | L8: =K8/$K$17 -> 0.4
A9: Pivô 05 | J9: Painel do Pivô | K9: =COUNTIF($B$5:$H$93,J9) -> 1 | L9: =K9/$K$17 -> 0.066666667
A10: Pivô 06 | E10: Painel da Bomba | J10: Contactora | K10: =COUNTIF($B$5:$H$93,J10) -> 0 | L10: =K10/$K$17 -> 0
A11: Pivô 07 | J11: Caixa do Micro | K11: =COUNTIF($B$5:$H$93,J11) -> 0 | L11: =K11/$K$17 -> 0
A12: Pivô 08 | E12: Painel da Bomba | J12: Cabo de Segurança | K12: =COUNTIF($B$5:$H$93,J12) -> 0 | L12: =K12/$K$17 -> 0
A13: Pivô 09 | D13: Painel da Bomba | J13: Falta de Fase | K13: =COUNTIF($B$5:$H$93,J13) -> 0 | L13: =K13/$K$17 -> 0
A14: Pivô 10 | J14: Inversor de Frequência | K14: =COUNTIF($B$5:$H$93,J14) -> 3 | L14: =K14/$K$17 -> 0.2
A15: Pivô 11 | J15: Injeferd | K15: =COUNTIF($B$5:$H$93,J15) -> 0 | L15: =K15/$K$17 -> 0
A16: Pivô 12 | J16: Gerador | K16: =COUNTIF($B$5:$H$93,J16) -> 0 | L16: =K16/$K$17 -> 0
A17: Pivô 13 | E17: Painel da Bomba | J17: Total | K17: =SUM(K5:K16) -> 15
A18: Pivô 14
A19: Pivô 15
A20: Pivô 16
A21: Pivô 17 | D21: Cabo Acionamento
A22: Pivô 18
A23: Pivô 19 | D23: Inversor de Frequência | E23: Inversor de Frequência | F23: Inversor de Frequência
A24: Pivô 20
A25: Pivô 21
A26: Pivô 22
A27: Pivô 23
A28: Pivô 24
A29: Pivô 25
A30: Pivô 26
A31: Pivô 27
A32: Pivô 28
A33: Pivô 29
A34: Pivô 30 | F34: Painel da Bomba
A35: Pivô 31
A36: Pivô 32
A37: Pivô 33
A38: Pivô 34
A39: Pivô 35
A40: Pivô 36
A41: Pivô 37
A42: Pivô 38
A43: Pivô 39
A44: Pivô 40
A45: Pivô 41
A46: Pivô 42
... A60: Pivô 56
A61: Pivô 73 | F61: Painel do Pivô
A62: Pivô 74
A63: Pivô 101
A64: Pivô 102
A65: Pivô 103
A66: Pivô 104
A67: Pivô 105
A68: Pivô 106
A69: Pivô 107
A70: Pivô 108
A71: Pivô 109
A72: Pivô 110
A73: Pivô 111
... A80: Pivô 118
A81: Pivô 119 | C81: Chave Aberta
A82: Pivô 120
A83: Pivô 121
A84: Pivô 122 | C84: Painel da Bomba
A85: Pivô 123
A86: Pivô 124 | C86: Chave Aberta
A87: Pivô 125
A88: Pivô 126
A89: Pivô 127
A90: Pivô 128
A91: Pivô 129
A92: Pivô 130 | C92: Chave Aberta
A93: Pivô 133 | C93: Chave Aberta

Sheet 23 01 2023
A1: Atendimento de Irrigação (Impacto - Problemas Elétricos) - Semana 16/01/2023
A3: Data | B3: 44949 | C3: =B3+1 -> 44950 | D3: =C3+1 -> 44951 | E3: =D3+1 -> 44952 | F3: =E3+1 -> 44953 | G3: =F3+1 -> 44954 | H3: =G3+1 -> 44955
A4: Pivô | B4: =TEXT(B3,"ddd") -> seg | C4: =TEXT(C3,"ddd") -> ter | D4: =TEXT(D3,"ddd") -> qua | E4: =TEXT(E3,"ddd") -> qui | F4: =TEXT(F3,"ddd") -> sex | G4: =TEXT(G3,"ddd") -> sáb | H4: =TEXT(H3,"ddd") -> dom | J4: Parâmetros | K4: Contagem | L4: Porcentagem | M4: Semana
A5: Pivô 01 | J5: Cabo Acionamento | K5: =COUNTIF($B$5:$H$93,J5) -> 0 | L5: =K5/$K$17 -> 0 | M5: =B3 -> 44949
A6: Pivô 02 | J6: Transformador | K6: =COUNTIF($B$5:$H$93,J6) -> 0 | L6: =K6/$K$17 -> 0
A7: Pivô 03 | J7: Chave Aberta | K7: =COUNTIF($B$5:$H$93,J7) -> 0 | L7: =K7/$K$17 -> 0
A8: Pivô 04 | J8: Painel da Bomba | K8: =COUNTIF($B$5:$H$93,J8) -> 1 | L8: =K8/$K$17 -> 1
A9: Pivô 05 | J9: Painel do Pivô | K9: =COUNTIF($B$5:$H$93,J9) -> 0 | L9: =K9/$K$17 -> 0
A10: Pivô 06 | J10: Contactora | K10: =COUNTIF($B$5:$H$93,J10) -> 0 | L10: =K10/$K$17 -> 0
A11: Pivô 07 | J11: Caixa do Micro | K11: =COUNTIF($B$5:$H$93,J11) -> 0 | L11: =K11/$K$17 -> 0
A12: Pivô 08 | J12: Cabo de Segurança | K12: =COUNTIF($B$5:$H$93,J12) -> 0 | L12: =K12/$K$17 -> 0
A13: Pivô 09 | J13: Falta de Fase | K13: =COUNTIF($B$5:$H$93,J13) -> 0 | L13: =K13/$K$17 -> 0
A14: Pivô 10 | J14: Inversor de Frequência | K14: =COUNTIF($B$5:$H$93,J14) -> 0 | L14: =K14/$K$17 -> 0
A15: Pivô 11 | J15: Injeferd | K15: =COUNTIF($B$5:$H$93,J15) -> 0 | L15: =K15/$K$17 -> 0
A16: Pivô 12 | J16: Gerador | K16: =COUNTIF($B$5:$H$93,J16) -> 0 | L16: =K16/$K$17 -> 0
A17: Pivô 13 | J17: Total | K17: =SUM(K5:K16) -> 1
A18: Pivô 14
A19: Pivô 15
A20: Pivô 16
A21: Pivô 17
A22: Pivô 18
A23: Pivô 19
A24: Pivô 20
A25: Pivô 21
A26: Pivô 22
A27: Pivô 23
A28: Pivô 24
A29: Pivô 25
... A91: Pivô 129
A92: Pivô 130 | B92: Painel da Bomba
A93: Pivô 133

Sheet 30 01 2023
A1: Atendimento de Irrigação (Impacto - Problemas Elétricos) - Semana 30/01/2023
A3: Data | B3: 44956 | C3: =B3+1 -> 44957 | D3: =C3+1 -> 44958 | E3: =D3+1 -> 44959 | F3: =E3+1 -> 44960 | G3: =F3+1 -> 44961 | H3: =G3+1 -> 44962
A4: Pivô | B4: =TEXT(B3,"ddd") -> seg | C4: =TEXT(C3,"ddd") -> ter | D4: =TEXT(D3,"ddd") -> qua | E4: =TEXT(E3,"ddd") -> qui | F4: =TEXT(F3,"ddd") -> sex | G4: =TEXT(G3,"ddd") -> sáb | H4: =TEXT(H3,"ddd") -> dom | J4: Parâmetros | K4: Contagem | L4: Porcentagem | M4: Semana
A5: Pivô 01 | D5: Painel da Bomba | J5: Cabo Acionamento | K5: =COUNTIF($B$5:$H$93,J5) -> 1 | L5: =K5/$K$17 -> 0.03030303 | M5: =B3 -> 44956
A6: Pivô 02 | J6: Transformador | K6: =COUNTIF($B$5:$H$93,J6) -> 1 | L6: =K6/$K$17 -> 0.03030303
A7: Pivô 03 | J7: Chave Aberta | K7: =COUNTIF($B$5:$H$93,J7) -> 0 | L7: =K7/$K$17 -> 0
A8: Pivô 04 | J8: Painel da Bomba | K8: =COUNTIF($B$5:$H$93,J8) -> 30 | L8: =K8/$K$17 -> 0.90909091
A9: Pivô 05 | C9: Painel da Bomba | D9: Painel da Bomba | E9: Painel da Bomba | F9: Painel da Bomba | G9: Painel da Bomba | H9: Painel da Bomba | J9: Painel do Pivô | K9: =COUNTIF($B$5:$H$93,J9) -> 1 | L9: =K9/$K$17 -> 0.03030303
A10: Pivô 06 | C10: Painel da Bomba | D10: Painel da Bomba | E10: Painel da Bomba | F10: Painel da Bomba | G10: Painel da Bomba | H10: Painel da Bomba | J10: Contactora | K10: =COUNTIF($B$5:$H$93,J10) -> 0 | L10: =K10/$K$17 -> 0
A11: Pivô 07 | J11: Caixa do Micro | K11: =COUNTIF($B$5:$H$93,J11) -> 0 | L11: =K11/$K$17 -> 0
A12: Pivô 08 | J12: Cabo de Segurança | K12: =COUNTIF($B$5:$H$93,J12) -> 0 | L12: =K12/$K$17 -> 0
A13: Pivô 09 | J13: Falta de Fase | K13: =COUNTIF($B$5:$H$93,J13) -> 0 | L13: =K13/$K$17 -> 0
A14: Pivô 10 | C14: Painel da Bomba | E14: Painel da Bomba | J14: Inversor de Frequência | K14: =COUNTIF($B$5:$H$93,J14) -> 0 | L14: =K14/$K$17 -> 0
A15: Pivô 11 | J15: Injeferd | K15: =COUNTIF($B$5:$H$93,J15) -> 0 | L15: =K15/$K$17 -> 0
A16: Pivô 12 | J16: Gerador | K16: =COUNTIF($B$5:$H$93,J16) -> 0 | L16: =K16/$K$17 -> 0
A17: Pivô 13 | J17: Total | K17: =SUM(K5:K16) -> 33
A18: Pivô 14
A19: Pivô 15
A20: Pivô 16 | C20: Transformador
A21: Pivô 17
A22: Pivô 18
A23: Pivô 19
A24: Pivô 20 | D24: Painel da Bomba
A25: Pivô 21
A26: Pivô 22 | F26: Painel da Bomba
A27: Pivô 23 | D27: Painel da Bomba | E27: Painel da Bomba | F27: Painel da Bomba
A28: Pivô 24 | E28: Painel da Bomba | F28: Painel da Bomba
A29: Pivô 25 | C29: Painel da Bomba
A30: Pivô 26
A31: Pivô 27
A32: Pivô 28
A33: Pivô 29
A34: Pivô 30 | F34: Painel da Bomba
A35: Pivô 31
A36: Pivô 32
A37: Pivô 33
A38: Pivô 34
A39: Pivô 35
A40: Pivô 36
A41: Pivô 37
A42: Pivô 38
A43: Pivô 39
A44: Pivô 40
A45: Pivô 41
A46: Pivô 42
... A53: Pivô 49
A54: Pivô 50 | G54: Cabo Acionamento
A55: Pivô 51 | G55: Painel do Pivô
A56: Pivô 52
A57: Pivô 53
A58: Pivô 54 | G58: Painel da Bomba
A59: Pivô 55
A60: Pivô 56
A61: Pivô 73
A62: Pivô 74
A63: Pivô 101
A64: Pivô 102
A65: Pivô 103
A66: Pivô 104
A67: Pivô 105
A68: Pivô 106
A69: Pivô 107
A70: Pivô 108 | D70: Painel da Bomba | E70: Painel da Bomba
A71: Pivô 109
A72: Pivô 110 | C72: Painel da Bomba
A73: Pivô 111
A74: Pivô 112
A75: Pivô 113 | D75: Painel da Bomba
A76: Pivô 114
A77: Pivô 115
A78: Pivô 116
A79: Pivô 117
A80: Pivô 118
A81: Pivô 119
A82: Pivô 120
A83: Pivô 121
A84: Pivô 122 | D84: Painel da Bomba
A85: Pivô 123
A86: Pivô 124
A87: Pivô 125
A88: Pivô 126
A89: Pivô 127
A90: Pivô 128
A91: Pivô 129
A92: Pivô 130
A93: Pivô 133

Sheet 06 02 2023
A1: Atendimento de Irrigação (Impacto - Problemas Elétricos) - Semana 06/02/2023
A3: Data | B3: 44963 | C3: =B3+1 -> 44964 | D3: =C3+1 -> 44965 | E3: =D3+1 -> 44966 | F3: =E3+1 -> 44967 | G3: =F3+1 -> 44968 | H3: =G3+1 -> 44969
A4: Pivô | B4: =TEXT(B3,"ddd") -> seg | C4: =TEXT(C3,"ddd") -> ter | D4: =TEXT(D3,"ddd") -> qua | E4: =TEXT(E3,"ddd") -> qui | F4: =TEXT(F3,"ddd") -> sex | G4: =TEXT(G3,"ddd") -> sáb | H4: =TEXT(H3,"ddd") -> dom | J4: Parâmetros | K4: Contagem | L4: Porcentagem | M4: Semana
A5: Pivô 01 | B5: Painel da Bomba | J5: Cabo Acionamento | K5: =COUNTIF($B$5:$H$109,J5) -> 10 | L5: =K5/$K$17 -> 0.37037037 | M5: =B3 -> 44963
A6: Pivô 02 | J6: Transformador | K6: =COUNTIF($B$5:$H$109,J6) -> 1 | L6: =K6/$K$17 -> 0.037037037
A7: Pivô 03 | J7: Chave Aberta | K7: =COUNTIF($B$5:$H$109,J7) -> 0 | L7: =K7/$K$17 -> 0
A8: Pivô 04 | J8: Painel da Bomba | K8: =COUNTIF($B$5:$H$109,J8) -> 4 | L8: =K8/$K$17 -> 0.14814815
A9: Pivô 05 | J9: Painel do Pivô | K9: =COUNTIF($B$5:$H$109,J9) -> 12 | L9: =K9/$K$17 -> 0.44444444
A10: Pivô 06 | J10: Contactora | K10: =COUNTIF($B$5:$H$109,J10) -> 0 | L10: =K10/$K$17 -> 0
A11: Pivô 07 | J11: Caixa do Micro | K11: =COUNTIF($B$5:$H$109,J11) -> 0 | L11: =K11/$K$17 -> 0
A12: Pivô 08 | J12: Cabo de Segurança | K12: =COUNTIF($B$5:$H$109,J12) -> 0 | L12: =K12/$K$17 -> 0
A13: Pivô 09 | J13: Falta de Fase | K13: =COUNTIF($B$5:$H$109,J13) -> 0 | L13: =K13/$K$17 -> 0
A14: Pivô 10 | J14: Inversor de Frequência | K14: =COUNTIF($B$5:$H$109,J14) -> 0 | L14: =K14/$K$17 -> 0
A15: Pivô 11 | J15: Injeferd | K15: =COUNTIF($B$5:$H$109,J15) -> 0 | L15: =K15/$K$17 -> 0
A16: Pivô 12 | J16: Gerador | K16: =COUNTIF($B$5:$H$109,J16) -> 0 | L16: =K16/$K$17 -> 0
A17: Pivô 13 | J17: Total | K17: =SUM(K5:K16) -> 27
A18: Pivô 14
A19: Pivô 15
A20: Pivô 16
A21: Pivô 17
A22: Pivô 18
A23: Pivô 19
A24: Pivô 20
A25: Pivô 21
A26: Pivô 22 | B26: Painel do Pivô | C26: Painel do Pivô | D26: Painel do Pivô | E26: Painel do Pivô | F26: Painel do Pivô | G26: Painel do Pivô | H26: Painel do Pivô
A27: Pivô 23
A28: Pivô 24
A29: Pivô 25 | C29: Painel do Pivô
A30: Pivô 26
A31: Pivô 27
A32: Pivô 28
A33: Pivô 29
A34: Pivô 30 | E34: Cabo Acionamento | F34: Cabo Acionamento | G34: Cabo Acionamento | H34: Cabo Acionamento
A35: Pivô 31
A36: Pivô 32
A37: Pivô 33
A38: Pivô 34
A39: Pivô 35
A40: Pivô 36
A41: Pivô 37
A42: Pivô 38
A43: Pivô 39
A44: Pivô 40
A45: Pivô 41
A46: Pivô 42
... A53: Pivô 49
A54: Pivô 50 | B54: Cabo Acionamento | C54: Cabo Acionamento | D54: Cabo Acionamento | E54: Cabo Acionamento | G54: Cabo Acionamento | H54: Cabo Acionamento
A55: Pivô 51
A56: Pivô 52
A57: Pivô 53
A58: Pivô 54
A59: Pivô 55
A60: Pivô 56
A61: Pivô 57
A62: Pivô 58
A63: Pivô 59
A64: Pivô 60
A65: Pivô 61 | E65: Painel da Bomba
A66: Pivô 62
A67: Pivô 63
A68: Pivô 64
A69: Pivô 65
A70: Pivô 66 | E70: Transformador | F70: Painel do Pivô | G70: Painel do Pivô
A71: Pivô 67 | G71: Painel do Pivô
A72: Pivô 68 | G72: Painel do Pivô
A73: Pivô 69
A74: Pivô 70
A75: Pivô 71
A76: Pivô 72
A77: Pivô 73
A78: Pivô 74
A79: Pivô 101
A80: Pivô 102
A81: Pivô 103
A82: Pivô 104
A83: Pivô 105
A84: Pivô 106
... A92: Pivô 114
A93: Pivô 115 | C93: Painel da Bomba
A94: Pivô 116
A95: Pivô 117
A96: Pivô 118
A97: Pivô 119
A98: Pivô 120
A99: Pivô 121
A100: Pivô 122 | C100: Painel da Bomba
A101: Pivô 123
A102: Pivô 124
A103: Pivô 125
A104: Pivô 126
A105: Pivô 127
A106: Pivô 128
A107: Pivô 129
A108: Pivô 130
A109: Pivô 133

Sheet 13 02 2023
A1: Atendimento de Irrigação (Impacto - Problemas Elétricos) - Semana 13/02/2023
A3: Data | B3: 44970 | C3: =B3+1 -> 44971 | D3: =C3+1 -> 44972 | E3: =D3+1 -> 44973 | F3: =E3+1 -> 44974 | G3: =F3+1 -> 44975 | H3: =G3+1 -> 44976
A4: Pivô | B4: =TEXT(B3,"ddd") -> seg | C4: =TEXT(C3,"ddd") -> ter | D4: =TEXT(D3,"ddd") -> qua | E4: =TEXT(E3,"ddd") -> qui | F4: =TEXT(F3,"ddd") -> sex | G4: =TEXT(G3,"ddd") -> sáb | H4: =TEXT(H3,"ddd") -> dom | J4: Parâmetros | K4: Contagem | L4: Porcentagem | M4: Semana
A5: Pivô 01 | C5: Caixa do Micro | D5: Caixa do Micro | J5: Cabo Acionamento | K5: =COUNTIF($B$5:$H$109,J5) -> 4 | L5: =K5/$K$18 -> 0.16666667 | M5: =B3 -> 44970
A6: Pivô 02 | J6: Transformador | K6: =COUNTIF($B$5:$H$109,J6) -> 0 | L6: =K6/$K$18 -> 0
A7: Pivô 03 | J7: Chave Aberta | K7: =COUNTIF($B$5:$H$109,J7) -> 0 | L7: =K7/$K$18 -> 0
A8: Pivô 04 | J8: Painel da Bomba | K8: =COUNTIF($B$5:$H$109,J8) -> 2 | L8: =K8/$K$18 -> 0.083333333
A9: Pivô 05 | J9: Painel do Pivô | K9: =COUNTIF($B$5:$H$109,J9) -> 0 | L9: =K9/$K$18 -> 0
A10: Pivô 06 | J10: Contactora | K10: =COUNTIF($B$5:$H$109,J10) -> 0 | L10: =K10/$K$18 -> 0
A11: Pivô 07 | J11: Caixa do Micro | K11: =COUNTIF($B$5:$H$109,J11) -> 5 | L11: =K11/$K$18 -> 0.20833333
A12: Pivô 08 | J12: Cabo de Segurança | K12: =COUNTIF($B$5:$H$109,J12) -> 0 | L12: =K12/$K$18 -> 0
A13: Pivô 09 | J13: Falta de Fase | K13: =COUNTIF($B$5:$H$109,J13) -> 4 | L13: =K13/$K$18 -> 0.16666667
A14: Pivô 10 | J14: Inversor de Frequência | K14: =COUNTIF($B$5:$H$109,J14) -> 3 | L14: =K14/$K$18 -> 0.125
A15: Pivô 11 | J15: Injeferd | K15: =COUNTIF($B$5:$H$109,J15) -> 0 | L15: =K15/$K$18 -> 0
A16: Pivô 12 | J16: Disjuntor | K16: =COUNTIF($B$5:$H$109,J16) -> 6 | L16: =K16/$K$18 -> 0.25
A17: Pivô 13 | J17: Gerador | K17: =COUNTIF($B$5:$H$109,J17) -> 0 | L17: =K17/$K$18 -> 0
A18: Pivô 14 | J18: Total | K18: =SUM(K5:K17) -> 24
A19: Pivô 15
A20: Pivô 16
A21: Pivô 17 | C21: Cabo Acionamento | F21: Cabo Acionamento
A22: Pivô 18 | D22: Cabo Acionamento
A23: Pivô 19
A24: Pivô 20
A25: Pivô 21
A26: Pivô 22
A27: Pivô 23
A28: Pivô 24
A29: Pivô 25
A30: Pivô 26
A31: Pivô 27
A32: Pivô 28
A33: Pivô 29
A34: Pivô 30
... A38: Pivô 34
A39: Pivô 35 | D39: Disjuntor | E39: Disjuntor
A40: Pivô 36
A41: Pivô 37
A42: Pivô 38
A43: Pivô 39
A44: Pivô 40
A45: Pivô 41
A46: Pivô 42
A47: Pivô 43
A48: Pivô 44
A49: Pivô 45
A50: Pivô 46
A51: Pivô 47
... A55: Pivô 51
A56: Pivô 52 | D56: Disjuntor
A57: Pivô 53 | B57: Falta de Fase | E57: Disjuntor
A58: Pivô 54
A59: Pivô 55
A60: Pivô 56 | B60: Falta de Fase | E60: Disjuntor
A61: Pivô 57
A62: Pivô 58
A63: Pivô 59
A64: Pivô 60
A65: Pivô 61
A66: Pivô 62 | B66: Falta de Fase | C66: Inversor de Frequência
A67: Pivô 63
A68: Pivô 64
A69: Pivô 65
A70: Pivô 66
A71: Pivô 67 | B71: Falta de Fase
A72: Pivô 68 | G72: Cabo Acionamento
A73: Pivô 69
A74: Pivô 70
A75: Pivô 71
A76: Pivô 72 | D76: Painel da Bomba
A77: Pivô 73 | E77: Disjuntor
A78: Pivô 74
A79: Pivô 101
A80: Pivô 102
A81: Pivô 103
A82: Pivô 104 | C82: Caixa do Micro
A83: Pivô 105
A84: Pivô 106
A85: Pivô 107
A86: Pivô 108
A87: Pivô 109
A88: Pivô 110 | C88: Caixa do Micro | D88: Caixa do Micro
A89: Pivô 111
A90: Pivô 112
A91: Pivô 113
A92: Pivô 114
A93: Pivô 115
A94: Pivô 116
A95: Pivô 117
A96: Pivô 118
A97: Pivô 119
A98: Pivô 120
A99: Pivô 121 | G99: Painel da Bomba
A100: Pivô 122
A101: Pivô 123
A102: Pivô 124 | C102: Inversor de Frequência | D102: Inversor de Frequência
A103: Pivô 125
A104: Pivô 126
A105: Pivô 127
A106: Pivô 128
A107: Pivô 129
...

Sheet 20 02 2023
A1: Atendimento de Irrigação (Impacto - Problemas Elétricos) - Semana 13/02/2023
A3: Data | B3: 44977 | C3: =B3+1 -> 44978 | D3: =C3+1 -> 44979 | E3: =D3+1 -> 44980 | F3: =E3+1 -> 44981 | G3: =F3+1 -> 44982 | H3: =G3+1 -> 44983
A4: Pivô | B4: =TEXT(B3,"ddd") -> seg | C4: =TEXT(C3,"ddd") -> ter | D4: =TEXT(D3,"ddd") -> qua | E4: =TEXT(E3,"ddd") -> qui | F4: =TEXT(F3,"ddd") -> sex | G4: =TEXT(G3,"ddd") -> sáb | H4: =TEXT(H3,"ddd") -> dom | J4: Parâmetros | K4: Contagem | L4: Porcentagem | M4: Semana
A5: Pivô 01 | D5: Contactora | E5: Contactora | F5: Contactora | G5: Contactora | J5: Cabo Acionamento | K5: =COUNTIF($B$5:$H$109,J5) -> 0 | L5: =K5/$K$18 -> 0 | M5: =B3 -> 44977
A6: Pivô 02 | H6: Contactora | J6: Transformador | K6: =COUNTIF($B$5:$H$109,J6) -> 0 | L6: =K6/$K$18 -> 0
A7: Pivô 03 | J7: Chave Aberta | K7: =COUNTIF($B$5:$H$109,J7) -> 0 | L7: =K7/$K$18 -> 0
A8: Pivô 04 | J8: Painel da Bomba | K8: =COUNTIF($B$5:$H$109,J8) -> 0 | L8: =K8/$K$18 -> 0
A9: Pivô 05 | J9: Painel do Pivô | K9: =COUNTIF($B$5:$H$109,J9) -> 2 | L9: =K9/$K$18 -> 0.13333333
A10: Pivô 06 | J10: Contactora | K10: =COUNTIF($B$5:$H$109,J10) -> 7 | L10: =K10/$K$18 -> 0.46666667
A11: Pivô 07 | J11: Caixa do Micro | K11: =COUNTIF($B$5:$H$109,J11) -> 2 | L11: =K11/$K$18 -> 0.13333333
A12: Pivô 08 | J12: Cabo de Segurança | K12: =COUNTIF($B$5:$H$109,J12) -> 0 | L12: =K12/$K$18 -> 0
A13: Pivô 09 | G13: Contactora | H13: Contactora | J13: Falta de Fase | K13: =COUNTIF($B$5:$H$109,J13) -> 0 | L13: =K13/$K$18 -> 0
A14: Pivô 10 | G14: Caixa do Micro | H14: Caixa do Micro | J14: Inversor de Frequência | K14: =COUNTIF($B$5:$H$109,J14) -> 3 | L14: =K14/$K$18 -> 0.2
A15: Pivô 11 | J15: Injeferd | K15: =COUNTIF($B$5:$H$109,J15) -> 0 | L15: =K15/$K$18 -> 0
A16: Pivô 12 | J16: Disjuntor | K16: =COUNTIF($B$5:$H$109,J16) -> 1 | L16: =K16/$K$18 -> 0.066666667
A17: Pivô 13 | J17: Gerador | K17: =COUNTIF($B$5:$H$109,J17) -> 0 | L17: =K17/$K$18 -> 0
A18: Pivô 14 | J18: Total | K18: =SUM(K5:K17) -> 15
A19: Pivô 15
A20: Pivô 16
A21: Pivô 17
A22: Pivô 18
A23: Pivô 19
A24: Pivô 20
A25: Pivô 21
A26: Pivô 22
A27: Pivô 23
A28: Pivô 24
A29: Pivô 25
A30: Pivô 26
... A33: Pivô 29
A34: Pivô 30 | D34: Painel do Pivô
A35: Pivô 31
A36: Pivô 32
A37: Pivô 33
A38: Pivô 34
A39: Pivô 35
A40: Pivô 36
A41: Pivô 37
A42: Pivô 38
A43: Pivô 39
A44: Pivô 40
A45: Pivô 41
A46: Pivô 42
... A51: Pivô 47
A52: Pivô 48 | B52: Disjuntor
A53: Pivô 49
A54: Pivô 50
A55: Pivô 51
A56: Pivô 52
A57: Pivô 53
A58: Pivô 54
A59: Pivô 55 | D59: Painel do Pivô
A60: Pivô 56
A61: Pivô 57
A62: Pivô 58
A63: Pivô 59
A64: Pivô 60
A65: Pivô 61
A66: Pivô 62
A67: Pivô 63
A68: Pivô 64
A69: Pivô 65
A70: Pivô 66
A71: Pivô 67
A72: Pivô 68 | D72: Inversor de Frequência | E72: Inversor de Frequência
A73: Pivô 69
A74: Pivô 70
A75: Pivô 71
A76: Pivô 72
A77: Pivô 73
A78: Pivô 74
A79: Pivô 101
A80: Pivô 102
A81: Pivô 103
A82: Pivô 104
A83: Pivô 105
A84: Pivô 106
... A98: Pivô 120
A99: Pivô 121 | C99: Inversor de Frequência
A100: Pivô 122
A101: Pivô 123
A102: Pivô 124
A103: Pivô 125
A104: Pivô 126
A105: Pivô 127
A106: Pivô 128
A107: Pivô 129
A108: Pivô 130
A109: Pivô 133

Sheet 27 02 2023
A1: Atendimento de Irrigação (Impacto - Problemas Elétricos) - Semana 13/02/2023
A3: Data | B3: 44984 | C3: =B3+1 -> 44985 | D3: =C3+1 -> 44986 | E3: =D3+1 -> 44987 | F3: =E3+1 -> 44988 | G3: =F3+1 -> 44989 | H3: =G3+1 -> 44990
A4: Pivô | B4: =TEXT(B3,"ddd") -> seg | C4: =TEXT(C3,"ddd") -> ter | D4: =TEXT(D3,"ddd") -> qua | E4: =TEXT(E3,"ddd") -> qui | F4: =TEXT(F3,"ddd") -> sex | G4: =TEXT(G3,"ddd") -> sáb | H4: =TEXT(H3,"ddd") -> dom | J4: Parâmetros | K4: Contagem | L4: Porcentagem | M4: Semana
A5: Pivô 01 | J5: Cabo Acionamento | K5: =COUNTIF($B$5:$H$109,J5) -> 2 | L5: =K5/$K$18 -> 0.08 | M5: =B3 -> 44984
A6: Pivô 02 | B6: Contactora | C6: Contactora | D6: Cabo Acionamento | G6: Painel do Pivô | H6: Cabo Acionamento | J6: Transformador | K6: =COUNTIF($B$5:$H$109,J6) -> 0 | L6: =K6/$K$18 -> 0
A7: Pivô 03 | J7: Chave Aberta | K7: =COUNTIF($B$5:$H$109,J7) -> 6 | L7: =K7/$K$18 -> 0.24
A8: Pivô 04 | J8: Painel da Bomba | K8: =COUNTIF($B$5:$H$109,J8) -> 2 | L8: =K8/$K$18 -> 0.08
A9: Pivô 05 | J9: Painel do Pivô | K9: =COUNTIF($B$5:$H$109,J9) -> 3 | L9: =K9/$K$18 -> 0.12
A10: Pivô 06 | J10: Contactora | K10: =COUNTIF($B$5:$H$109,J10) -> 3 | L10: =K10/$K$18 -> 0.12
A11: Pivô 07 | J11: Caixa do Micro | K11: =COUNTIF($B$5:$H$109,J11) -> 1 | L11: =K11/$K$18 -> 0.04
A12: Pivô 08 | J12: Cabo de Segurança | K12: =COUNTIF($B$5:$H$109,J12) -> 0 | L12: =K12/$K$18 -> 0
A13: Pivô 09 | B13: Contactora | J13: Falta de Fase | K13: =COUNTIF($B$5:$H$109,J13) -> 6 | L13: =K13/$K$18 -> 0.24
A14: Pivô 10 | B14: Caixa do Micro | J14: Inversor de Frequência | K14: =COUNTIF($B$5:$H$109,J14) -> 2 | L14: =K14/$K$18 -> 0.08
A15: Pivô 11 | J15: Injeferd | K15: =COUNTIF($B$5:$H$109,J15) -> 0 | L15: =K15/$K$18 -> 0
A16: Pivô 12 | J16: Disjuntor | K16: =COUNTIF($B$5:$H$109,J16) -> 0 | L16: =K16/$K$18 -> 0
A17: Pivô 13 | J17: Gerador | K17: =COUNTIF($B$5:$H$109,J17) -> 0 | L17: =K17/$K$18 -> 0
A18: Pivô 14 | J18: Total | K18: =SUM(K5:K17) -> 25
A19: Pivô 15
A20: Pivô 16
A21: Pivô 17 | C21: Painel do Pivô | E21: Painel do Pivô | H21: Painel da Bomba
A22: Pivô 18
A23: Pivô 19 | B23: Inversor de Frequência
A24: Pivô 20
A25: Pivô 21
A26: Pivô 22
A27: Pivô 23
A28: Pivô 24
A29: Pivô 25
A30: Pivô 26
A31: Pivô 27
A32: Pivô 28
A33: Pivô 29
A34: Pivô 30
A35: Pivô 31
... A54: Pivô 50
A55: Pivô 51 | H55: Painel da Bomba
A56: Pivô 52
A57: Pivô 53
A58: Pivô 54
A59: Pivô 55
A60: Pivô 56 | H60: Falta de Fase
A61: Pivô 57 | H61: Falta de Fase
A62: Pivô 58 | H62: Falta de Fase
A63: Pivô 59
A64: Pivô 60 | H64: Falta de Fase
A65: Pivô 61
A66: Pivô 62
A67: Pivô 63
A68: Pivô 64
A69: Pivô 65
A70: Pivô 66
A71: Pivô 67 | H71: Falta de Fase
A72: Pivô 68 | H72: Falta de Fase
A73: Pivô 69
A74: Pivô 70
A75: Pivô 71
A76: Pivô 72
A77: Pivô 73
A78: Pivô 74
A79: Pivô 101
A80: Pivô 102
A81: Pivô 103
A82: Pivô 104
A83: Pivô 105
A84: Pivô 106
... A90: Pivô 112
A91: Pivô 113 | F91: Chave Aberta
A92: Pivô 114
A93: Pivô 115
A94: Pivô 116
A95: Pivô 117
A96: Pivô 118
A97: Pivô 119 | F97: Chave Aberta
A98: Pivô 120
A99: Pivô 121 | B99: Chave Aberta
A100: Pivô 122
A101: Pivô 123 | B101: Chave Aberta
A102: Pivô 124
A103: Pivô 125
A104: Pivô 126
A105: Pivô 127
A106: Pivô 128 | B106: Chave Aberta | F106: Inversor de Frequência
A107: Pivô 129
A108: Pivô 130 | B108: Chave Aberta
A109: Pivô 133

Sheet 06 03 2023
A1: Atendimento de Irrigação (Impacto - Problemas Elétricos) - Semana 13/02/2023
A3: Data | B3: 44991 | C3: =B3+1 -> 44992 | D3: =C3+1 -> 44993 | E3: =D3+1 -> 44994 | F3: =E3+1 -> 44995 | G3: =F3+1 -> 44996 | H3: =G3+1 -> 44997
A4: Pivô | B4: =TEXT(B3,"ddd") -> seg | C4: =TEXT(C3,"ddd") -> ter | D4: =TEXT(D3,"ddd") -> qua | E4: =TEXT(E3,"ddd") -> qui | F4: =TEXT(F3,"ddd") -> sex | G4: =TEXT(G3,"ddd") -> sáb | H4: =TEXT(H3,"ddd") -> dom | J4: Parâmetros | K4: Contagem | L4: Porcentagem | M4: Semana
A5: Pivô 01 | J5: Cabo Acionamento | K5: =COUNTIF($B$5:$H$109,J5) -> 5 | L5: =K5/$K$18 -> 0.14285714 | M5: =B3 -> 44991
A6: Pivô 02 | B6: Cabo Acionamento | J6: Transformador | K6: =COUNTIF($B$5:$H$109,J6) -> 0 | L6: =K6/$K$18 -> 0
A7: Pivô 03 | J7: Chave Aberta | K7: =COUNTIF($B$5:$H$109,J7) -> 0 | L7: =K7/$K$18 -> 0
A8: Pivô 04 | J8: Painel da Bomba | K8: =COUNTIF($B$5:$H$109,J8) -> 3 | L8: =K8/$K$18 -> 0.085714286
A9: Pivô 05 | J9: Painel do Pivô | K9: =COUNTIF($B$5:$H$109,J9) -> 9 | L9: =K9/$K$18 -> 0.25714286
A10: Pivô 06 | J10: Contactora | K10: =COUNTIF($B$5:$H$109,J10) -> 1 | L10: =K10/$K$18 -> 0.028571429
A11: Pivô 07 | J11: Caixa do Micro | K11: =COUNTIF($B$5:$H$109,J11) -> 0 | L11: =K11/$K$18 -> 0
A12: Pivô 08 | J12: Cabo de Segurança | K12: =COUNTIF($B$5:$H$109,J12) -> 0 | L12: =K12/$K$18 -> 0
A13: Pivô 09 | J13: Falta de Fase | K13: =COUNTIF($B$5:$H$109,J13) -> 8 | L13: =K13/$K$18 -> 0.22857143
A14: Pivô 10 | J14: Inversor de Frequência | K14: =COUNTIF($B$5:$H$109,J14) -> 6 | L14: =K14/$K$18 -> 0.17142857
A15: Pivô 11 | J15: Injeferd | K15: =COUNTIF($B$5:$H$109,J15) -> 0 | L15: =K15/$K$18 -> 0
A16: Pivô 12 | J16: Disjuntor | K16: =COUNTIF($B$5:$H$109,J16) -> 3 | L16: =K16/$K$18 -> 0.085714286
A17: Pivô 13 | J17: Gerador | K17: =COUNTIF($B$5:$H$109,J17) -> 0 | L17: =K17/$K$18 -> 0
A18: Pivô 14 | E18: Disjuntor | J18: Total | K18: =SUM(K5:K17) -> 35
A19: Pivô 15
A20: Pivô 16 | G20: Inversor de Frequência
A21: Pivô 17
A22: Pivô 18 | G22: Inversor de Frequência | H22: Inversor de Frequência
A23: Pivô 19
A24: Pivô 20
A25: Pivô 21
A26: Pivô 22
A27: Pivô 23 | E27: Disjuntor
A28: Pivô 24 | E28: Disjuntor
A29: Pivô 25
A30: Pivô 26
A31: Pivô 27
A32: Pivô 28 | F32: Painel da Bomba
A33: Pivô 29
A34: Pivô 30 | E34: Cabo Acionamento
A35: Pivô 31
A36: Pivô 32
A37: Pivô 33
A38: Pivô 34
A39: Pivô 35
A40: Pivô 36
A41: Pivô 37
A42: Pivô 38
A43: Pivô 39
A44: Pivô 40
A45: Pivô 41
A46: Pivô 42
A47: Pivô 43
A48: Pivô 44 | B48: Contactora
A49: Pivô 45 | F49: Cabo Acionamento | G49: Cabo Acionamento | H49: Cabo Acionamento
A50: Pivô 46
A51: Pivô 47
A52: Pivô 48 | F52: Painel do Pivô | G52: Painel do Pivô | H52: Painel do Pivô
A53: Pivô 49 | E53: Painel do Pivô | F53: Painel do Pivô
A54: Pivô 50
A55: Pivô 51 | B55: Falta de Fase
A56: Pivô 52
A57: Pivô 53
A58: Pivô 54
A59: Pivô 55 | B59: Falta de Fase
A60: Pivô 56 | B60: Falta de Fase
A61: Pivô 57 | G61: Painel da Bomba
A62: Pivô 58 | G62: Painel da Bomba
A63: Pivô 59 | B63: Falta de Fase
A64: Pivô 60
A65: Pivô 61 | B65: Falta de Fase
A66: Pivô 62 | B66: Falta de Fase | F66: Painel do Pivô
A67: Pivô 63
A68: Pivô 64
A69: Pivô 65
A70: Pivô 66 | B70: Falta de Fase
A71: Pivô 67
A72: Pivô 68 | B72: Falta de Fase | E72: Inversor de Frequência | F72: Inversor de Frequência | G72: Inversor de Frequência
A73: Pivô 69
A74: Pivô 70
A75: Pivô 71
A76: Pivô 72
A77: Pivô 73
A78: Pivô 74 | C78: Painel do Pivô | D78: Painel do Pivô | E78: Painel do Pivô
A79: Pivô 101
A80: Pivô 102
A81: Pivô 103
A82: Pivô 104
A83: Pivô 105
A84: Pivô 106
A85: Pivô 107
A86: Pivô 108
A87: Pivô 109
A88: Pivô 110
A89: Pivô 111
A90: Pivô 112
... A109: Pivô 133

Sheet 13 03 2023
A1: Atendimento de Irrigação (Impacto - Problemas Elétricos)
A3: Data | B3: 44998 | C3: =B3+1 -> 44999 | D3: =C3+1 -> 45000 | E3: =D3+1 -> 45001 | F3: =E3+1 -> 45002 | G3: =F3+1 -> 45003 | H3: =G3+1 -> 45004
A4: Pivô | B4: =TEXT(B3,"ddd") -> seg | C4: =TEXT(C3,"ddd") -> ter | D4: =TEXT(D3,"ddd") -> qua | E4: =TEXT(E3,"ddd") -> qui | F4: =TEXT(F3,"ddd") -> sex | G4: =TEXT(G3,"ddd") -> sáb | H4: =TEXT(H3,"ddd") -> dom | J4: Parâmetros | K4: Contagem | L4: Porcentagem | M4: Semana
A5: Pivô 01 | J5: Cabo Acionamento | K5: =COUNTIF($B$5:$H$109,J5) -> 4 | L5: =K5/$K$19 -> 0.16 | M5: =B3 -> 44998
A6: Pivô 02 | J6: Transformador | K6: =COUNTIF($B$5:$H$109,J6) -> 0 | L6: =K6/$K$19 -> 0
A7: Pivô 03 | J7: Chave Aberta | K7: =COUNTIF($B$5:$H$109,J7) -> 0 | L7: =K7/$K$19 -> 0
A8: Pivô 04 | J8: Painel da Bomba | K8: =COUNTIF($B$5:$H$109,J8) -> 0 | L8: =K8/$K$19 -> 0
A9: Pivô 05 | J9: Painel do Pivô | K9: =COUNTIF($B$5:$H$109,J9) -> 2 | L9: =K9/$K$19 -> 0.08
A10: Pivô 06 | J10: Contactora | K10: =COUNTIF($B$5:$H$109,J10) -> 0 | L10: =K10/$K$19 -> 0
A11: Pivô 07 | J11: Caixa do Micro | K11: =COUNTIF($B$5:$H$109,J11) -> 1 | L11: =K11/$K$19 -> 0.04
A12: Pivô 08 | J12: Cabo de Segurança | K12: =COUNTIF($B$5:$H$109,J12) -> 0 | L12: =K12/$K$19 -> 0
A13: Pivô 09 | J13: Falta de Fase | K13: =COUNTIF($B$5:$H$109,J13) -> 0 | L13: =K13/$K$19 -> 0
A14: Pivô 10 | J14: Inversor de Frequência | K14: =COUNTIF($B$5:$H$109,J14) -> 4 | L14: =K14/$K$19 -> 0.16
A15: Pivô 11 | J15: Injeferd | K15: =COUNTIF($B$5:$H$109,J15) -> 0 | L15: =K15/$K$19 -> 0
A16: Pivô 12 | J16: Disjuntor | K16: =COUNTIF($B$5:$H$109,J16) -> 0 | L16: =K16/$K$19 -> 0
A17: Pivô 13 | J17: Rede Interna | K17: =COUNTIF($B$5:$H$109,J17) -> 10 | L17: =K17/$K$19 -> 0.4
A18: Pivô 14 | J18: Gerador | K18: =COUNTIF($B$5:$H$109,J18) -> 4 | L18: =K18/$K$19 -> 0.16
A19: Pivô 15 | J19: Total | K19: =SUM(K5:K18) -> 25
A20: Pivô 16
A21: Pivô 17
A22: Pivô 18 | B22: Inversor de Frequência | C22: Inversor de Frequência | D22: Inversor de Frequência | E22: Inversor de Frequência
A23: Pivô 19
A24: Pivô 20
A25: Pivô 21 | F25: Caixa do Micro
A26: Pivô 22
A27: Pivô 23
A28: Pivô 24
A29: Pivô 25
A30: Pivô 26
A31: Pivô 27
A32: Pivô 28
A33: Pivô 29
A34: Pivô 30
A35: Pivô 31
A36: Pivô 32
A37: Pivô 33
... A48: Pivô 44
A49: Pivô 45 | B49: Cabo Acionamento | C49: Cabo Acionamento | D49: Cabo Acionamento | E49: Cabo Acionamento
A50: Pivô 46
A51: Pivô 47
A52: Pivô 48 | B52: Painel do Pivô | C52: Painel do Pivô
A53: Pivô 49
A54: Pivô 50
A55: Pivô 51
A56: Pivô 52
A57: Pivô 53
A58: Pivô 54
A59: Pivô 55
A60: Pivô 56
A61: Pivô 57
A62: Pivô 58
A63: Pivô 59
A64: Pivô 60
... A78: Pivô 74
A79: Pivô 101 | E79: Rede Interna
A80: Pivô 102
A81: Pivô 103
A82: Pivô 104
A83: Pivô 105
A84: Pivô 106
A85: Pivô 107 | E85: Rede Interna
A86: Pivô 108 | E86: Rede Interna
A87: Pivô 109
A88: Pivô 110
A89: Pivô 111
A90: Pivô 112 | E90: Rede Interna
A91: Pivô 113
A92: Pivô 114 | E92: Rede Interna
A93: Pivô 115
A94: Pivô 116
A95: Pivô 117
A96: Pivô 118
A97: Pivô 119 | E97: Rede Interna
A98: Pivô 120 | E98: Rede Interna
A99: Pivô 121 | D99: Gerador
A100: Pivô 122 | E100: Rede Interna
A101: Pivô 123 | D101: Gerador | E101: Rede Interna
A102: Pivô 124 | D102: Gerador
A103: Pivô 125
A104: Pivô 126 | D104: Gerador | E104: Rede Interna
A105: Pivô 127
A106: Pivô 128
A107: Pivô 129
A108: Pivô 130
A109: Pivô 133

Sheet 20 03 2023
A1: Atendimento de Irrigação (Impacto - Problemas Elétricos)
A3: Data | B3: 45005 | C3: =B3+1 -> 45006 | D3: =C3+1 -> 45007 | E3: =D3+1 -> 45008 | F3: =E3+1 -> 45009 | G3: =F3+1 -> 45010 | H3: =G3+1 -> 45011
A4: Pivô | B4: =TEXT(B3,"ddd") -> seg | C4: =TEXT(C3,"ddd") -> ter | D4: =TEXT(D3,"ddd") -> qua | E4: =TEXT(E3,"ddd") -> qui | F4: =TEXT(F3,"ddd") -> sex | G4: =TEXT(G3,"ddd") -> sáb | H4: =TEXT(H3,"ddd") -> dom | J4: Parâmetros | K4: Contagem | L4: Porcentagem | M4: Semana
A5: Pivô 01 | J5: Cabo Acionamento | K5: =COUNTIF($B$5:$H$109,J5) -> 3 | L5: =K5/$K$19 -> 0.21428571 | M5: =B3 -> 45005
A6: Pivô 02 | J6: Transformador | K6: =COUNTIF($B$5:$H$109,J6) -> 1 | L6: =K6/$K$19 -> 0.071428571
A7: Pivô 03 | J7: Chave Aberta | K7: =COUNTIF($B$5:$H$109,J7) -> 4 | L7: =K7/$K$19 -> 0.28571429
A8: Pivô 04 | J8: Painel da Bomba | K8: =COUNTIF($B$5:$H$109,J8) -> 0 | L8: =K8/$K$19 -> 0
A9: Pivô 05 | J9: Painel do Pivô | K9: =COUNTIF($B$5:$H$109,J9) -> 0 | L9: =K9/$K$19 -> 0
A10: Pivô 06 | J10: Contactora | K10: =COUNTIF($B$5:$H$109,J10) -> 0 | L10: =K10/$K$19 -> 0
A11: Pivô 07 | J11: Caixa do Micro | K11: =COUNTIF($B$5:$H$109,J11) -> 1 | L11: =K11/$K$19 -> 0.071428571
A12: Pivô 08 | J12: Cabo de Segurança | K12: =COUNTIF($B$5:$H$109,J12) -> 0 | L12: =K12/$K$19 -> 0
A13: Pivô 09 | J13: Falta de Fase | K13: =COUNTIF($B$5:$H$109,J13) -> 0 | L13: =K13/$K$19 -> 0
A14: Pivô 10 | J14: Inversor de Frequência | K14: =COUNTIF($B$5:$H$109,J14) -> 3 | L14: =K14/$K$19 -> 0.21428571
A15: Pivô 11 | J15: Injeferd | K15: =COUNTIF($B$5:$H$109,J15) -> 0 | L15: =K15/$K$19 -> 0
A16: Pivô 12 | J16: Disjuntor | K16: =COUNTIF($B$5:$H$109,J16) -> 0 | L16: =K16/$K$19 -> 0
A17: Pivô 13 | J17: Rede Interna | K17: =COUNTIF($B$5:$H$109,J17) -> 2 | L17: =K17/$K$19 -> 0.14285714
A18: Pivô 14 | J18: Gerador | K18: =COUNTIF($B$5:$H$109,J18) -> 0 | L18: =K18/$K$19 -> 0
A19: Pivô 15 | J19: Total | K19: =SUM(K5:K18) -> 14
A20: Pivô 16
A21: Pivô 17
A22: Pivô 18 | E22: Inversor de Frequência | F22: Inversor de Frequência | G22: Inversor de Frequência
A23: Pivô 19
A24: Pivô 20
A25: Pivô 21
A26: Pivô 22 | G26: Cabo Acionamento
A27: Pivô 23
A28: Pivô 24
A29: Pivô 25
A30: Pivô 26
A31: Pivô 27 | B31: Caixa do Micro
A32: Pivô 28
A33: Pivô 29
A34: Pivô 30 | H34: Transformador
A35: Pivô 31
A36: Pivô 32
A37: Pivô 33
A38: Pivô 34
A39: Pivô 35
A40: Pivô 36
A41: Pivô 37
A42: Pivô 38
A43: Pivô 39
A44: Pivô 40
A45: Pivô 41
A46: Pivô 42
A47: Pivô 43
A48: Pivô 44 | D48: Chave Aberta
A49: Pivô 45
A50: Pivô 46
A51: Pivô 47 | D51: Chave Aberta
A52: Pivô 48
A53: Pivô 49 | D53: Chave Aberta
A54: Pivô 50
A55: Pivô 51
A56: Pivô 52
A57: Pivô 53
A58: Pivô 54
A59: Pivô 55
A60: Pivô 56
A61: Pivô 57
A62: Pivô 58
A63: Pivô 59
A64: Pivô 60 | D64: Rede Interna
A65: Pivô 61 | D65: Rede Interna
A66: Pivô 62
A67: Pivô 63
A68: Pivô 64
A69: Pivô 65
A70: Pivô 66
A71: Pivô 67
A72: Pivô 68
A73: Pivô 69
A74: Pivô 70
A75: Pivô 71
A76: Pivô 72
A77: Pivô 73 | D77: Chave Aberta
A78: Pivô 74 | F78: Cabo Acionamento | G78: Cabo Acionamento
A79: Pivô 101
A80: Pivô 102
A81: Pivô 103
A82: Pivô 104
A83: Pivô 105
A84: Pivô 106
A85: Pivô 107
A86: Pivô 108
A87: Pivô 109
A88: Pivô 110
A89: Pivô 111
A90: Pivô 112
... A109: Pivô 133

Sheet 27 03 2023
A1: Atendimento de Irrigação (Impacto - Problemas Elétricos)
A3: Data | B3: 45012 | C3: =B3+1 -> 45013 | D3: =C3+1 -> 45014 | E3: =D3+1 -> 45015 | F3: =E3+1 -> 45016 | G3: =F3+1 -> 45017 | H3: =G3+1 -> 45018
A4: Pivô | B4: =TEXT(B3,"ddd") -> seg | C4: =TEXT(C3,"ddd") -> ter | D4: =TEXT(D3,"ddd") -> qua | E4: =TEXT(E3,"ddd") -> qui | F4: =TEXT(F3,"ddd") -> sex | G4: =TEXT(G3,"ddd") -> sáb | H4: =TEXT(H3,"ddd") -> dom | J4: Parâmetros | K4: Contagem | L4: Porcentagem | M4: Semana
A5: Pivô 01 | J5: Cabo Acionamento | K5: =COUNTIF($B$5:$H$109,J5) -> 0 | L5: =K5/$K$19 -> 0 | M5: =B3 -> 45012
A6: Pivô 02 | J6: Transformador | K6: =COUNTIF($B$5:$H$109,J6) -> 2 | L6: =K6/$K$19 -> 0.28571429
A7: Pivô 03 | J7: Chave Aberta | K7: =COUNTIF($B$5:$H$109,J7) -> 0 | L7: =K7/$K$19 -> 0
A8: Pivô 04 | J8: Painel da Bomba | K8: =COUNTIF($B$5:$H$109,J8) -> 5 | L8: =K8/$K$19 -> 0.71428571
A9: Pivô 05 | J9: Painel do Pivô | K9: =COUNTIF($B$5:$H$109,J9) -> 0 | L9: =K9/$K$19 -> 0
A10: Pivô 06 | J10: Contactora | K10: =COUNTIF($B$5:$H$109,J10) -> 0 | L10: =K10/$K$19 -> 0
A11: Pivô 07 | J11: Caixa do Micro | K11: =COUNTIF($B$5:$H$109,J11) -> 0 | L11: =K11/$K$19 -> 0
A12: Pivô 08 | J12: Cabo de Segurança | K12: =COUNTIF($B$5:$H$109,J12) -> 0 | L12: =K12/$K$19 -> 0
A13: Pivô 09 | J13: Falta de Fase | K13: =COUNTIF($B$5:$H$109,J13) -> 0 | L13: =K13/$K$19 -> 0
A14: Pivô 10 | J14: Inversor de Frequência | K14: =COUNTIF($B$5:$H$109,J14) -> 0 | L14: =K14/$K$19 -> 0
A15: Pivô 11 | J15: Injeferd | K15: =COUNTIF($B$5:$H$109,J15) -> 0 | L15: =K15/$K$19 -> 0
A16: Pivô 12 | J16: Disjuntor | K16: =COUNTIF($B$5:$H$109,J16) -> 0 | L16: =K16/$K$19 -> 0
A17: Pivô 13 | J17: Rede Interna | K17: =COUNTIF($B$5:$H$109,J17) -> 0 | L17: =K17/$K$19 -> 0
A18: Pivô 14 | J18: Gerador | K18: =COUNTIF($B$5:$H$109,J18) -> 0 | L18: =K18/$K$19 -> 0
A19: Pivô 15 | J19: Total | K19: =SUM(K5:K18) -> 7
A20: Pivô 16
A21: Pivô 17
A22: Pivô 18
A23: Pivô 19
A24: Pivô 20
A25: Pivô 21
A26: Pivô 22
A27: Pivô 23
A28: Pivô 24
A29: Pivô 25
A30: Pivô 26
A31: Pivô 27
... A38: Pivô 34
A39: Pivô 35 | G39: Transformador | H39: Transformador
A40: Pivô 36
A41: Pivô 37
A42: Pivô 38
A43: Pivô 39
A44: Pivô 40
A45: Pivô 41
A46: Pivô 42
A47: Pivô 43
A48: Pivô 44
A49: Pivô 45
A50: Pivô 46
A51: Pivô 47
... A62: Pivô 58
A63: Pivô 59 | D63: Painel da Bomba | H63: Painel da Bomba
A64: Pivô 60
A65: Pivô 61
A66: Pivô 62 | E66: Painel da Bomba
A67: Pivô 63
A68: Pivô 64
A69: Pivô 65
A70: Pivô 66
A71: Pivô 67
A72: Pivô 68 | E72: Painel da Bomba | G72: Painel da Bomba
A73: Pivô 69
A74: Pivô 70
A75: Pivô 71
A76: Pivô 72
A77: Pivô 73
A78: Pivô 74
A79: Pivô 101
A80: Pivô 102
A81: Pivô 103
A82: Pivô 104
A83: Pivô 105
A84: Pivô 106
... A109: Pivô 133

Sheet 03 04 2023 
A1: Atendimento de Irrigação (Impacto - Problemas Elétricos)
A3: Data | B3: 45019 | C3: =B3+1 -> 45020 | D3: =C3+1 -> 45021 | E3: =D3+1 -> 45022 | F3: =E3+1 -> 45023 | G3: =F3+1 -> 45024 | H3: =G3+1 -> 45025
A4: Pivô | B4: =TEXT(B3,"ddd") -> seg | C4: =TEXT(C3,"ddd") -> ter | D4: =TEXT(D3,"ddd") -> qua | E4: =TEXT(E3,"ddd") -> qui | F4: =TEXT(F3,"ddd") -> sex | G4: =TEXT(G3,"ddd") -> sáb | H4: =TEXT(H3,"ddd") -> dom | J4: Parâmetros | K4: Contagem | L4: Porcentagem | M4: Semana
A5: Pivô 01 | J5: Cabo Acionamento | K5: =COUNTIF($B$5:$H$109,J5) -> 0 | L5: =K5/$K$19 -> 0 | M5: =B3 -> 45019
A6: Pivô 02 | J6: Transformador | K6: =COUNTIF($B$5:$H$109,J6) -> 1 | L6: =K6/$K$19 -> 0.1
A7: Pivô 03 | J7: Chave Aberta | K7: =COUNTIF($B$5:$H$109,J7) -> 0 | L7: =K7/$K$19 -> 0
A8: Pivô 04 | J8: Painel da Bomba | K8: =COUNTIF($B$5:$H$109,J8) -> 2 | L8: =K8/$K$19 -> 0.2
A9: Pivô 05 | J9: Painel do Pivô | K9: =COUNTIF($B$5:$H$109,J9) -> 3 | L9: =K9/$K$19 -> 0.3
A10: Pivô 06 | J10: Contactora | K10: =COUNTIF($B$5:$H$109,J10) -> 0 | L10: =K10/$K$19 -> 0
A11: Pivô 07 | J11: Caixa do Micro | K11: =COUNTIF($B$5:$H$109,J11) -> 1 | L11: =K11/$K$19 -> 0.1
A12: Pivô 08 | J12: Cabo de Segurança | K12: =COUNTIF($B$5:$H$109,J12) -> 0 | L12: =K12/$K$19 -> 0
A13: Pivô 09 | J13: Falta de Fase | K13: =COUNTIF($B$5:$H$109,J13) -> 1 | L13: =K13/$K$19 -> 0.1
A14: Pivô 10 | J14: Inversor de Frequência | K14: =COUNTIF($B$5:$H$109,J14) -> 0 | L14: =K14/$K$19 -> 0
A15: Pivô 11 | J15: Injeferd | K15: =COUNTIF($B$5:$H$109,J15) -> 0 | L15: =K15/$K$19 -> 0
A16: Pivô 12 | J16: Disjuntor | K16: =COUNTIF($B$5:$H$109,J16) -> 0 | L16: =K16/$K$19 -> 0
A17: Pivô 13 | H17: Painel da Bomba | J17: Rede Interna | K17: =COUNTIF($B$5:$H$109,J17) -> 0 | L17: =K17/$K$19 -> 0
A18: Pivô 14 | J18: Gerador | K18: =COUNTIF($B$5:$H$109,J18) -> 2 | L18: =K18/$K$19 -> 0.2
A19: Pivô 15 | J19: Total | K19: =SUM(K5:K18) -> 10
A20: Pivô 16
A21: Pivô 17
A22: Pivô 18
A23: Pivô 19
A24: Pivô 20 | F24: Painel da Bomba
A25: Pivô 21 | G25: Transformador
A26: Pivô 22 | H26: Painel do Pivô
A27: Pivô 23 | G27: Painel do Pivô
A28: Pivô 24
A29: Pivô 25 | H29: Painel do Pivô
A30: Pivô 26
A31: Pivô 27
A32: Pivô 28
A33: Pivô 29
A34: Pivô 30
A35: Pivô 31
A36: Pivô 32
A37: Pivô 33
A38: Pivô 34
A39: Pivô 35
A40: Pivô 36
A41: Pivô 37
... A60: Pivô 56
A61: Pivô 57 | B61: Falta de Fase
A62: Pivô 58
A63: Pivô 59
A64: Pivô 60 | F64: Caixa do Micro
A65: Pivô 61
A66: Pivô 62
A67: Pivô 63
A68: Pivô 64
A69: Pivô 65
A70: Pivô 66
A71: Pivô 67
A72: Pivô 68
A73: Pivô 69
A74: Pivô 70
A75: Pivô 71
A76: Pivô 72
... A98: Pivô 120
A99: Pivô 121 | H99: Gerador
A100: Pivô 122
A101: Pivô 123
A102: Pivô 124
A103: Pivô 125
A104: Pivô 126
A105: Pivô 127
A106: Pivô 128 | H106: Gerador
A107: Pivô 129
A108: Pivô 130
A109: Pivô 133

Sheet 10 04 2023
A1: Atendimento de Irrigação (Impacto - Problemas Elétricos)
A3: Data | B3: 45026 | C3: =B3+1 -> 45027 | D3: =C3+1 -> 45028 | E3: =D3+1 -> 45029 | F3: =E3+1 -> 45030 | G3: =F3+1 -> 45031 | H3: =G3+1 -> 45032
A4: Pivô | B4: =TEXT(B3,"ddd") -> seg | C4: =TEXT(C3,"ddd") -> ter | D4: =TEXT(D3,"ddd") -> qua | E4: =TEXT(E3,"ddd") -> qui | F4: =TEXT(F3,"ddd") -> sex | G4: =TEXT(G3,"ddd") -> sáb | H4: =TEXT(H3,"ddd") -> dom | J4: Parâmetros | K4: Contagem | L4: Porcentagem | M4: Semana
A5: Pivô 01 | J5: Cabo Acionamento | K5: =COUNTIF($B$5:$H$109,J5) -> 0 | L5: =K5/$K$19 -> 0 | M5: =B3 -> 45026
A6: Pivô 02 | J6: Transformador | K6: =COUNTIF($B$5:$H$109,J6) -> 0 | L6: =K6/$K$19 -> 0
A7: Pivô 03 | J7: Chave Aberta | K7: =COUNTIF($B$5:$H$109,J7) -> 0 | L7: =K7/$K$19 -> 0
A8: Pivô 04 | J8: Painel da Bomba | K8: =COUNTIF($B$5:$H$109,J8) -> 1 | L8: =K8/$K$19 -> 0.052631579
A9: Pivô 05 | J9: Painel do Pivô | K9: =COUNTIF($B$5:$H$109,J9) -> 3 | L9: =K9/$K$19 -> 0.15789474
A10: Pivô 06 | J10: Contactora | K10: =COUNTIF($B$5:$H$109,J10) -> 0 | L10: =K10/$K$19 -> 0
A11: Pivô 07 | J11: Caixa do Micro | K11: =COUNTIF($B$5:$H$109,J11) -> 0 | L11: =K11/$K$19 -> 0
A12: Pivô 08 | J12: Cabo de Segurança | K12: =COUNTIF($B$5:$H$109,J12) -> 0 | L12: =K12/$K$19 -> 0
A13: Pivô 09 | J13: Falta de Fase | K13: =COUNTIF($B$5:$H$109,J13) -> 15 | L13: =K13/$K$19 -> 0.78947368
A14: Pivô 10 | J14: Inversor de Frequência | K14: =COUNTIF($B$5:$H$109,J14) -> 0 | L14: =K14/$K$19 -> 0
A15: Pivô 11 | J15: Injeferd | K15: =COUNTIF($B$5:$H$109,J15) -> 0 | L15: =K15/$K$19 -> 0
A16: Pivô 12 | J16: Disjuntor | K16: =COUNTIF($B$5:$H$109,J16) -> 0 | L16: =K16/$K$19 -> 0
A17: Pivô 13 | J17: Rede Interna | K17: =COUNTIF($B$5:$H$109,J17) -> 0 | L17: =K17/$K$19 -> 0
A18: Pivô 14 | J18: Gerador | K18: =COUNTIF($B$5:$H$109,J18) -> 0 | L18: =K18/$K$19 -> 0
A19: Pivô 15 | J19: Total | K19: =SUM(K5:K18) -> 19
A20: Pivô 16
A21: Pivô 17
A22: Pivô 18
A23: Pivô 19 | E23: Painel do Pivô
A24: Pivô 20
A25: Pivô 21
A26: Pivô 22
A27: Pivô 23
A28: Pivô 24
A29: Pivô 25 | C29: Painel do Pivô
A30: Pivô 26
A31: Pivô 27
A32: Pivô 28
A33: Pivô 29
A34: Pivô 30
A35: Pivô 31
A36: Pivô 32
A37: Pivô 33
A38: Pivô 34
A39: Pivô 35
A40: Pivô 36
A41: Pivô 37
... A51: Pivô 47
A52: Pivô 48 | F52: Falta de Fase
A53: Pivô 49
A54: Pivô 50
A55: Pivô 51
A56: Pivô 52
A57: Pivô 53 | H57: Falta de Fase
A58: Pivô 54 | H58: Falta de Fase
A59: Pivô 55
A60: Pivô 56
A61: Pivô 57
A62: Pivô 58 | D62: Falta de Fase
A63: Pivô 59
A64: Pivô 60 | C64: Falta de Fase | E64: Falta de Fase
A65: Pivô 61 | D65: Falta de Fase
A66: Pivô 62 | D66: Falta de Fase
A67: Pivô 63
A68: Pivô 64
A69: Pivô 65
A70: Pivô 66 | C70: Falta de Fase | E70: Falta de Fase
A71: Pivô 67 | C71: Falta de Fase | E71: Falta de Fase
A72: Pivô 68 | C72: Falta de Fase | E72: Falta de Fase
A73: Pivô 69
A74: Pivô 70
A75: Pivô 71
A76: Pivô 72
A77: Pivô 73
A78: Pivô 74 | F78: Painel do Pivô
A79: Pivô 101
A80: Pivô 102
A81: Pivô 103
A82: Pivô 104
A83: Pivô 105
A84: Pivô 106
A85: Pivô 107
A86: Pivô 108
A87: Pivô 109 | D87: Painel da Bomba
A88: Pivô 110
A89: Pivô 111
A90: Pivô 112
A91: Pivô 113
A92: Pivô 114
A93: Pivô 115
A94: Pivô 116
A95: Pivô 117
A96: Pivô 118
A97: Pivô 119
A98: Pivô 120 | D98: Falta de Fase
A99: Pivô 121
A100: Pivô 122
A101: Pivô 123
A102: Pivô 124
A103: Pivô 125
A104: Pivô 126
A105: Pivô 127
A106: Pivô 128
A107: Pivô 129
A108: Pivô 130
A109: Pivô 133

Sheet 17 04 2023
A1: Atendimento de Irrigação (Impacto - Problemas Elétricos)
A3: Data | B3: 45033 | C3: =B3+1 -> 45034 | D3: =C3+1 -> 45035 | E3: =D3+1 -> 45036 | F3: =E3+1 -> 45037 | G3: =F3+1 -> 45038 | H3: =G3+1 -> 45039
A4: Pivô | B4: =TEXT(B3,"ddd") -> seg | C4: =TEXT(C3,"ddd") -> ter | D4: =TEXT(D3,"ddd") -> qua | E4: =TEXT(E3,"ddd") -> qui | F4: =TEXT(F3,"ddd") -> sex | G4: =TEXT(G3,"ddd") -> sáb | H4: =TEXT(H3,"ddd") -> dom | J4: Parâmetros | K4: Contagem | L4: Porcentagem | M4: Semana
A5: Pivô 01 | J5: Cabo Acionamento | K5: =COUNTIF($B$5:$H$109,J5) -> 0 | L5: =K5/$K$19 -> 0 | M5: =B3 -> 45033
A6: Pivô 02 | J6: Transformador | K6: =COUNTIF($B$5:$H$109,J6) -> 0 | L6: =K6/$K$19 -> 0
A7: Pivô 03 | C7: Painel da Bomba | J7: Chave Aberta | K7: =COUNTIF($B$5:$H$109,J7) -> 2 | L7: =K7/$K$19 -> 0.16666667
A8: Pivô 04 | J8: Painel da Bomba | K8: =COUNTIF($B$5:$H$109,J8) -> 2 | L8: =K8/$K$19 -> 0.16666667
A9: Pivô 05 | C9: Painel da Bomba | J9: Painel do Pivô | K9: =COUNTIF($B$5:$H$109,J9) -> 2 | L9: =K9/$K$19 -> 0.16666667
A10: Pivô 06 | J10: Contactora | K10: =COUNTIF($B$5:$H$109,J10) -> 0 | L10: =K10/$K$19 -> 0
A11: Pivô 07 | J11: Caixa do Micro | K11: =COUNTIF($B$5:$H$109,J11) -> 0 | L11: =K11/$K$19 -> 0
A12: Pivô 08 | J12: Cabo de Segurança | K12: =COUNTIF($B$5:$H$109,J12) -> 0 | L12: =K12/$K$19 -> 0
A13: Pivô 09 | J13: Falta de Fase | K13: =COUNTIF($B$5:$H$109,J13) -> 0 | L13: =K13/$K$19 -> 0
A14: Pivô 10 | J14: Inversor de Frequência | K14: =COUNTIF($B$5:$H$109,J14) -> 0 | L14: =K14/$K$19 -> 0
A15: Pivô 11 | J15: Injeferd | K15: =COUNTIF($B$5:$H$109,J15) -> 0 | L15: =K15/$K$19 -> 0
A16: Pivô 12 | J16: Disjuntor | K16: =COUNTIF($B$5:$H$109,J16) -> 0 | L16: =K16/$K$19 -> 0
A17: Pivô 13 | J17: Rede Interna | K17: =COUNTIF($B$5:$H$109,J17) -> 1 | L17: =K17/$K$19 -> 0.083333333
A18: Pivô 14 | J18: Gerador | K18: =COUNTIF($B$5:$H$109,J18) -> 5 | L18: =K18/$K$19 -> 0.41666667
A19: Pivô 15 | J19: Total | K19: =SUM(K5:K18) -> 12
A20: Pivô 16 | D20: Painel do Pivô
A21: Pivô 17
A22: Pivô 18
A23: Pivô 19
A24: Pivô 20
A25: Pivô 21
A26: Pivô 22
A27: Pivô 23
A28: Pivô 24
A29: Pivô 25
A30: Pivô 26
A31: Pivô 27
A32: Pivô 28
... A39: Pivô 35
A40: Pivô 36 | G40: Painel do Pivô
A41: Pivô 37
A42: Pivô 38
A43: Pivô 39
A44: Pivô 40
A45: Pivô 41
A46: Pivô 42
A47: Pivô 43
A48: Pivô 44
A49: Pivô 45
A50: Pivô 46
A51: Pivô 47
A52: Pivô 48
A53: Pivô 49
A54: Pivô 50 | D54: Chave Aberta
A55: Pivô 51 | D55: Chave Aberta
A56: Pivô 52
A57: Pivô 53
A58: Pivô 54
A59: Pivô 55 | H59: Rede Interna
A60: Pivô 56
A61: Pivô 57 | G61: Gerador
A62: Pivô 58 | G62: Gerador
A63: Pivô 59 | G63: Gerador
A64: Pivô 60
A65: Pivô 61 | G65: Gerador
A66: Pivô 62 | G66: Gerador
A67: Pivô 63
A68: Pivô 64
A69: Pivô 65
A70: Pivô 66
A71: Pivô 67
A72: Pivô 68
A73: Pivô 69
A74: Pivô 70
A75: Pivô 71
A76: Pivô 72
A77: Pivô 73
A78: Pivô 74
... A109: Pivô 133

Sheet 24 04 2023
A1: Atendimento de Irrigação (Impacto - Problemas Elétricos)
A3: Data | B3: 45040 | C3: =B3+1 -> 45041 | D3: =C3+1 -> 45042 | E3: =D3+1 -> 45043 | F3: =E3+1 -> 45044 | G3: =F3+1 -> 45045 | H3: =G3+1 -> 45046
A4: Pivô | B4: =TEXT(B3,"ddd") -> seg | C4: =TEXT(C3,"ddd") -> ter | D4: =TEXT(D3,"ddd") -> qua | E4: =TEXT(E3,"ddd") -> qui | F4: =TEXT(F3,"ddd") -> sex | G4: =TEXT(G3,"ddd") -> sáb | H4: =TEXT(H3,"ddd") -> dom | J4: Parâmetros | K4: Contagem | L4: Porcentagem | M4: Semana
A5: Pivô 01 | J5: Cabo Acionamento | K5: =COUNTIF($B$5:$H$109,J5) -> 0 | L5: =K5/$K$19 -> 0 | M5: =B3 -> 45040
A6: Pivô 02 | B6: Rede Interna | E6: Painel do Pivô | J6: Transformador | K6: =COUNTIF($B$5:$H$109,J6) -> 2 | L6: =K6/$K$19 -> 0.074074074
A7: Pivô 03 | J7: Chave Aberta | K7: =COUNTIF($B$5:$H$109,J7) -> 0 | L7: =K7/$K$19 -> 0
A8: Pivô 04 | J8: Painel da Bomba | K8: =COUNTIF($B$5:$H$109,J8) -> 4 | L8: =K8/$K$19 -> 0.14814815
A9: Pivô 05 | B9: Rede Interna | J9: Painel do Pivô | K9: =COUNTIF($B$5:$H$109,J9) -> 6 | L9: =K9/$K$19 -> 0.22222222
A10: Pivô 06 | J10: Contactora | K10: =COUNTIF($B$5:$H$109,J10) -> 0 | L10: =K10/$K$19 -> 0
A11: Pivô 07 | J11: Caixa do Micro | K11: =COUNTIF($B$5:$H$109,J11) -> 0 | L11: =K11/$K$19 -> 0
A12: Pivô 08 | J12: Cabo de Segurança | K12: =COUNTIF($B$5:$H$109,J12) -> 0 | L12: =K12/$K$19 -> 0
A13: Pivô 09 | J13: Falta de Fase | K13: =COUNTIF($B$5:$H$109,J13) -> 0 | L13: =K13/$K$19 -> 0
A14: Pivô 10 | J14: Inversor de Frequência | K14: =COUNTIF($B$5:$H$109,J14) -> 0 | L14: =K14/$K$19 -> 0
A15: Pivô 11 | J15: Injeferd | K15: =COUNTIF($B$5:$H$109,J15) -> 0 | L15: =K15/$K$19 -> 0
A16: Pivô 12 | J16: Disjuntor | K16: =COUNTIF($B$5:$H$109,J16) -> 1 | L16: =K16/$K$19 -> 0.037037037
A17: Pivô 13 | J17: Rede Interna | K17: =COUNTIF($B$5:$H$109,J17) -> 14 | L17: =K17/$K$19 -> 0.51851852
A18: Pivô 14 | J18: Gerador | K18: =COUNTIF($B$5:$H$109,J18) -> 0 | L18: =K18/$K$19 -> 0
A19: Pivô 15 | J19: Total | K19: =SUM(K5:K18) -> 27
A20: Pivô 16
A21: Pivô 17
A22: Pivô 18
A23: Pivô 19
A24: Pivô 20
A25: Pivô 21
A26: Pivô 22
A27: Pivô 23
A28: Pivô 24
A29: Pivô 25 | B29: Rede Interna | C29: Painel da Bomba
A30: Pivô 26
A31: Pivô 27 | B31: Rede Interna
A32: Pivô 28 | D32: Transformador | E32: Transformador
A33: Pivô 29 | B33: Rede Interna | C33: Painel do Pivô | D33: Painel do Pivô
A34: Pivô 30
A35: Pivô 31
A36: Pivô 32
A37: Pivô 33 | B37: Rede Interna
A38: Pivô 34
A39: Pivô 35 | C39: Painel da Bomba
A40: Pivô 36 | B40: Rede Interna
A41: Pivô 37
A42: Pivô 38
A43: Pivô 39
A44: Pivô 40
A45: Pivô 41
A46: Pivô 42
A47: Pivô 43
A48: Pivô 44
A49: Pivô 45 | B49: Rede Interna
A50: Pivô 46
A51: Pivô 47
A52: Pivô 48 | D52: Painel do Pivô | G52: Painel do Pivô
A53: Pivô 49
A54: Pivô 50
A55: Pivô 51
A56: Pivô 52
A57: Pivô 53
A58: Pivô 54
A59: Pivô 55
A60: Pivô 56
A61: Pivô 57
A62: Pivô 58
A63: Pivô 59
A64: Pivô 60
A65: Pivô 61
A66: Pivô 62 | F66: Painel da Bomba | H66: Painel do Pivô
A67: Pivô 63
A68: Pivô 64
A69: Pivô 65
A70: Pivô 66 | C70: Painel da Bomba | E70: Disjuntor
A71: Pivô 67
A72: Pivô 68
A73: Pivô 69
A74: Pivô 70
A75: Pivô 71
A76: Pivô 72
A77: Pivô 73
A78: Pivô 74
A79: Pivô 101
A80: Pivô 102
A81: Pivô 103
A82: Pivô 104
A83: Pivô 105 | H83: Rede Interna
A84: Pivô 106 | H84: Rede Interna
A85: Pivô 107
A86: Pivô 108
A87: Pivô 109 | H87: Rede Interna
A88: Pivô 110 | H88: Rede Interna
A89: Pivô 111
A90: Pivô 112
A91: Pivô 113
A92: Pivô 114
A93: Pivô 115
A94: Pivô 116
A95: Pivô 117
A96: Pivô 118
A97: Pivô 119
A98: Pivô 120
A99: Pivô 121
A100: Pivô 122
... A102: Pivô 124
...

Sheet 01 05 2023
A1: Atendimento de Irrigação (Impacto - Problemas Elétricos)
A3: Data | B3: 45047 | C3: =B3+1 -> 45048 | D3: =C3+1 -> 45049 | E3: =D3+1 -> 45050 | F3: =E3+1 -> 45051 | G3: =F3+1 -> 45052 | H3: =G3+1 -> 45053
A4: Pivô | B4: =TEXT(B3,"ddd") -> seg | C4: =TEXT(C3,"ddd") -> ter | D4: =TEXT(D3,"ddd") -> qua | E4: =TEXT(E3,"ddd") -> qui | F4: =TEXT(F3,"ddd") -> sex | G4: =TEXT(G3,"ddd") -> sáb | H4: =TEXT(H3,"ddd") -> dom | J4: Parâmetros | K4: Contagem | L4: Porcentagem | M4: Semana
A5: Pivô 01 | J5: Cabo Acionamento | K5: =COUNTIF($B$5:$H$109,J5) -> 4 | L5: =K5/$K$20 -> 0.090909091 | M5: =B3 -> 45047
A6: Pivô 02 | J6: Transformador | K6: =COUNTIF($B$5:$H$109,J6) -> 0 | L6: =K6/$K$20 -> 0
A7: Pivô 03 | J7: Chave Aberta | K7: =COUNTIF($B$5:$H$109,J7) -> 0 | L7: =K7/$K$20 -> 0
A8: Pivô 04 | J8: Painel da Bomba | K8: =COUNTIF($B$5:$H$109,J8) -> 3 | L8: =K8/$K$20 -> 0.068181818
A9: Pivô 05 | J9: Painel do Pivô | K9: =COUNTIF($B$5:$H$109,J9) -> 6 | L9: =K9/$K$20 -> 0.13636364
A10: Pivô 06 | C10: Painel da Bomba | E10: Painel do Pivô | F10: Painel do Pivô | J10: Contactora | K10: =COUNTIF($B$5:$H$109,J10) -> 0 | L10: =K10/$K$20 -> 0
A11: Pivô 07 | J11: Caixa do Micro | K11: =COUNTIF($B$5:$H$109,J11) -> 2 | L11: =K11/$K$20 -> 0.045454545
A12: Pivô 08 | J12: Cabo de Segurança | K12: =COUNTIF($B$5:$H$109,J12) -> 0 | L12: =K12/$K$20 -> 0
A13: Pivô 09 | H13: Cabo Acionamento | J13: Falta de Fase | K13: =COUNTIF($B$5:$H$109,J13) -> 0 | L13: =K13/$K$20 -> 0
A14: Pivô 10 | J14: Inversor de Frequência | K14: =COUNTIF($B$5:$H$109,J14) -> 0 | L14: =K14/$K$20 -> 0
A15: Pivô 11 | J15: Injeferd | K15: =COUNTIF($B$5:$H$109,J15) -> 0 | L15: =K15/$K$20 -> 0
A16: Pivô 12 | J16: Disjuntor | K16: =COUNTIF($B$5:$H$109,J16) -> 1 | L16: =K16/$K$20 -> 0.022727273
A17: Pivô 13 | J17: Rede Interna | K17: =COUNTIF($B$5:$H$109,J17) -> 26 | L17: =K17/$K$20 -> 0.59090909
A18: Pivô 14 | J18: Pivô em Manual | K18: =COUNTIF($B$5:$H$109,J18) -> 2 | L18: =K18/$K$20 -> 0.045454545
A19: Pivô 15 | J19: Gerador | K19: =COUNTIF($B$5:$H$109,J19) -> 0 | L19: =K19/$K$20 -> 0
A20: Pivô 16 | J20: Total | K20: =SUM(K5:K18) -> 44
A21: Pivô 17
A22: Pivô 18 | B22: Painel do Pivô
A23: Pivô 19
A24: Pivô 20
A25: Pivô 21
A26: Pivô 22
A27: Pivô 23
A28: Pivô 24
A29: Pivô 25
A30: Pivô 26
A31: Pivô 27
A32: Pivô 28 | D32: Painel do Pivô
A33: Pivô 29 | B33: Painel da Bomba | C33: Painel da Bomba
A34: Pivô 30
A35: Pivô 31
A36: Pivô 32 | H36: Pivô em Manual
A37: Pivô 33 | H37: Pivô em Manual
A38: Pivô 34
A39: Pivô 35
A40: Pivô 36
A41: Pivô 37
A42: Pivô 38
A43: Pivô 39 | E43: Painel do Pivô
A44: Pivô 40
A45: Pivô 41
A46: Pivô 42
A47: Pivô 43
A48: Pivô 44 | B48: Caixa do Micro | E48: Caixa do Micro
A49: Pivô 45
A50: Pivô 46
A51: Pivô 47 | C51: Rede Interna
A52: Pivô 48 | C52: Rede Interna | F52: Cabo Acionamento | G52: Cabo Acionamento | H52: Cabo Acionamento
A53: Pivô 49 | C53: Rede Interna
A54: Pivô 50
A55: Pivô 51
A56: Pivô 52 | C56: Rede Interna
A57: Pivô 53
A58: Pivô 54
A59: Pivô 55 | C59: Rede Interna | F59: Painel do Pivô
A60: Pivô 56 | C60: Rede Interna
A61: Pivô 57 | C61: Rede Interna
A62: Pivô 58 | C62: Rede Interna
A63: Pivô 59 | C63: Rede Interna
A64: Pivô 60 | B64: Rede Interna
A65: Pivô 61 | C65: Rede Interna
A66: Pivô 62 | C66: Rede Interna
A67: Pivô 63
A68: Pivô 64
A69: Pivô 65
A70: Pivô 66 | B70: Rede Interna | G70: Disjuntor
A71: Pivô 67 | B71: Rede Interna
A72: Pivô 68 | B72: Rede Interna
A73: Pivô 69
A74: Pivô 70 | C74: Rede Interna
A75: Pivô 71
A76: Pivô 72 | B76: Rede Interna | C76: Rede Interna
A77: Pivô 73
A78: Pivô 74
A79: Pivô 101
A80: Pivô 102
A81: Pivô 103
A82: Pivô 104
A83: Pivô 105 | D83: Rede Interna
A84: Pivô 106 | D84: Rede Interna
A85: Pivô 107 | C85: Rede Interna
A86: Pivô 108 | C86: Rede Interna
A87: Pivô 109 | D87: Rede Interna
A88: Pivô 110
A89: Pivô 111
A90: Pivô 112
A91: Pivô 113
A92: Pivô 114
A93: Pivô 115
A94: Pivô 116
A95: Pivô 117
A96: Pivô 118
A97: Pivô 119
A98: Pivô 120
A99: Pivô 121 | B99: Rede Interna
A100: Pivô 122
A101: Pivô 123
...

Sheet 08 05 2023
A1: Atendimento de Irrigação (Impacto - Problemas Elétricos)
A3: Data | B3: 45054 | C3: =B3+1 -> 45055 | D3: =C3+1 -> 45056 | E3: =D3+1 -> 45057 | F3: =E3+1 -> 45058 | G3: =F3+1 -> 45059 | H3: =G3+1 -> 45060
A4: Pivô | B4: =TEXT(B3,"ddd") -> seg | C4: =TEXT(C3,"ddd") -> ter | D4: =TEXT(D3,"ddd") -> qua | E4: =TEXT(E3,"ddd") -> qui | F4: =TEXT(F3,"ddd") -> sex | G4: =TEXT(G3,"ddd") -> sáb | H4: =TEXT(H3,"ddd") -> dom | J4: Parâmetros | K4: Contagem | L4: Porcentagem | M4: Semana
A5: Pivô 01 | J5: Cabo Acionamento | K5: =COUNTIF($B$5:$H$109,J5) -> 3 | L5: =K5/$K$20 -> 0.16666667 | M5: =B3 -> 45054
A6: Pivô 02 | D6: Caixa do Micro | E6: Caixa do Micro | J6: Transformador | K6: =COUNTIF($B$5:$H$109,J6) -> 1 | L6: =K6/$K$20 -> 0.055555556
A7: Pivô 03 | J7: Chave Aberta | K7: =COUNTIF($B$5:$H$109,J7) -> 0 | L7: =K7/$K$20 -> 0
A8: Pivô 04 | J8: Painel da Bomba | K8: =COUNTIF($B$5:$H$109,J8) -> 0 | L8: =K8/$K$20 -> 0
A9: Pivô 05 | J9: Painel do Pivô | K9: =COUNTIF($B$5:$H$109,J9) -> 0 | L9: =K9/$K$20 -> 0
A10: Pivô 06 | J10: Contactora | K10: =COUNTIF($B$5:$H$109,J10) -> 3 | L10: =K10/$K$20 -> 0.16666667
A11: Pivô 07 | J11: Caixa do Micro | K11: =COUNTIF($B$5:$H$109,J11) -> 4 | L11: =K11/$K$20 -> 0.22222222
A12: Pivô 08 | E12: Disjuntor | H12: Transformador | J12: Cabo de Segurança | K12: =COUNTIF($B$5:$H$109,J12) -> 1 | L12: =K12/$K$20 -> 0.055555556
A13: Pivô 09 | J13: Falta de Fase | K13: =COUNTIF($B$5:$H$109,J13) -> 0 | L13: =K13/$K$20 -> 0
A14: Pivô 10 | J14: Inversor de Frequência | K14: =COUNTIF($B$5:$H$109,J14) -> 2 | L14: =K14/$K$20 -> 0.11111111
A15: Pivô 11 | J15: Injeferd | K15: =COUNTIF($B$5:$H$109,J15) -> 0 | L15: =K15/$K$20 -> 0
A16: Pivô 12 | J16: Disjuntor | K16: =COUNTIF($B$5:$H$109,J16) -> 4 | L16: =K16/$K$20 -> 0.22222222
A17: Pivô 13 | J17: Rede Interna | K17: =COUNTIF($B$5:$H$109,J17) -> 0 | L17: =K17/$K$20 -> 0
A18: Pivô 14 | J18: Pivô em Manual | K18: =COUNTIF($B$5:$H$109,J18) -> 0 | L18: =K18/$K$20 -> 0
A19: Pivô 15 | J19: Gerador | K19: =COUNTIF($B$5:$H$109,J19) -> 0 | L19: =K19/$K$20 -> 0
A20: Pivô 16 | E20: Contactora | J20: Total | K20: =SUM(K5:K18) -> 18
A21: Pivô 17 | B21: Caixa do Micro | C21: Caixa do Micro
A22: Pivô 18
A23: Pivô 19 | G23: Inversor de Frequência | H23: Inversor de Frequência
A24: Pivô 20
A25: Pivô 21
A26: Pivô 22
A27: Pivô 23
A28: Pivô 24
A29: Pivô 25
A30: Pivô 26
A31: Pivô 27
A32: Pivô 28
A33: Pivô 29
A34: Pivô 30
A35: Pivô 31
A36: Pivô 32 | E36: Cabo de Segurança
A37: Pivô 33
A38: Pivô 34
A39: Pivô 35 | H39: Disjuntor
A40: Pivô 36 | H40: Disjuntor
A41: Pivô 37
A42: Pivô 38
A43: Pivô 39
A44: Pivô 40
A45: Pivô 41
A46: Pivô 42
A47: Pivô 43
A48: Pivô 44 | D48: Contactora
A49: Pivô 45
A50: Pivô 46
A51: Pivô 47
A52: Pivô 48 | B52: Cabo Acionamento | C52: Cabo Acionamento | H52: Cabo Acionamento
A53: Pivô 49
A54: Pivô 50 | E54: Disjuntor
A55: Pivô 51
A56: Pivô 52
A57: Pivô 53
A58: Pivô 54
A59: Pivô 55
A60: Pivô 56
A61: Pivô 57
A62: Pivô 58
A63: Pivô 59
A64: Pivô 60
A65: Pivô 61
A66: Pivô 62
... A83: Pivô 105
A84: Pivô 106 | H84: Contactora
A85: Pivô 107
A86: Pivô 108
A87: Pivô 109
A88: Pivô 110
A89: Pivô 111
A90: Pivô 112
A91: Pivô 113
A92: Pivô 114
A93: Pivô 115
A94: Pivô 116
A95: Pivô 117
A96: Pivô 118
... A109: Pivô 133

Sheet 15 05 2023
A1: Atendimento de Irrigação (Impacto - Problemas Elétricos)
A3: Data | B3: 45061 | C3: =B3+1 -> 45062 | D3: =C3+1 -> 45063 | E3: =D3+1 -> 45064 | F3: =E3+1 -> 45065 | G3: =F3+1 -> 45066 | H3: =G3+1 -> 45067
A4: Pivô | B4: =TEXT(B3,"ddd") -> seg | C4: =TEXT(C3,"ddd") -> ter | D4: =TEXT(D3,"ddd") -> qua | E4: =TEXT(E3,"ddd") -> qui | F4: =TEXT(F3,"ddd") -> sex | G4: =TEXT(G3,"ddd") -> sáb | H4: =TEXT(H3,"ddd") -> dom | J4: Parâmetros | K4: Contagem | L4: Porcentagem | M4: Semana
A5: Pivô 01 | J5: Cabo Acionamento | K5: =COUNTIF($B$5:$H$109,J5) -> 0 | L5: =K5/$K$20 -> 0 | M5: =B3 -> 45061
A6: Pivô 02 | J6: Transformador | K6: =COUNTIF($B$5:$H$109,J6) -> 1 | L6: =K6/$K$20 -> 0.16666667
A7: Pivô 03 | J7: Chave Aberta | K7: =COUNTIF($B$5:$H$109,J7) -> 0 | L7: =K7/$K$20 -> 0
A8: Pivô 04 | J8: Painel da Bomba | K8: =COUNTIF($B$5:$H$109,J8) -> 0 | L8: =K8/$K$20 -> 0
A9: Pivô 05 | J9: Painel do Pivô | K9: =COUNTIF($B$5:$H$109,J9) -> 0 | L9: =K9/$K$20 -> 0
A10: Pivô 06 | J10: Contactora | K10: =COUNTIF($B$5:$H$109,J10) -> 0 | L10: =K10/$K$20 -> 0
A11: Pivô 07 | J11: Caixa do Micro | K11: =COUNTIF($B$5:$H$109,J11) -> 1 | L11: =K11/$K$20 -> 0.16666667
A12: Pivô 08 | J12: Cabo de Segurança | K12: =COUNTIF($B$5:$H$109,J12) -> 0 | L12: =K12/$K$20 -> 0
A13: Pivô 09 | E13: Caixa do Micro | J13: Falta de Fase | K13: =COUNTIF($B$5:$H$109,J13) -> 0 | L13: =K13/$K$20 -> 0
A14: Pivô 10 | J14: Inversor de Frequência | K14: =COUNTIF($B$5:$H$109,J14) -> 4 | L14: =K14/$K$20 -> 0.66666667
A15: Pivô 11 | J15: Injeferd | K15: =COUNTIF($B$5:$H$109,J15) -> 0 | L15: =K15/$K$20 -> 0
A16: Pivô 12 | J16: Disjuntor | K16: =COUNTIF($B$5:$H$109,J16) -> 0 | L16: =K16/$K$20 -> 0
A17: Pivô 13 | J17: Rede Interna | K17: =COUNTIF($B$5:$H$109,J17) -> 0 | L17: =K17/$K$20 -> 0
A18: Pivô 14 | J18: Pivô em Manual | K18: =COUNTIF($B$5:$H$109,J18) -> 0 | L18: =K18/$K$20 -> 0
A19: Pivô 15 | J19: Gerador | K19: =COUNTIF($B$5:$H$109,J19) -> 0 | L19: =K19/$K$20 -> 0
A20: Pivô 16 | J20: Total | K20: =SUM(K5:K18) -> 6
A21: Pivô 17
A22: Pivô 18
A23: Pivô 19 | B23: Inversor de Frequência | C23: Inversor de Frequência | D23: Inversor de Frequência | E23: Inversor de Frequência
A24: Pivô 20 | G24: Transformador
A25: Pivô 21
A26: Pivô 22
A27: Pivô 23
A28: Pivô 24
A29: Pivô 25
A30: Pivô 26
A31: Pivô 27
A32: Pivô 28
A33: Pivô 29
A34: Pivô 30
A35: Pivô 31
A36: Pivô 32
... A109: Pivô 133

Sheet 22 05 2023
A1: Atendimento de Irrigação (Impacto - Problemas Elétricos)
A3: Data | B3: 45068 | C3: =B3+1 -> 45069 | D3: =C3+1 -> 45070 | E3: =D3+1 -> 45071 | F3: =E3+1 -> 45072 | G3: =F3+1 -> 45073 | H3: =G3+1 -> 45074
A4: Pivô | B4: =TEXT(B3,"ddd") -> seg | C4: =TEXT(C3,"ddd") -> ter | D4: =TEXT(D3,"ddd") -> qua | E4: =TEXT(E3,"ddd") -> qui | F4: =TEXT(F3,"ddd") -> sex | G4: =TEXT(G3,"ddd") -> sáb | H4: =TEXT(H3,"ddd") -> dom | J4: Parâmetros | K4: Contagem | L4: Porcentagem | M4: Semana
A5: Pivô 01 | J5: Cabo Acionamento | K5: =COUNTIF($B$5:$H$109,J5) -> 2 | L5: =K5/$K$20 -> 0.4 | M5: =B3 -> 45068
A6: Pivô 02 | J6: Transformador | K6: =COUNTIF($B$5:$H$109,J6) -> 0 | L6: =K6/$K$20 -> 0
A7: Pivô 03 | J7: Chave Aberta | K7: =COUNTIF($B$5:$H$109,J7) -> 0 | L7: =K7/$K$20 -> 0
A8: Pivô 04 | J8: Painel da Bomba | K8: =COUNTIF($B$5:$H$109,J8) -> 0 | L8: =K8/$K$20 -> 0
A9: Pivô 05 | J9: Painel do Pivô | K9: =COUNTIF($B$5:$H$109,J9) -> 2 | L9: =K9/$K$20 -> 0.4
A10: Pivô 06 | J10: Contactora | K10: =COUNTIF($B$5:$H$109,J10) -> 0 | L10: =K10/$K$20 -> 0
A11: Pivô 07 | J11: Caixa do Micro | K11: =COUNTIF($B$5:$H$109,J11) -> 0 | L11: =K11/$K$20 -> 0
A12: Pivô 08 | B12: Cabo Acionamento | J12: Cabo de Segurança | K12: =COUNTIF($B$5:$H$109,J12) -> 0 | L12: =K12/$K$20 -> 0
A13: Pivô 09 | J13: Falta de Fase | K13: =COUNTIF($B$5:$H$109,J13) -> 0 | L13: =K13/$K$20 -> 0
A14: Pivô 10 | J14: Inversor de Frequência | K14: =COUNTIF($B$5:$H$109,J14) -> 0 | L14: =K14/$K$20 -> 0
A15: Pivô 11 | J15: Injeferd | K15: =COUNTIF($B$5:$H$109,J15) -> 0 | L15: =K15/$K$20 -> 0
A16: Pivô 12 | J16: Disjuntor | K16: =COUNTIF($B$5:$H$109,J16) -> 0 | L16: =K16/$K$20 -> 0
A17: Pivô 13 | J17: Rede Interna | K17: =COUNTIF($B$5:$H$109,J17) -> 0 | L17: =K17/$K$20 -> 0
A18: Pivô 14 | J18: Pivô em Manual | K18: =COUNTIF($B$5:$H$109,J18) -> 1 | L18: =K18/$K$20 -> 0.2
A19: Pivô 15 | J19: Gerador | K19: =COUNTIF($B$5:$H$109,J19) -> 0 | L19: =K19/$K$20 -> 0
A20: Pivô 16 | J20: Total | K20: =SUM(K5:K18) -> 5
A21: Pivô 17
A22: Pivô 18
A23: Pivô 19
A24: Pivô 20
A25: Pivô 21
A26: Pivô 22
A27: Pivô 23
A28: Pivô 24
A29: Pivô 25
A30: Pivô 26
A31: Pivô 27
A32: Pivô 28
... A42: Pivô 38
A43: Pivô 39 | B43: Painel do Pivô
A44: Pivô 40
A45: Pivô 41
A46: Pivô 42
A47: Pivô 43
A48: Pivô 44
A49: Pivô 45
A50: Pivô 46
A51: Pivô 47
A52: Pivô 48 | C52: Cabo Acionamento
A53: Pivô 49 | D53: Painel do Pivô
A54: Pivô 50
A55: Pivô 51
A56: Pivô 52
A57: Pivô 53
A58: Pivô 54
A59: Pivô 55 | G59: Pivô em Manual
A60: Pivô 56
A61: Pivô 57
A62: Pivô 58
A63: Pivô 59
A64: Pivô 60
A65: Pivô 61
A66: Pivô 62
A67: Pivô 63
A68: Pivô 64
A69: Pivô 65
A70: Pivô 66
A71: Pivô 67
... A109: Pivô 133

Sheet 05 06 2023
A1: Atendimento de Irrigação (Impacto - Problemas Elétricos)
A3: Data | B3: 45082 | C3: =B3+1 -> 45083 | D3: =C3+1 -> 45084 | E3: =D3+1 -> 45085 | F3: =E3+1 -> 45086 | G3: =F3+1 -> 45087 | H3: =G3+1 -> 45088
A4: Pivô | B4: =TEXT(B3,"ddd") -> seg | C4: =TEXT(C3,"ddd") -> ter | D4: =TEXT(D3,"ddd") -> qua | E4: =TEXT(E3,"ddd") -> qui | F4: =TEXT(F3,"ddd") -> sex | G4: =TEXT(G3,"ddd") -> sáb | H4: =TEXT(H3,"ddd") -> dom | J4: Parâmetros | K4: Contagem | L4: Porcentagem | M4: Semana
A5: Pivô 01 | J5: Cabo Acionamento | K5: =COUNTIF($B$5:$H$109,J5) -> 3 | L5: =K5/$K$20 -> 0.75 | M5: =B3 -> 45082
A6: Pivô 02 | J6: Transformador | K6: =COUNTIF($B$5:$H$109,J6) -> 0 | L6: =K6/$K$20 -> 0
A7: Pivô 03 | J7: Chave Aberta | K7: =COUNTIF($B$5:$H$109,J7) -> 0 | L7: =K7/$K$20 -> 0
A8: Pivô 04 | J8: Painel da Bomba | K8: =COUNTIF($B$5:$H$109,J8) -> 1 | L8: =K8/$K$20 -> 0.25
A9: Pivô 05 | J9: Painel do Pivô | K9: =COUNTIF($B$5:$H$109,J9) -> 0 | L9: =K9/$K$20 -> 0
A10: Pivô 06 | J10: Contactora | K10: =COUNTIF($B$5:$H$109,J10) -> 0 | L10: =K10/$K$20 -> 0
A11: Pivô 07 | J11: Caixa do Micro | K11: =COUNTIF($B$5:$H$109,J11) -> 0 | L11: =K11/$K$20 -> 0
A12: Pivô 08 | J12: Cabo de Segurança | K12: =COUNTIF($B$5:$H$109,J12) -> 0 | L12: =K12/$K$20 -> 0
A13: Pivô 09 | J13: Falta de Fase | K13: =COUNTIF($B$5:$H$109,J13) -> 0 | L13: =K13/$K$20 -> 0
A14: Pivô 10 | J14: Inversor de Frequência | K14: =COUNTIF($B$5:$H$109,J14) -> 0 | L14: =K14/$K$20 -> 0
A15: Pivô 11 | J15: Injeferd | K15: =COUNTIF($B$5:$H$109,J15) -> 0 | L15: =K15/$K$20 -> 0
A16: Pivô 12 | J16: Disjuntor | K16: =COUNTIF($B$5:$H$109,J16) -> 0 | L16: =K16/$K$20 -> 0
A17: Pivô 13 | J17: Rede Interna | K17: =COUNTIF($B$5:$H$109,J17) -> 0 | L17: =K17/$K$20 -> 0
... A19: Pivô 15 | J19: Gerador | K19: =COUNTIF($B$5:$H$109,J19) -> 0 | L19: =K19/$K$20 -> 0
A20: Pivô 16 | J20: Total | K20: =SUM(K5:K18) -> 4
A21: Pivô 17
A22: Pivô 18
A23: Pivô 19
A24: Pivô 20 | H24: Painel da Bomba
A25: Pivô 21
A26: Pivô 22
A27: Pivô 23
A28: Pivô 24
A29: Pivô 25
A30: Pivô 26
A31: Pivô 27
A32: Pivô 28 | C32: Cabo Acionamento | D32: Cabo Acionamento
A33: Pivô 29 | H33: Cabo Acionamento
A34: Pivô 30
A35: Pivô 31
A36: Pivô 32
A37: Pivô 33
A38: Pivô 34
A39: Pivô 35
A40: Pivô 36
A41: Pivô 37
A42: Pivô 38
A43: Pivô 39
A44: Pivô 40
A45: Pivô 41
... A109: Pivô 133

Sheet 12 06 2023
A1: Atendimento de Irrigação (Impacto - Problemas Elétricos)
A3: Data | B3: 45089 | C3: =B3+1 -> 45090 | D3: =C3+1 -> 45091 | E3: =D3+1 -> 45092 | F3: =E3+1 -> 45093 | G3: =F3+1 -> 45094 | H3: =G3+1 -> 45095
A4: Pivô | B4: =TEXT(B3,"ddd") -> seg | C4: =TEXT(C3,"ddd") -> ter | D4: =TEXT(D3,"ddd") -> qua | E4: =TEXT(E3,"ddd") -> qui | F4: =TEXT(F3,"ddd") -> sex | G4: =TEXT(G3,"ddd") -> sáb | H4: =TEXT(H3,"ddd") -> dom | J4: Parâmetros | K4: Contagem | L4: Porcentagem | M4: Semana
A5: Pivô 01 | J5: Cabo Acionamento | K5: =COUNTIF($B$5:$H$109,J5) -> 0 | L5: =K5/$K$20 -> 0 | M5: =B3 -> 45089
A6: Pivô 02 | J6: Transformador | K6: =COUNTIF($B$5:$H$109,J6) -> 0 | L6: =K6/$K$20 -> 0
A7: Pivô 03 | J7: Chave Aberta | K7: =COUNTIF($B$5:$H$109,J7) -> 3 | L7: =K7/$K$20 -> 0.25
A8: Pivô 04 | J8: Painel da Bomba | K8: =COUNTIF($B$5:$H$109,J8) -> 2 | L8: =K8/$K$20 -> 0.16666667
A9: Pivô 05 | J9: Painel do Pivô | K9: =COUNTIF($B$5:$H$109,J9) -> 1 | L9: =K9/$K$20 -> 0.083333333
A10: Pivô 06 | J10: Contactora | K10: =COUNTIF($B$5:$H$109,J10) -> 0 | L10: =K10/$K$20 -> 0
A11: Pivô 07 | B11: Caixa do Micro | J11: Caixa do Micro | K11: =COUNTIF($B$5:$H$109,J11) -> 1 | L11: =K11/$K$20 -> 0.083333333
A12: Pivô 08 | J12: Cabo de Segurança | K12: =COUNTIF($B$5:$H$109,J12) -> 0 | L12: =K12/$K$20 -> 0
A13: Pivô 09 | J13: Falta de Fase | K13: =COUNTIF($B$5:$H$109,J13) -> 0 | L13: =K13/$K$20 -> 0
A14: Pivô 10 | J14: Inversor de Frequência | K14: =COUNTIF($B$5:$H$109,J14) -> 0 | L14: =K14/$K$20 -> 0
A15: Pivô 11 | J15: Injeferd | K15: =COUNTIF($B$5:$H$109,J15) -> 0 | L15: =K15/$K$20 -> 0
A16: Pivô 12 | J16: Disjuntor | K16: =COUNTIF($B$5:$H$109,J16) -> 0 | L16: =K16/$K$20 -> 0
A17: Pivô 13 | J17: Rede Interna | K17: =COUNTIF($B$5:$H$109,J17) -> 5 | L17: =K17/$K$20 -> 0.41666667
A18: Pivô 14 | J18: Pivô em Manual | K18: =COUNTIF($B$5:$H$109,J18) -> 0 | L18: =K18/$K$20 -> 0
A19: Pivô 15 | J19: Gerador | K19: =COUNTIF($B$5:$H$109,J19) -> 0 | L19: =K19/$K$20 -> 0
A20: Pivô 16 | J20: Total | K20: =SUM(K5:K18) -> 12
A21: Pivô 17
A22: Pivô 18
A23: Pivô 19
A24: Pivô 20 | B24: Painel da Bomba
A25: Pivô 21
A26: Pivô 22
A27: Pivô 23
A28: Pivô 24
A29: Pivô 25
A30: Pivô 26
A31: Pivô 27
A32: Pivô 28
A33: Pivô 29
A34: Pivô 30
A35: Pivô 31
A36: Pivô 32
... A53: Pivô 49
A54: Pivô 50 | C54: Chave Aberta
A55: Pivô 51
A56: Pivô 52
A57: Pivô 53
A58: Pivô 54
A59: Pivô 55 | C59: Rede Interna
A60: Pivô 56 | C60: Chave Aberta
A61: Pivô 57
A62: Pivô 58
A63: Pivô 59
A64: Pivô 60
A65: Pivô 61 | B65: Painel da Bomba
A66: Pivô 62
A67: Pivô 63
A68: Pivô 64
A69: Pivô 65
A70: Pivô 66
A71: Pivô 67 | D71: Rede Interna
A72: Pivô 68 | D72: Rede Interna
A73: Pivô 69
A74: Pivô 70 | C74: Rede Interna
A75: Pivô 71
A76: Pivô 72 | D76: Rede Interna
A77: Pivô 73
A78: Pivô 74
A79: Pivô 101
A80: Pivô 102
A81: Pivô 103
A82: Pivô 104
A83: Pivô 105
A84: Pivô 106
A85: Pivô 107
A86: Pivô 108
A87: Pivô 109
A88: Pivô 110
... A93: Pivô 115
A94: Pivô 116 | E94: Painel do Pivô
A95: Pivô 117
A96: Pivô 118
A97: Pivô 119
A98: Pivô 120
A99: Pivô 121
A100: Pivô 122
A101: Pivô 123
A102: Pivô 124
A103: Pivô 125
A104: Pivô 126
A105: Pivô 127 | E105: Chave Aberta
A106: Pivô 128
A107: Pivô 129
A108: Pivô 130
A109: Pivô 133

Sheet 19 06 2023
A1: Atendimento de Irrigação (Impacto - Problemas Elétricos)
A3: Data | B3: 45096 | C3: =B3+1 -> 45097 | D3: =C3+1 -> 45098 | E3: =D3+1 -> 45099 | F3: =E3+1 -> 45100 | G3: =F3+1 -> 45101 | H3: =G3+1 -> 45102
A4: Pivô | B4: =TEXT(B3,"ddd") -> seg | C4: =TEXT(C3,"ddd") -> ter | D4: =TEXT(D3,"ddd") -> qua | E4: =TEXT(E3,"ddd") -> qui | F4: =TEXT(F3,"ddd") -> sex | G4: =TEXT(G3,"ddd") -> sáb | H4: =TEXT(H3,"ddd") -> dom | J4: Parâmetros | K4: Contagem | L4: Porcentagem | M4: Semana
A5: Pivô 01 | J5: Cabo Acionamento | K5: =COUNTIF($B$5:$H$111,J5) -> 4 | L5: =K5/$K$20 -> 0.5 | M5: =B3 -> 45096
A6: Pivô 02 | J6: Transformador | K6: =COUNTIF($B$5:$H$111,J6) -> 0 | L6: =K6/$K$20 -> 0
A7: Pivô 03 | J7: Chave Aberta | K7: =COUNTIF($B$5:$H$111,J7) -> 0 | L7: =K7/$K$20 -> 0
A8: Pivô 04 | J8: Painel da Bomba | K8: =COUNTIF($B$5:$H$111,J8) -> 0 | L8: =K8/$K$20 -> 0
A9: Pivô 05 | J9: Painel do Pivô | K9: =COUNTIF($B$5:$H$111,J9) -> 0 | L9: =K9/$K$20 -> 0
A10: Pivô 06 | J10: Contactora | K10: =COUNTIF($B$5:$H$111,J10) -> 1 | L10: =K10/$K$20 -> 0.125
A11: Pivô 07 | J11: Caixa do Micro | K11: =COUNTIF($B$5:$H$111,J11) -> 1 | L11: =K11/$K$20 -> 0.125
A12: Pivô 08 | J12: Cabo de Segurança | K12: =COUNTIF($B$5:$H$111,J12) -> 0 | L12: =K12/$K$20 -> 0
A13: Pivô 09 | J13: Falta de Fase | K13: =COUNTIF($B$5:$H$111,J13) -> 0 | L13: =K13/$K$20 -> 0
A14: Pivô 10 | J14: Inversor de Frequência | K14: =COUNTIF($B$5:$H$111,J14) -> 1 | L14: =K14/$K$20 -> 0.125
A15: Pivô 11 | J15: Injeferd | K15: =COUNTIF($B$5:$H$111,J15) -> 0 | L15: =K15/$K$20 -> 0
A16: Pivô 12 | J16: Disjuntor | K16: =COUNTIF($B$5:$H$111,J16) -> 1 | L16: =K16/$K$20 -> 0.125
A17: Pivô 13 | J17: Rede Interna | K17: =COUNTIF($B$5:$H$111,J17) -> 0 | L17: =K17/$K$20 -> 0
A18: Pivô 14 | D18: Contactora | J18: Pivô em Manual | K18: =COUNTIF($B$5:$H$111,J18) -> 0 | L18: =K18/$K$20 -> 0
A19: Pivô 15 | J19: Gerador | K19: =COUNTIF($B$5:$H$111,J19) -> 0 | L19: =K19/$K$20 -> 0
A20: Pivô 16 | J20: Total | K20: =SUM(K5:K18) -> 8
A21: Pivô 17
A22: Pivô 18
A23: Pivô 19 | D23: Inversor de Frequência
A24: Pivô 20
A25: Pivô 21 | H25: Caixa do Micro
A26: Pivô 22
A27: Pivô 23
A28: Pivô 24
A29: Pivô 25
A30: Pivô 26
A31: Pivô 27
A32: Pivô 28
A33: Pivô 29
A34: Pivô 30
A35: Pivô 31
A36: Pivô 32
A37: Pivô 33
... A48: Pivô 44
A49: Pivô 45 | G49: Disjuntor
A50: Pivô 46
A51: Pivô 47 | B51: Cabo Acionamento | C51: Cabo Acionamento | D51: Cabo Acionamento | E51: Cabo Acionamento
A52: Pivô 48
A53: Pivô 49
A54: Pivô 50
A55: Pivô 51
A56: Pivô 52
A57: Pivô 53
A58: Pivô 54
A59: Pivô 55
A60: Pivô 56
A61: Pivô 57
A62: Pivô 58
A63: Pivô 59
... A111: Pivô 133

Sheet 26 06 2023
A1: Atendimento de Irrigação (Impacto - Problemas Elétricos)
A3: Data | B3: 45103 | C3: =B3+1 -> 45104 | D3: =C3+1 -> 45105 | E3: =D3+1 -> 45106 | F3: =E3+1 -> 45107 | G3: =F3+1 -> 45108 | H3: =G3+1 -> 45109
A4: Pivô | B4: =TEXT(B3,"ddd") -> seg | C4: =TEXT(C3,"ddd") -> ter | D4: =TEXT(D3,"ddd") -> qua | E4: =TEXT(E3,"ddd") -> qui | F4: =TEXT(F3,"ddd") -> sex | G4: =TEXT(G3,"ddd") -> sáb | H4: =TEXT(H3,"ddd") -> dom | J4: Parâmetros | K4: Contagem | L4: Porcentagem | M4: Semana
A5: Pivô 01 | D5: Caixa do Micro | J5: Cabo Acionamento | K5: =COUNTIF($B$5:$H$111,J5) -> 0 | L5: =K5/$K$20 -> 0 | M5: =B3 -> 45103
A6: Pivô 02 | J6: Transformador | K6: =COUNTIF($B$5:$H$111,J6) -> 0 | L6: =K6/$K$20 -> 0
A7: Pivô 03 | J7: Chave Aberta | K7: =COUNTIF($B$5:$H$111,J7) -> 0 | L7: =K7/$K$20 -> 0
A8: Pivô 04 | J8: Painel da Bomba | K8: =COUNTIF($B$5:$H$111,J8) -> 0 | L8: =K8/$K$20 -> 0
A9: Pivô 05 | J9: Painel do Pivô | K9: =COUNTIF($B$5:$H$111,J9) -> 0 | L9: =K9/$K$20 -> 0
A10: Pivô 06 | J10: Contactora | K10: =COUNTIF($B$5:$H$111,J10) -> 0 | L10: =K10/$K$20 -> 0
A11: Pivô 07 | J11: Caixa do Micro | K11: =COUNTIF($B$5:$H$111,J11) -> 1 | L11: =K11/$K$20 -> 0.33333333
A12: Pivô 08 | J12: Cabo de Segurança | K12: =COUNTIF($B$5:$H$111,J12) -> 0 | L12: =K12/$K$20 -> 0
A13: Pivô 09 | J13: Falta de Fase | K13: =COUNTIF($B$5:$H$111,J13) -> 0 | L13: =K13/$K$20 -> 0
A14: Pivô 10 | J14: Inversor de Frequência | K14: =COUNTIF($B$5:$H$111,J14) -> 0 | L14: =K14/$K$20 -> 0
A15: Pivô 11 | J15: Injeferd | K15: =COUNTIF($B$5:$H$111,J15) -> 0 | L15: =K15/$K$20 -> 0
A16: Pivô 12 | J16: Disjuntor | K16: =COUNTIF($B$5:$H$111,J16) -> 1 | L16: =K16/$K$20 -> 0.33333333
A17: Pivô 13 | J17: Rede Interna | K17: =COUNTIF($B$5:$H$111,J17) -> 0 | L17: =K17/$K$20 -> 0
... A19: Pivô 15 | J19: Gerador | K19: =COUNTIF($B$5:$H$111,J19) -> 0 | L19: =K19/$K$20 -> 0
A20: Pivô 16 | J20: Total | K20: =SUM(K5:K18) -> 3
A21: Pivô 17
A22: Pivô 18
A23: Pivô 19
A24: Pivô 20
A25: Pivô 21
A26: Pivô 22
A27: Pivô 23
A28: Pivô 24
A29: Pivô 25
A30: Pivô 26
A31: Pivô 27
A32: Pivô 28
... A49: Pivô 45
A50: Pivô 46 | D50: Disjuntor
A51: Pivô 47
A52: Pivô 48
A53: Pivô 49
A54: Pivô 50
A55: Pivô 51
A56: Pivô 52
A57: Pivô 53
A58: Pivô 54
A59: Pivô 55 | D59: Pivô em Manual
A60: Pivô 56
A61: Pivô 57
A62: Pivô 58
A63: Pivô 59
A64: Pivô 60
A65: Pivô 61
A66: Pivô 62
A67: Pivô 63
A68: Pivô 64
A69: Pivô 65
A70: Pivô 66
A71: Pivô 67
... A111: Pivô 133

Sheet 03 07 2023
A1: Atendimento de Irrigação (Impacto - Problemas Elétricos)
A3: Data | B3: 45110 | C3: =B3+1 -> 45111 | D3: =C3+1 -> 45112 | E3: =D3+1 -> 45113 | F3: =E3+1 -> 45114 | G3: =F3+1 -> 45115 | H3: =G3+1 -> 45116
A4: Pivô | B4: =TEXT(B3,"ddd") -> seg | C4: =TEXT(C3,"ddd") -> ter | D4: =TEXT(D3,"ddd") -> qua | E4: =TEXT(E3,"ddd") -> qui | F4: =TEXT(F3,"ddd") -> sex | G4: =TEXT(G3,"ddd") -> sáb | H4: =TEXT(H3,"ddd") -> dom | J4: Parâmetros | K4: Contagem | L4: Porcentagem | M4: Semana
A5: Pivô 01 | J5: Cabo Acionamento | K5: =COUNTIF($B$5:$H$111,J5) -> 0 | L5: =K5/$K$20 -> 0 | M5: =B3 -> 45110
A6: Pivô 02 | J6: Transformador | K6: =COUNTIF($B$5:$H$111,J6) -> 0 | L6: =K6/$K$20 -> 0
A7: Pivô 03 | J7: Chave Aberta | K7: =COUNTIF($B$5:$H$111,J7) -> 0 | L7: =K7/$K$20 -> 0
A8: Pivô 04 | J8: Painel da Bomba | K8: =COUNTIF($B$5:$H$111,J8) -> 0 | L8: =K8/$K$20 -> 0
A9: Pivô 05 | J9: Painel do Pivô | K9: =COUNTIF($B$5:$H$111,J9) -> 1 | L9: =K9/$K$20 -> 0.2
A10: Pivô 06 | C10: Rede Interna | J10: Contactora | K10: =COUNTIF($B$5:$H$111,J10) -> 0 | L10: =K10/$K$20 -> 0
A11: Pivô 07 | J11: Caixa do Micro | K11: =COUNTIF($B$5:$H$111,J11) -> 0 | L11: =K11/$K$20 -> 0
A12: Pivô 08 | J12: Cabo de Segurança | K12: =COUNTIF($B$5:$H$111,J12) -> 0 | L12: =K12/$K$20 -> 0
A13: Pivô 09 | J13: Falta de Fase | K13: =COUNTIF($B$5:$H$111,J13) -> 0 | L13: =K13/$K$20 -> 0
A14: Pivô 10 | J14: Inversor de Frequência | K14: =COUNTIF($B$5:$H$111,J14) -> 0 | L14: =K14/$K$20 -> 0
A15: Pivô 11 | J15: Injeferd | K15: =COUNTIF($B$5:$H$111,J15) -> 0 | L15: =K15/$K$20 -> 0
A16: Pivô 12 | J16: Disjuntor | K16: =COUNTIF($B$5:$H$111,J16) -> 0 | L16: =K16/$K$20 -> 0
A17: Pivô 13 | J17: Rede Interna | K17: =COUNTIF($B$5:$H$111,J17) -> 4 | L17: =K17/$K$20 -> 0.8
A18: Pivô 14 | J18: Pivô em Manual | K18: =COUNTIF($B$5:$H$111,J18) -> 0 | L18: =K18/$K$20 -> 0
A19: Pivô 15 | J19: Gerador | K19: =COUNTIF($B$5:$H$111,J19) -> 0 | L19: =K19/$K$20 -> 0
A20: Pivô 16 | J20: Total | K20: =SUM(K5:K18) -> 5
A21: Pivô 17
A22: Pivô 18
A23: Pivô 19
A24: Pivô 20
A25: Pivô 21
A26: Pivô 22
A27: Pivô 23 | C27: Rede Interna
A28: Pivô 24
A29: Pivô 25
A30: Pivô 26 | C30: Rede Interna
A31: Pivô 27
A32: Pivô 28
A33: Pivô 29
A34: Pivô 30
A35: Pivô 31
A36: Pivô 32
A37: Pivô 33 | C37: Rede Interna
A38: Pivô 34
A39: Pivô 35
A40: Pivô 36
A41: Pivô 37
A42: Pivô 38
A43: Pivô 39
A44: Pivô 40
A45: Pivô 41
A46: Pivô 42
A47: Pivô 43
A48: Pivô 44
A49: Pivô 45
... A61: Pivô 57
A62: Pivô 58 | H62: Painel do Pivô
A63: Pivô 59
A64: Pivô 60
A65: Pivô 61
A66: Pivô 62
A67: Pivô 63
A68: Pivô 64
A69: Pivô 65
A70: Pivô 66
A71: Pivô 67
A72: Pivô 68
A73: Pivô 69
A74: Pivô 70
... A111: Pivô 133

Sheet 10 07 2023
A1: Atendimento de Irrigação (Impacto - Problemas Elétricos)
A3: Data | B3: 45117 | C3: =B3+1 -> 45118 | D3: =C3+1 -> 45119 | E3: =D3+1 -> 45120 | F3: =E3+1 -> 45121 | G3: =F3+1 -> 45122 | H3: =G3+1 -> 45123
A4: Pivô | B4: =TEXT(B3,"ddd") -> seg | C4: =TEXT(C3,"ddd") -> ter | D4: =TEXT(D3,"ddd") -> qua | E4: =TEXT(E3,"ddd") -> qui | F4: =TEXT(F3,"ddd") -> sex | G4: =TEXT(G3,"ddd") -> sáb | H4: =TEXT(H3,"ddd") -> dom | J4: Parâmetros | K4: Contagem | L4: Porcentagem | M4: Semana
A5: Pivô 01 | J5: Cabo Acionamento | K5: =COUNTIF($B$5:$H$111,J5) -> 0 | L5: =K5/$K$20 -> 0 | M5: =B3 -> 45117
A6: Pivô 02 | J6: Transformador | K6: =COUNTIF($B$5:$H$111,J6) -> 0 | L6: =K6/$K$20 -> 0
A7: Pivô 03 | J7: Chave Aberta | K7: =COUNTIF($B$5:$H$111,J7) -> 0 | L7: =K7/$K$20 -> 0
A8: Pivô 04 | J8: Painel da Bomba | K8: =COUNTIF($B$5:$H$111,J8) -> 0 | L8: =K8/$K$20 -> 0
A9: Pivô 05 | J9: Painel do Pivô | K9: =COUNTIF($B$5:$H$111,J9) -> 1 | L9: =K9/$K$20 -> 1
A10: Pivô 06 | J10: Contactora | K10: =COUNTIF($B$5:$H$111,J10) -> 0 | L10: =K10/$K$20 -> 0
A11: Pivô 07 | J11: Caixa do Micro | K11: =COUNTIF($B$5:$H$111,J11) -> 0 | L11: =K11/$K$20 -> 0
A12: Pivô 08 | J12: Cabo de Segurança | K12: =COUNTIF($B$5:$H$111,J12) -> 0 | L12: =K12/$K$20 -> 0
A13: Pivô 09 | J13: Falta de Fase | K13: =COUNTIF($B$5:$H$111,J13) -> 0 | L13: =K13/$K$20 -> 0
A14: Pivô 10 | J14: Inversor de Frequência | K14: =COUNTIF($B$5:$H$111,J14) -> 0 | L14: =K14/$K$20 -> 0
A15: Pivô 11 | J15: Injeferd | K15: =COUNTIF($B$5:$H$111,J15) -> 0 | L15: =K15/$K$20 -> 0
A16: Pivô 12 | J16: Disjuntor | K16: =COUNTIF($B$5:$H$111,J16) -> 0 | L16: =K16/$K$20 -> 0
A17: Pivô 13 | J17: Rede Interna | K17: =COUNTIF($B$5:$H$111,J17) -> 0 | L17: =K17/$K$20 -> 0
A18: Pivô 14 | J18: Pivô em Manual | K18: =COUNTIF($B$5:$H$111,J18) -> 0 | L18: =K18/$K$20 -> 0
A19: Pivô 15 | D19: Painel do Pivô | J19: Gerador | K19: =COUNTIF($B$5:$H$111,J19) -> 0 | L19: =K19/$K$20 -> 0
A20: Pivô 16 | J20: Total | K20: =SUM(K5:K18) -> 1
A21: Pivô 17
A22: Pivô 18
A23: Pivô 19
A24: Pivô 20
A25: Pivô 21
A26: Pivô 22
A27: Pivô 23
A28: Pivô 24
A29: Pivô 25
A30: Pivô 26
A31: Pivô 27
A32: Pivô 28
... A111: Pivô 133

Sheet 17 07 2023
A1: Atendimento de Irrigação (Impacto - Problemas Elétricos)
A3: Data | B3: 45124 | C3: =B3+1 -> 45125 | D3: =C3+1 -> 45126 | E3: =D3+1 -> 45127 | F3: =E3+1 -> 45128 | G3: =F3+1 -> 45129 | H3: =G3+1 -> 45130
A4: Pivô | B4: =TEXT(B3,"ddd") -> seg | C4: =TEXT(C3,"ddd") -> ter | D4: =TEXT(D3,"ddd") -> qua | E4: =TEXT(E3,"ddd") -> qui | F4: =TEXT(F3,"ddd") -> sex | G4: =TEXT(G3,"ddd") -> sáb | H4: =TEXT(H3,"ddd") -> dom | J4: Parâmetros | K4: Contagem | L4: Porcentagem | M4: Semana
A5: Pivô 01 | J5: Cabo Acionamento | K5: =COUNTIF($B$5:$H$111,J5) -> 0 | L5: =K5/$K$20 -> 0 | M5: =B3 -> 45124
A6: Pivô 02 | J6: Transformador | K6: =COUNTIF($B$5:$H$111,J6) -> 0 | L6: =K6/$K$20 -> 0
A7: Pivô 03 | J7: Chave Aberta | K7: =COUNTIF($B$5:$H$111,J7) -> 0 | L7: =K7/$K$20 -> 0
A8: Pivô 04 | J8: Painel da Bomba | K8: =COUNTIF($B$5:$H$111,J8) -> 0 | L8: =K8/$K$20 -> 0
A9: Pivô 05 | J9: Painel do Pivô | K9: =COUNTIF($B$5:$H$111,J9) -> 0 | L9: =K9/$K$20 -> 0
A10: Pivô 06 | J10: Contactora | K10: =COUNTIF($B$5:$H$111,J10) -> 1 | L10: =K10/$K$20 -> 1
A11: Pivô 07 | D11: Contactora | J11: Caixa do Micro | K11: =COUNTIF($B$5:$H$111,J11) -> 0 | L11: =K11/$K$20 -> 0
A12: Pivô 08 | J12: Cabo de Segurança | K12: =COUNTIF($B$5:$H$111,J12) -> 0 | L12: =K12/$K$20 -> 0
A13: Pivô 09 | J13: Falta de Fase | K13: =COUNTIF($B$5:$H$111,J13) -> 0 | L13: =K13/$K$20 -> 0
A14: Pivô 10 | J14: Inversor de Frequência | K14: =COUNTIF($B$5:$H$111,J14) -> 0 | L14: =K14/$K$20 -> 0
A15: Pivô 11 | J15: Injeferd | K15: =COUNTIF($B$5:$H$111,J15) -> 0 | L15: =K15/$K$20 -> 0
A16: Pivô 12 | J16: Disjuntor | K16: =COUNTIF($B$5:$H$111,J16) -> 0 | L16: =K16/$K$20 -> 0
A17: Pivô 13 | J17: Rede Interna | K17: =COUNTIF($B$5:$H$111,J17) -> 0 | L17: =K17/$K$20 -> 0
A18: Pivô 14 | J18: Pivô em Manual | K18: =COUNTIF($B$5:$H$111,J18) -> 0 | L18: =K18/$K$20 -> 0
A19: Pivô 15 | J19: Gerador | K19: =COUNTIF($B$5:$H$111,J19) -> 0 | L19: =K19/$K$20 -> 0
A20: Pivô 16 | J20: Total | K20: =SUM(K5:K18) -> 1
A21: Pivô 17
A22: Pivô 18
A23: Pivô 19
A24: Pivô 20
A25: Pivô 21
A26: Pivô 22
A27: Pivô 23
A28: Pivô 24
A29: Pivô 25
A30: Pivô 26
A31: Pivô 27
A32: Pivô 28
... A111: Pivô 133

Sheet 24 07 2023
A1: Atendimento de Irrigação (Impacto - Problemas Elétricos)
A3: Data | B3: 45131 | C3: =B3+1 -> 45132 | D3: =C3+1 -> 45133 | E3: =D3+1 -> 45134 | F3: =E3+1 -> 45135 | G3: =F3+1 -> 45136 | H3: =G3+1 -> 45137
A4: Pivô | B4: =TEXT(B3,"ddd") -> seg | C4: =TEXT(C3,"ddd") -> ter | D4: =TEXT(D3,"ddd") -> qua | E4: =TEXT(E3,"ddd") -> qui | F4: =TEXT(F3,"ddd") -> sex | G4: =TEXT(G3,"ddd") -> sáb | H4: =TEXT(H3,"ddd") -> dom | J4: Parâmetros | K4: Contagem | L4: Porcentagem | M4: Semana
A5: Pivô 01 | J5: Cabo Acionamento | K5: =COUNTIF($B$5:$H$111,J5) -> 0 | L5: =K5/$K$20 -> 0 | M5: =B3 -> 45131
A6: Pivô 02 | J6: Transformador | K6: =COUNTIF($B$5:$H$111,J6) -> 0 | L6: =K6/$K$20 -> 0
A7: Pivô 03 | J7: Chave Aberta | K7: =COUNTIF($B$5:$H$111,J7) -> 0 | L7: =K7/$K$20 -> 0
A8: Pivô 04 | J8: Painel da Bomba | K8: =COUNTIF($B$5:$H$111,J8) -> 0 | L8: =K8/$K$20 -> 0
A9: Pivô 05 | J9: Painel do Pivô | K9: =COUNTIF($B$5:$H$111,J9) -> 0 | L9: =K9/$K$20 -> 0
A10: Pivô 06 | J10: Contactora | K10: =COUNTIF($B$5:$H$111,J10) -> 0 | L10: =K10/$K$20 -> 0
A11: Pivô 07 | J11: Caixa do Micro | K11: =COUNTIF($B$5:$H$111,J11) -> 0 | L11: =K11/$K$20 -> 0
A12: Pivô 08 | J12: Cabo de Segurança | K12: =COUNTIF($B$5:$H$111,J12) -> 0 | L12: =K12/$K$20 -> 0
A13: Pivô 09 | J13: Falta de Fase | K13: =COUNTIF($B$5:$H$111,J13) -> 0 | L13: =K13/$K$20 -> 0
A14: Pivô 10 | J14: Inversor de Frequência | K14: =COUNTIF($B$5:$H$111,J14) -> 0 | L14: =K14/$K$20 -> 0
A15: Pivô 11 | J15: Injeferd | K15: =COUNTIF($B$5:$H$111,J15) -> 0 | L15: =K15/$K$20 -> 0
A16: Pivô 12 | J16: Disjuntor | K16: =COUNTIF($B$5:$H$111,J16) -> 3 | L16: =K16/$K$20 -> 1
A17: Pivô 13 | J17: Rede Interna | K17: =COUNTIF($B$5:$H$111,J17) -> 0 | L17: =K17/$K$20 -> 0
... A19: Pivô 15 | J19: Gerador | K19: =COUNTIF($B$5:$H$111,J19) -> 0 | L19: =K19/$K$20 -> 0
A20: Pivô 16 | J20: Total | K20: =SUM(K5:K18) -> 3
A21: Pivô 17
A22: Pivô 18
A23: Pivô 19
A24: Pivô 20
A25: Pivô 21
A26: Pivô 22
A27: Pivô 23
A28: Pivô 24
A29: Pivô 25
A30: Pivô 26
A31: Pivô 27
A32: Pivô 28
... A61: Pivô 57
A62: Pivô 58 | E62: Disjuntor | F62: Disjuntor
A63: Pivô 59
A64: Pivô 60 | F64: Disjuntor
A65: Pivô 61
A66: Pivô 62
A67: Pivô 63
A68: Pivô 64
A69: Pivô 65
A70: Pivô 66
A71: Pivô 67
A72: Pivô 68
A73: Pivô 69
A74: Pivô 70
A75: Pivô 71
A76: Pivô 72
... A111: Pivô 133

Sheet Base de Dados
A1: Parâmetros | B1: Contagem | C1: Porcentagem | D1: Semana | E1: Mês | F1: Ano | G1: Periodo
A2: Cabo Acionamento | B2: 3 | C2: 0.1875 | D2: 44613 | E2: =TEXT(Base_de_Dados[[#This Row],[Semana]],"Mmmm") -> fevereiro | F2: =YEAR(Base_de_Dados[[#This Row],[Semana]]) -> 2022 | G2: =IF(MONTH(Base_de_Dados[[#This Row],[Semana]])<=6,"1ª Bimestre","2ª Bimestre") -> 1ª Bimestre
A3: Transformador | B3: 1 | C3: 0.0625 | D3: 44613 | E3: =TEXT(Base_de_Dados[[#This Row],[Semana]],"Mmmm") -> fevereiro | F3: =YEAR(Base_de_Dados[[#This Row],[Semana]]) -> 2022 | G3: =IF(MONTH(Base_de_Dados[[#This Row],[Semana]])<=6,"1ª Bimestre","2ª Bimestre") -> 1ª Bimestre
A4: Chave Aberta | B4: 0 | C4: 0 | D4: 44613 | E4: =TEXT(Base_de_Dados[[#This Row],[Semana]],"Mmmm") -> fevereiro | F4: =YEAR(Base_de_Dados[[#This Row],[Semana]]) -> 2022 | G4: =IF(MONTH(Base_de_Dados[[#This Row],[Semana]])<=6,"1ª Bimestre","2ª Bimestre") -> 1ª Bimestre
A5: Painel da Bomba | B5: 5 | C5: 0.3125 | D5: 44613 | E5: =TEXT(Base_de_Dados[[#This Row],[Semana]],"Mmmm") -> fevereiro | F5: =YEAR(Base_de_Dados[[#This Row],[Semana]]) -> 2022 | G5: =IF(MONTH(Base_de_Dados[[#This Row],[Semana]])<=6,"1ª Bimestre","2ª Bimestre") -> 1ª Bimestre
A6: Painel do Pivô | B6: 5 | C6: 0.3125 | D6: 44613 | E6: =TEXT(Base_de_Dados[[#This Row],[Semana]],"Mmmm") -> fevereiro | F6: =YEAR(Base_de_Dados[[#This Row],[Semana]]) -> 2022 | G6: =IF(MONTH(Base_de_Dados[[#This Row],[Semana]])<=6,"1ª Bimestre","2ª Bimestre") -> 1ª Bimestre
A7: Contactora | B7: 0 | C7: 0 | D7: 44613 | E7: =TEXT(Base_de_Dados[[#This Row],[Semana]],"Mmmm") -> fevereiro | F7: =YEAR(Base_de_Dados[[#This Row],[Semana]]) -> 2022 | G7: =IF(MONTH(Base_de_Dados[[#This Row],[Semana]])<=6,"1ª Bimestre","2ª Bimestre") -> 1ª Bimestre
A8: Caixa do Micro | B8: 0 | C8: 0 | D8: 44613 | E8: =TEXT(Base_de_Dados[[#This Row],[Semana]],"Mmmm") -> fevereiro | F8: =YEAR(Base_de_Dados[[#This Row],[Semana]]) -> 2022 | G8: =IF(MONTH(Base_de_Dados[[#This Row],[Semana]])<=6,"1ª Bimestre","2ª Bimestre") -> 1ª Bimestre
A9: Cabo de Segurança | B9: 2 | C9: 0.125 | D9: 44613 | E9: =TEXT(Base_de_Dados[[#This Row],[Semana]],"Mmmm") -> fevereiro | F9: =YEAR(Base_de_Dados[[#This Row],[Semana]]) -> 2022 | G9: =IF(MONTH(Base_de_Dados[[#This Row],[Semana]])<=6,"1ª Bimestre","2ª Bimestre") -> 1ª Bimestre
A10: Cabo Acionamento | B10: 1 | C10: 0.071428571 | D10: 44620 | E10: =TEXT(Base_de_Dados[[#This Row],[Semana]],"Mmmm") -> fevereiro | F10: =YEAR(Base_de_Dados[[#This Row],[Semana]]) -> 2022 | G10: =IF(MONTH(Base_de_Dados[[#This Row],[Semana]])<=6,"1ª Bimestre","2ª Bimestre") -> 1ª Bimestre
A11: Transformador | B11: 2 | C11: 0.14285714 | D11: 44620 | E11: =TEXT(Base_de_Dados[[#This Row],[Semana]],"Mmmm") -> fevereiro | F11: =YEAR(Base_de_Dados[[#This Row],[Semana]]) -> 2022 | G11: =IF(MONTH(Base_de_Dados[[#This Row],[Semana]])<=6,"1ª Bimestre","2ª Bimestre") -> 1ª Bimestre
A12: Chave Aberta | B12: 3 | C12: 0.21428571 | D12: 44620 | E12: =TEXT(Base_de_Dados[[#This Row],[Semana]],"Mmmm") -> fevereiro | F12: =YEAR(Base_de_Dados[[#This Row],[Semana]]) -> 2022 | G12: =IF(MONTH(Base_de_Dados[[#This Row],[Semana]])<=6,"1ª Bimestre","2ª Bimestre") -> 1ª Bimestre
A13: Painel da Bomba | B13: 2 | C13: 0.14285714 | D13: 44620 | E13: =TEXT(Base_de_Dados[[#This Row],[Semana]],"Mmmm") -> fevereiro | F13: =YEAR(Base_de_Dados[[#This Row],[Semana]]) -> 2022 | G13: =IF(MONTH(Base_de_Dados[[#This Row],[Semana]])<=6,"1ª Bimestre","2ª Bimestre") -> 1ª Bimestre
... A817: Gerador | B817: 0 | C817: 0 | D817: 45131 | E817: =TEXT(Base_de_Dados[[#This Row],[Semana]],"Mmmm") -> julho | F817: =YEAR(Base_de_Dados[[#This Row],[Semana]]) -> 2023 | G817: =IF(MONTH(Base_de_Dados[[#This Row],[Semana]])<=6,"1ª Bimestre","2ª Bimestre") -> 2ª Bimestre

Sheet Analise Semanal
A3: Rótulos de Linha | B3: Percentual Anual | D3: Rótulos de Linha | E3: Contagem Semanal
A4: Painel da Bomba | B4: 0.71428571 | D4: Painel da Bomba | E4: 5
A5: Transformador | B5: 0.28571429 | D5: Transformador | E5: 2
B18: Verificação
B19: =A4 -> Painel da Bomba | C19: =E4 -> 5 | D19: =C19/$C$29 -> 0.71428571
B20: =A5 -> Transformador | C20: =E5 -> 2 | D20: =C20/$C$29 -> 0.28571429
B21: =A6 -> 0 | C21: =E6 -> 0 | D21: =C21/$C$29 -> 0
B22: =A7 -> 0 | C22: =E7 -> 0 | D22: =C22/$C$29 -> 0
B23: =A8 -> 0 | C23: =E8 -> 0 | D23: =C23/$C$29 -> 0
B24: =A9 -> 0 | C24: =E9 -> 0 | D24: =C24/$C$29 -> 0
B25: =A10 -> 0 | C25: =E10 -> 0 | D25: =C25/$C$29 -> 0
B26: =A11 -> 0 | C26: =E11 -> 0 | D26: =C26/$C$29 -> 0
B27: =A12 -> 0 | C27: =E12 -> 0 | D27: =C27/$C$29 -> 0
B28: =A13 -> 0 | C28: =E13 -> 0 | D28: =C28/$C$29 -> 0
C29: =SUM(C19:C28) -> 7

Sheet Analise Anual
A3: Rótulos de Linha | B3: Percentual Anual | D3: Rótulos de Linha | E3: Contagem Anual
A4: Cabo de Segurança | B4: 0.0028653295 | D4: Cabo de Segurança | E4: 1
A5: Pivô em Manual | B5: 0.0028653295 | D5: Cabo Acionamento | E5: 41
A6: Injeferd | B6: 0.005730659 | D6: Caixa do Micro | E6: 17
A7: Transformador | B7: 0.028653295 | D7: Chave Aberta | E7: 16
A8: Gerador | B8: 0.031518625 | D8: Contactora | E8: 14
A9: Contactora | B9: 0.040114613 | D9: Falta de Fase | E9: 23
A10: Disjuntor | B10: 0.042979943 | D10: Inversor de Frequência | E10: 30
A11: Chave Aberta | B11: 0.045845272 | D11: Painel da Bomba | E11: 74
A12: Caixa do Micro | B12: 0.048710602 | D12: Painel do Pivô | E12: 44
A13: Falta de Fase | B13: 0.065902579 | D13: Transformador | E13: 10
A14: Inversor de Frequência | B14: 0.085959885 | D14: Gerador | E14: 11
A15: Cabo Acionamento | B15: 0.11747851 | D15: Injeferd | E15: 2
... A18: Painel da Bomba | B18: 0.21203438 | D18: Pivô em Manual | E18: 1
B19: Verificação
B20: =A4 -> Cabo de Segurança | C20: =E4 -> 1 | D20: =C20/$C$32 -> 0.0035335689
B21: =A5 -> Pivô em Manual | C21: =E5 -> 41 | D21: =C21/$C$32 -> 0.14487633
B22: =A6 -> Injeferd | C22: =E6 -> 17 | D22: =C22/$C$32 -> 0.060070671
B23: =A7 -> Transformador | C23: =E7 -> 16 | D23: =C23/$C$32 -> 0.056537102
B24: =A8 -> Gerador | C24: =E8 -> 14 | D24: =C24/$C$32 -> 0.049469965
B25: =A9 -> Contactora | C25: =E9 -> 23 | D25: =C25/$C$32 -> 0.081272085
B26: =A10 -> Disjuntor | C26: =E10 -> 30 | D26: =C26/$C$32 -> 0.10600707
B27: =A11 -> Chave Aberta | C27: =E11 -> 74 | D27: =C27/$C$32 -> 0.2614841
B28: =A12 -> Caixa do Micro | C28: =E12 -> 44 | D28: =C28/$C$32 -> 0.15547703
B29: =A13 -> Falta de Fase | C29: =E13 -> 10 | D29: =C29/$C$32 -> 0.035335689
B30: =A14 -> Inversor de Frequência | C30: =E14 -> 11 | D30: =C30/$C$32 -> 0.038869258
B31: =A15 -> Cabo Acionamento | C31: =E15 -> 2 | D31: =C31/$C$32 -> 0.0070671378
C32: =SUM(C20:C31) -> 283

Sheet Dashboard Indicadores
