Workbook
Name SegmentaçãodeDados_Ano: #N/A
Name SegmentaçãodeDados_Periodo: #N/A
Name SegmentaçãodeDados_Semana: #N/A

Sheet Acumulado
A1: Primeiro Semestre
A2: Parâmetros | B2: 44613 | C2: 44620 | D2: 44627 | E2: 44634 | F2: 44641 | G2: 44648 | H2: 44655 | I2: 44662 | J2: 44669 | K2: 44676 | L2: 44683 | M2: 44690 | N2: 44697 | O2: 44704 | P2: 44711 | Q2: 44718 | R2: 44725 | S2: 44732 | T2: 44739 | U2: Total | V2: Percentual | W2: 44746
A3: Pulverização | B3: ='21 02 2022'!K5 -> 0 | C3: ='28 02 2022'!K5 -> 0 | D3: ='07 03 2022'!K5 -> 5 | E3: ='14 03 2022'!K5 -> 3 | F3: ='21 03 2022'!K5 -> 3 | G3: ='28 03 2022'!K5 -> 3 | H3: ='04 04 2022'!K5 -> 1 | I3: ='11 04 2022'!K5 -> 2 | J3: ='18 04 2022'!K5 -> 1 | K3: ='25 04 2022'!K5 -> 3 | L3: ='02 05 2022'!K5 -> 3 | M3: ='09 05 2022'!K5 -> 3 | N3: ='16 05 2022 '!K5 -> 1 | O3: ='23 05 2022 '!K5 -> 4 | P3: ='30 05 2022 '!K5 -> 2 | Q3: ='06 06 2022 '!K5 -> 2 | R3: ='13 06 2022 '!K5 -> 4 | T3: ='27 06 2022 '!K5 -> 4 | U3: =SUM(B3:T3) -> 44 | V3: =U3/$U$16 -> 0.27329193 | W3: ='04 07 2022 '!K5 -> 1
A4: Adubação | B4: ='21 02 2022'!K6 -> 0 | C4: ='28 02 2022'!K6 -> 4 | D4: ='07 03 2022'!K6 -> 2 | E4: ='14 03 2022'!K6 -> 1 | F4: ='21 03 2022'!K6 -> 0 | G4: ='28 03 2022'!K6 -> 0 | H4: ='04 04 2022'!K6 -> 3 | I4: ='11 04 2022'!K6 -> 1 | J4: ='18 04 2022'!K6 -> 0 | K4: ='25 04 2022'!K6 -> 1 | L4: ='02 05 2022'!K6 -> 0 | M4: ='09 05 2022'!K6 -> 0 | N4: ='16 05 2022 '!K6 -> 0 | O4: ='23 05 2022 '!K6 -> 1 | P4: ='30 05 2022 '!K6 -> 0 | Q4: ='06 06 2022 '!K6 -> 0 | R4: ='13 06 2022 '!K6 -> 0 | T4: ='27 06 2022 '!K6 -> 0 | U4: =SUM(B4:T4) -> 13 | V4: =U4/$U$16 -> 0.080745342 | W4: ='04 07 2022 '!K6 -> 0
A5: Trnasplantio | B5: ='21 02 2022'!K7 -> 0 | C5: ='28 02 2022'!K7 -> 0 | D5: ='07 03 2022'!K7 -> 1 | E5: ='14 03 2022'!K7 -> 0 | F5: ='21 03 2022'!K7 -> 1 | G5: ='28 03 2022'!K7 -> 0 | H5: ='04 04 2022'!K7 -> 0 | I5: ='11 04 2022'!K7 -> 0 | J5: ='18 04 2022'!K7 -> 0 | K5: ='25 04 2022'!K7 -> 0 | L5: ='02 05 2022'!K7 -> 1 | M5: ='09 05 2022'!K7 -> 0 | N5: ='16 05 2022 '!K7 -> 0 | O5: ='23 05 2022 '!K7 -> 1 | P5: ='30 05 2022 '!K7 -> 0 | Q5: ='06 06 2022 '!K7 -> 1 | R5: ='13 06 2022 '!K7 -> 3 | T5: ='27 06 2022 '!K7 -> 1 | U5: =SUM(B5:T5) -> 9 | V5: =U5/$U$16 -> 0.055900621 | W5: ='04 07 2022 '!K7 -> 0
A6: Colheita Tabaco | B6: ='21 02 2022'!K8 -> 0 | C6: ='28 02 2022'!K8 -> 0 | D6: ='07 03 2022'!K8 -> 0 | E6: ='14 03 2022'!K8 -> 0 | F6: ='21 03 2022'!K8 -> 0 | G6: ='28 03 2022'!K8 -> 0 | H6: ='04 04 2022'!K8 -> 0 | I6: ='11 04 2022'!K8 -> 0 | J6: ='18 04 2022'!K8 -> 0 | K6: ='25 04 2022'!K8 -> 0 | L6: ='02 05 2022'!K8 -> 0 | M6: ='09 05 2022'!K8 -> 0 | N6: ='16 05 2022 '!K8 -> 0 | O6: ='23 05 2022 '!K8 -> 0 | P6: ='30 05 2022 '!K8 -> 0 | Q6: ='06 06 2022 '!K8 -> 0 | R6: ='13 06 2022 '!K8 -> 0 | T6: ='27 06 2022 '!K8 -> 0 | U6: =SUM(B6:T6) -> 0 | V6: =U6/$U$16 -> 0 | W6: ='04 07 2022 '!K8 -> 1
A7: Pantio | B7: ='21 02 2022'!K9 -> 0 | C7: ='28 02 2022'!K9 -> 0 | D7: ='07 03 2022'!K9 -> 0 | E7: ='14 03 2022'!K9 -> 0 | F7: ='21 03 2022'!K9 -> 0 | G7: ='28 03 2022'!K9 -> 0 | H7: ='04 04 2022'!K9 -> 1 | I7: ='11 04 2022'!K9 -> 0 | J7: ='18 04 2022'!K9 -> 0 | K7: ='25 04 2022'!K9 -> 0 | L7: ='02 05 2022'!K9 -> 0 | M7: ='09 05 2022'!K9 -> 0 | N7: ='16 05 2022 '!K9 -> 0 | O7: ='23 05 2022 '!K9 -> 0 | P7: ='30 05 2022 '!K9 -> 0 | Q7: ='06 06 2022 '!K9 -> 0 | R7: ='13 06 2022 '!K9 -> 0 | T7: ='27 06 2022 '!K9 -> 0 | U7: =SUM(B7:T7) -> 1 | V7: =U7/$U$16 -> 0.0062111801 | W7: ='04 07 2022 '!K9 -> 0
A8: Erosão | B8: ='21 02 2022'!K10 -> 0 | C8: ='28 02 2022'!K10 -> 5 | D8: ='07 03 2022'!K10 -> 2 | E8: ='14 03 2022'!K10 -> 1 | F8: ='21 03 2022'!K10 -> 1 | G8: ='28 03 2022'!K10 -> 0 | H8: ='04 04 2022'!K10 -> 0 | I8: ='11 04 2022'!K10 -> 0 | J8: ='18 04 2022'!K10 -> 0 | K8: ='25 04 2022'!K10 -> 0 | L8: ='02 05 2022'!K10 -> 0 | M8: ='09 05 2022'!K10 -> 0 | N8: ='16 05 2022 '!K10 -> 0 | O8: ='23 05 2022 '!K10 -> 0 | P8: ='30 05 2022 '!K10 -> 0 | Q8: ='06 06 2022 '!K10 -> 0 | R8: ='13 06 2022 '!K10 -> 0 | T8: ='27 06 2022 '!K10 -> 0 | U8: =SUM(B8:T8) -> 9 | V8: =U8/$U$16 -> 0.055900621 | W8: ='04 07 2022 '!K10 -> 0
A9: Mecânico/Trator | B9: ='21 02 2022'!K11 -> 4 | C9: ='28 02 2022'!K11 -> 1 | D9: ='07 03 2022'!K11 -> 1 | E9: ='14 03 2022'!K11 -> 0 | F9: ='21 03 2022'!K11 -> 0 | G9: ='28 03 2022'!K11 -> 0 | H9: ='04 04 2022'!K11 -> 0 | I9: ='11 04 2022'!K11 -> 0 | J9: ='18 04 2022'!K11 -> 0 | K9: ='25 04 2022'!K11 -> 1 | L9: ='02 05 2022'!K11 -> 3 | M9: ='09 05 2022'!K11 -> 0 | N9: ='16 05 2022 '!K11 -> 10 | O9: ='23 05 2022 '!K11 -> 0 | P9: ='30 05 2022 '!K11 -> 0 | Q9: ='06 06 2022 '!K11 -> 1 | R9: ='13 06 2022 '!K11 -> 0 | T9: ='27 06 2022 '!K11 -> 0 | U9: =SUM(B9:T9) -> 21 | V9: =U9/$U$16 -> 0.13043478 | W9: ='04 07 2022 '!K11 -> 1
A10: Transporte | B10: ='21 02 2022'!K12 -> 0 | C10: ='28 02 2022'!K12 -> 1 | D10: ='07 03 2022'!K12 -> 0 | E10: ='14 03 2022'!K12 -> 0 | F10: ='21 03 2022'!K12 -> 3 | G10: ='28 03 2022'!K12 -> 0 | H10: ='04 04 2022'!K12 -> 0 | I10: ='11 04 2022'!K12 -> 0 | J10: ='18 04 2022'!K12 -> 0 | K10: ='25 04 2022'!K12 -> 0 | L10: ='02 05 2022'!K12 -> 1 | M10: ='09 05 2022'!K12 -> 0 | N10: ='16 05 2022 '!K12 -> 0 | O10: ='23 05 2022 '!K12 -> 0 | P10: ='30 05 2022 '!K12 -> 0 | Q10: ='06 06 2022 '!K12 -> 0 | R10: ='13 06 2022 '!K12 -> 0 | T10: ='27 06 2022 '!K12 -> 0 | U10: =SUM(B10:T10) -> 5 | V10: =U10/$U$16 -> 0.031055901 | W10: ='04 07 2022 '!K12 -> 0
A11: Pivô Atolado | B11: ='21 02 2022'!K13 -> 3 | C11: ='28 02 2022'!K13 -> 4 | D11: ='07 03 2022'!K13 -> 2 | E11: ='14 03 2022'!K13 -> 2 | F11: ='21 03 2022'!K13 -> 1 | G11: ='28 03 2022'!K13 -> 0 | H11: ='04 04 2022'!K13 -> 1 | I11: ='11 04 2022'!K13 -> 0 | J11: ='18 04 2022'!K13 -> 0 | K11: ='25 04 2022'!K13 -> 0 | L11: ='02 05 2022'!K13 -> 0 | M11: ='09 05 2022'!K13 -> 1 | N11: ='16 05 2022 '!K13 -> 0 | O11: ='23 05 2022 '!K13 -> 3 | P11: ='30 05 2022 '!K13 -> 2 | Q11: ='06 06 2022 '!K13 -> 0 | R11: ='13 06 2022 '!K13 -> 1 | T11: ='27 06 2022 '!K13 -> 0 | U11: =SUM(B11:T11) -> 20 | V11: =U11/$U$16 -> 0.1242236 | W11: ='04 07 2022 '!K13 -> 0
A12: Entrega do Produto | B12: ='21 02 2022'!K14 -> 0 | C12: ='28 02 2022'!K14 -> 1 | D12: ='07 03 2022'!K14 -> 5 | E12: ='14 03 2022'!K14 -> 1 | F12: ='21 03 2022'!K14 -> 2 | G12: ='28 03 2022'!K14 -> 3 | H12: ='04 04 2022'!K14 -> 0 | I12: ='11 04 2022'!K14 -> 0 | J12: ='18 04 2022'!K14 -> 0 | K12: ='25 04 2022'!K14 -> 0 | L12: ='02 05 2022'!K14 -> 0 | M12: ='09 05 2022'!K14 -> 0 | N12: ='16 05 2022 '!K14 -> 0 | O12: ='23 05 2022 '!K14 -> 0 | P12: ='30 05 2022 '!K14 -> 2 | Q12: ='06 06 2022 '!K14 -> 0 | R12: ='13 06 2022 '!K14 -> 0 | T12: ='27 06 2022 '!K14 -> 0 | U12: =SUM(B12:T12) -> 14 | V12: =U12/$U$16 -> 0.086956522 | W12: ='04 07 2022 '!K14 -> 1
A13: Limpeza e Aferições | D13: ='07 03 2022'!K15 -> 1 | E13: ='14 03 2022'!K15 -> 0 | F13: ='21 03 2022'!K15 -> 0 | G13: ='28 03 2022'!K15 -> 0 | H13: ='04 04 2022'!K15 -> 0 | I13: ='11 04 2022'!K15 -> 0 | J13: ='18 04 2022'!K15 -> 0 | K13: ='25 04 2022'!K15 -> 0 | L13: ='02 05 2022'!K15 -> 0 | M13: ='09 05 2022'!K15 -> 0 | N13: ='16 05 2022 '!K15 -> 0 | O13: ='23 05 2022 '!K15 -> 0 | P13: ='30 05 2022 '!K15 -> 0 | Q13: ='06 06 2022 '!K15 -> 1 | R13: ='13 06 2022 '!K15 -> 0 | T13: ='27 06 2022 '!K15 -> 0 | U13: =SUM(B13:T13) -> 2 | V13: =U13/$U$16 -> 0.01242236 | W13: ='04 07 2022 '!K15 -> 0
A14: Falta de Água | K14: ='25 04 2022'!K16 -> 3 | L14: ='02 05 2022'!K16 -> 9 | M14: ='09 05 2022'!K16 -> 7 | N14: ='16 05 2022 '!K16 -> 0 | O14: ='23 05 2022 '!K16 -> 0 | P14: ='30 05 2022 '!K16 -> 0 | Q14: ='06 06 2022 '!K16 -> 0 | R14: ='13 06 2022 '!K16 -> 0 | T14: ='27 06 2022 '!K16 -> 0 | U14: =SUM(B14:T14) -> 19 | V14: =U14/$U$16 -> 0.11801242 | W14: ='04 07 2022 '!K16 -> 0
A15: Desponte | O15: ='23 05 2022 '!K17 -> 1 | P15: ='30 05 2022 '!K17 -> 0 | Q15: ='06 06 2022 '!K17 -> 0 | R15: ='13 06 2022 '!K17 -> 0 | T15: ='27 06 2022 '!K17 -> 3 | U15: =SUM(B15:T15) -> 4 | V15: =U15/$U$16 -> 0.02484472 | W15: ='04 07 2022 '!K17 -> 3
A16: Total | B16: =SUM(B3:B15) -> 7 | C16: =SUM(C3:C15) -> 16 | D16: =SUM(D3:D15) -> 19 | E16: =SUM(E3:E15) -> 8 | F16: =SUM(F3:F15) -> 11 | G16: =SUM(G3:G15) -> 6 | H16: =SUM(H3:H15) -> 6 | I16: =SUM(I3:I15) -> 3 | ... U16: =SUM(U3:U15) -> 161

Sheet 21 02 2022
A1: Atendimento de irrigação (Imapacto Operacional Interno e Externo) - Semena 21/02/2022
A3: Data | B3: 44613 | C3: =B3+1 -> 44614 | D3: =C3+1 -> 44615 | E3: =D3+1 -> 44616 | F3: =E3+1 -> 44617 | G3: =F3+1 -> 44618 | H3: =G3+1 -> 44619
A4: Pivô | B4: =TEXT(B3,"ddd") -> seg | C4: =TEXT(C3,"ddd") -> ter | D4: =TEXT(D3,"ddd") -> qua | E4: =TEXT(E3,"ddd") -> qui | F4: =TEXT(F3,"ddd") -> sex | G4: =TEXT(G3,"ddd") -> sáb | H4: =TEXT(H3,"ddd") -> dom | J4: Parâmetros | K4: Contagem | L4: Porcentagem | M4: Semana
A5: Pivô 01 | J5: Pulverização | K5: =COUNTIF($B$5:$H$93,J5) -> 0 | L5: =K5/$K$16 -> 0 | M5: 21/02-27/2
A6: Pivô 02 | J6: Adubação | K6: =COUNTIF($B$5:$H$93,J6) -> 0 | L6: =K6/$K$16 -> 0
A7: Pivô 03 | J7: Trnaspantio | K7: =COUNTIF($B$5:$H$93,J7) -> 0 | L7: =K7/$K$16 -> 0
A8: Pivô 04 | J8: Colheita Tabaco | K8: =COUNTIF($B$5:$H$93,J8) -> 0 | L8: =K8/$K$16 -> 0
A9: Pivô 05 | J9: Plantio | K9: =COUNTIF($B$5:$H$93,J9) -> 0 | L9: =K9/$K$16 -> 0
A10: Pivô 06 | J10: Erosão | K10: =COUNTIF($B$5:$H$93,J10) -> 0 | L10: =K10/$K$16 -> 0
A11: Pivô 07 | J11: Mecânico/Trator | K11: =COUNTIF($B$5:$H$93,J11) -> 4 | L11: =K11/$K$16 -> 0.57142857
A12: Pivô 08 | J12: Operação Ferti | K12: =COUNTIF($B$5:$H$93,J12) -> 0 | L12: =K12/$K$16 -> 0
A13: Pivô 09 | J13: Pivô Atolado | K13: =COUNTIF($B$5:$H$93,J13) -> 3 | L13: =K13/$K$16 -> 0.42857143
A14: Pivô 10 | J14: Entrega do Produto | K14: =COUNTIF($B$5:$H$93,J14) -> 0 | L14: =K14/$K$16 -> 0
A15: Pivô 11
A16: Pivô 12 | J16: Total | K16: =SUM(K5:K13) -> 7
A17: Pivô 13
A18: Pivô 14
A19: Pivô 15
A20: Pivô 16
A21: Pivô 17
A22: Pivô 18
A23: Pivô 19
A24: Pivô 20
A25: Pivô 21
A26: Pivô 22 | C26: Pivô Atolado
A27: Pivô 23
A28: Pivô 24
A29: Pivô 25
A30: Pivô 26
A31: Pivô 27
A32: Pivô 28 | E32: Mecânico/Trator | F32: Mecânico/Trator
A33: Pivô 29
A34: Pivô 30
A35: Pivô 31
A36: Pivô 32 | H36: Pivô Atolado
A37: Pivô 33
A38: Pivô 34 | B38: Mecânico/Trator
A39: Pivô 35
A40: Pivô 36
A41: Pivô 37
A42: Pivô 38
A43: Pivô 39
A44: Pivô 40
A45: Pivô 41
A46: Pivô 42
A47: Pivô 43
A48: Pivô 44
A49: Pivô 45
A50: Pivô 46
... A57: Pivô 53
A58: Pivô 54 | C58: Mecânico/Trator
A59: Pivô 55
A60: Pivô 56
A61: Pivô 73 | H61: Pivô Atolado
A62: Pivô 74
A63: Pivô 101
A64: Pivô 102
A65: Pivô 103
A66: Pivô 104
A67: Pivô 105
A68: Pivô 106
A69: Pivô 107
A70: Pivô 108
A71: Pivô 109
A72: Pivô 110
A73: Pivô 111
... A93: Pivô 133

Sheet 28 02 2022
A1: Atendimento de irrigação (Imapacto Operacional Interno e Externo) - Semena 28/02/2022
A3: Data | B3: 44620 | C3: =B3+1 -> 44621 | D3: =C3+1 -> 44622 | E3: =D3+1 -> 44623 | F3: =E3+1 -> 44624 | G3: =F3+1 -> 44625 | H3: =G3+1 -> 44626
A4: Pivô | B4: =TEXT(B3,"ddd") -> seg | C4: =TEXT(C3,"ddd") -> ter | D4: =TEXT(D3,"ddd") -> qua | E4: =TEXT(E3,"ddd") -> qui | F4: =TEXT(F3,"ddd") -> sex | G4: =TEXT(G3,"ddd") -> sáb | H4: =TEXT(H3,"ddd") -> dom | J4: Parâmetros | K4: Contagem | L4: Porcentagem | M4: Semana
A5: Pivô 01 | J5: Pulverização | K5: =COUNTIF($B$5:$H$93,J5) -> 0 | L5: =K5/$K$16 -> 0 | M5: 28/2-6/3
A6: Pivô 02 | J6: Adubação | K6: =COUNTIF($B$5:$H$93,J6) -> 4 | L6: =K6/$K$16 -> 0.25
A7: Pivô 03 | J7: Trnaspantio | K7: =COUNTIF($B$5:$H$93,J7) -> 0 | L7: =K7/$K$16 -> 0
A8: Pivô 04 | J8: Colheita Tabaco | K8: =COUNTIF($B$5:$H$93,J8) -> 0 | L8: =K8/$K$16 -> 0
A9: Pivô 05 | J9: Plantio | K9: =COUNTIF($B$5:$H$93,J9) -> 0 | L9: =K9/$K$16 -> 0
A10: Pivô 06 | J10: Erosão/Rastro | K10: =COUNTIF($B$5:$H$93,J10) -> 5 | L10: =K10/$K$16 -> 0.3125
A11: Pivô 07 | J11: Mecânico/Trator | K11: =COUNTIF($B$5:$H$93,J11) -> 1 | L11: =K11/$K$16 -> 0.0625
A12: Pivô 08 | J12: Operação Ferti | K12: =COUNTIF($B$5:$H$93,J12) -> 1 | L12: =K12/$K$16 -> 0.0625
A13: Pivô 09 | J13: Pivô Atolado | K13: =COUNTIF($B$5:$H$93,J13) -> 4 | L13: =K13/$K$16 -> 0.25
A14: Pivô 10 | J14: Entrega do Produto | K14: =COUNTIF($B$5:$H$93,J14) -> 1 | L14: =K14/$K$16 -> 0.0625
A15: Pivô 11
A16: Pivô 12 | J16: Total | K16: =SUM(K5:K14) -> 16
A17: Pivô 13
A18: Pivô 14
A19: Pivô 15
A20: Pivô 16
A21: Pivô 17
A22: Pivô 18
A23: Pivô 19
A24: Pivô 20
A25: Pivô 21
A26: Pivô 22 | D26: Adubação | G26: Pivô Atolado
A27: Pivô 23
A28: Pivô 24
A29: Pivô 25
A30: Pivô 26
A31: Pivô 27 | C31: Adubação
A32: Pivô 28
A33: Pivô 29
A34: Pivô 30
A35: Pivô 31
A36: Pivô 32 | B36: Pivô Atolado | D36: Erosão/Rastro
A37: Pivô 33
A38: Pivô 34 | B38: Mecânico/Trator | C38: Erosão/Rastro | D38: Erosão/Rastro | E38: Erosão/Rastro | F38: Erosão/Rastro
A39: Pivô 35
A40: Pivô 36
A41: Pivô 37
A42: Pivô 38
A43: Pivô 39
A44: Pivô 40
A45: Pivô 41
A46: Pivô 42
A47: Pivô 43
A48: Pivô 44
A49: Pivô 45
A50: Pivô 46
... A60: Pivô 56
A61: Pivô 73 | G61: Pivô Atolado
A62: Pivô 74 | D62: Pivô Atolado
A63: Pivô 101
A64: Pivô 102
A65: Pivô 103
A66: Pivô 104
A67: Pivô 105
A68: Pivô 106
A69: Pivô 107
A70: Pivô 108
A71: Pivô 109
A72: Pivô 110
A73: Pivô 111
A74: Pivô 112 | B74: Entrega do Produto | F74: Adubação
A75: Pivô 113 | B75: Operação Ferti
A76: Pivô 114
A77: Pivô 115
A78: Pivô 116 | E78: Adubação
A79: Pivô 117
A80: Pivô 118
A81: Pivô 119
A82: Pivô 120
A83: Pivô 121
A84: Pivô 122
A85: Pivô 123
A86: Pivô 124
A87: Pivô 125
A88: Pivô 126
A89: Pivô 127
A90: Pivô 128
... A93: Pivô 133

Sheet 07 03 2022
A1: Atendimento de irrigação (Imapacto Operacional Interno e Externo) - Semena 07/03/2022
A3: Data | B3: 44627 | C3: =B3+1 -> 44628 | D3: =C3+1 -> 44629 | E3: =D3+1 -> 44630 | F3: =E3+1 -> 44631 | G3: =F3+1 -> 44632 | H3: =G3+1 -> 44633
A4: Pivô | B4: =TEXT(B3,"ddd") -> seg | C4: =TEXT(C3,"ddd") -> ter | D4: =TEXT(D3,"ddd") -> qua | E4: =TEXT(E3,"ddd") -> qui | F4: =TEXT(F3,"ddd") -> sex | G4: =TEXT(G3,"ddd") -> sáb | H4: =TEXT(H3,"ddd") -> dom | J4: Parâmetros | K4: Contagem | L4: Porcentagem | M4: Semana
A5: Pivô 01 | C5: Entrega do Produto | J5: Pulverização | K5: =COUNTIF($B$5:$H$93,J5) -> 5 | L5: =K5/$K$16 -> 0.26315789 | M5: 7/3-13/3
A6: Pivô 02 | J6: Adubação | K6: =COUNTIF($B$5:$H$93,J6) -> 2 | L6: =K6/$K$16 -> 0.10526316
A7: Pivô 03 | F7: Pulverização | J7: Trnaspantio | K7: =COUNTIF($B$5:$H$93,J7) -> 1 | L7: =K7/$K$16 -> 0.052631579
A8: Pivô 04 | D8: Trnaspantio | J8: Colheita Tabaco | K8: =COUNTIF($B$5:$H$93,J8) -> 0 | L8: =K8/$K$16 -> 0
A9: Pivô 05 | J9: Plantio | K9: =COUNTIF($B$5:$H$93,J9) -> 0 | L9: =K9/$K$16 -> 0
A10: Pivô 06 | J10: Erosão/Rastro | K10: =COUNTIF($B$5:$H$93,J10) -> 2 | L10: =K10/$K$16 -> 0.10526316
A11: Pivô 07 | J11: Mecânico/Trator | K11: =COUNTIF($B$5:$H$93,J11) -> 1 | L11: =K11/$K$16 -> 0.052631579
A12: Pivô 08 | J12: Transporte | K12: =COUNTIF($B$5:$H$93,J12) -> 0 | L12: =K12/$K$16 -> 0
A13: Pivô 09 | J13: Pivô Atolado | K13: =COUNTIF($B$5:$H$93,J13) -> 2 | L13: =K13/$K$16 -> 0.10526316
A14: Pivô 10 | J14: Entrega do Produto | K14: =COUNTIF($B$5:$H$93,J14) -> 5 | L14: =K14/$K$16 -> 0.26315789
A15: Pivô 11 | J15: Limpeza e aferições | K15: =COUNTIF($B$5:$H$93,J15) -> 1 | L15: =K15/$K$16 -> 0.052631579
A16: Pivô 12 | J16: Total | K16: =SUM(K5:K15) -> 19
A17: Pivô 13
A18: Pivô 14
A19: Pivô 15
A20: Pivô 16
A21: Pivô 17
A22: Pivô 18
A23: Pivô 19
A24: Pivô 20
A25: Pivô 21
A26: Pivô 22
A27: Pivô 23 | G27: Adubação
A28: Pivô 24
A29: Pivô 25
A30: Pivô 26 | C30: Entrega do Produto | D30: Entrega do Produto | G30: Pulverização
A31: Pivô 27 | C31: Limpeza e aferições
A32: Pivô 28 | E32: Pulverização
A33: Pivô 29
A34: Pivô 30
A35: Pivô 31 | E35: Mecânico/Trator
A36: Pivô 32
A37: Pivô 33 | B37: Erosão/Rastro
A38: Pivô 34
A39: Pivô 35
A40: Pivô 36
A41: Pivô 37
A42: Pivô 38
A43: Pivô 39
A44: Pivô 40 | F44: Pulverização
A45: Pivô 41 | F45: Pulverização
A46: Pivô 42
A47: Pivô 43
A48: Pivô 44
A49: Pivô 45
A50: Pivô 46
A51: Pivô 47
A52: Pivô 48
A53: Pivô 49 | E53: Pivô Atolado
A54: Pivô 50
A55: Pivô 51
A56: Pivô 52
A57: Pivô 53
A58: Pivô 54
A59: Pivô 55
A60: Pivô 56
A61: Pivô 73
A62: Pivô 74 | C62: Erosão/Rastro | E62: Pivô Atolado
A63: Pivô 101
A64: Pivô 102 | D64: Adubação
A65: Pivô 103
A66: Pivô 104
A67: Pivô 105
A68: Pivô 106
A69: Pivô 107
A70: Pivô 108
A71: Pivô 109
A72: Pivô 110
A73: Pivô 111
A74: Pivô 112
A75: Pivô 113 | D75: Entrega do Produto | E75: Entrega do Produto
A76: Pivô 114
A77: Pivô 115
A78: Pivô 116
A79: Pivô 117
A80: Pivô 118
A81: Pivô 119
A82: Pivô 120
A83: Pivô 121
A84: Pivô 122
A85: Pivô 123
A86: Pivô 124
A87: Pivô 125
... A93: Pivô 133

Sheet 14 03 2022
A1: Atendimento de irrigação (Imapacto Operacional Interno e Externo) - Semena 14/03/2022
A3: Data | B3: 44634 | C3: =B3+1 -> 44635 | D3: =C3+1 -> 44636 | E3: =D3+1 -> 44637 | F3: =E3+1 -> 44638 | G3: =F3+1 -> 44639 | H3: =G3+1 -> 44640
A4: Pivô | B4: =TEXT(B3,"ddd") -> seg | C4: =TEXT(C3,"ddd") -> ter | D4: =TEXT(D3,"ddd") -> qua | E4: =TEXT(E3,"ddd") -> qui | F4: =TEXT(F3,"ddd") -> sex | G4: =TEXT(G3,"ddd") -> sáb | H4: =TEXT(H3,"ddd") -> dom | J4: Parâmetros | K4: Contegem | L4: Porcentagem | M4: Semana
A5: Pivô 01 | J5: Pulverização | K5: =COUNTIF($B$5:$H$93,J5) -> 3 | L5: =K5/$K$16 -> 0.375 | M5: 14/3-20/3
A6: Pivô 02 | J6: Adubação | K6: =COUNTIF($B$5:$H$93,J6) -> 1 | L6: =K6/$K$16 -> 0.125
A7: Pivô 03 | G7: Adubação | J7: Trnaspantio | K7: =COUNTIF($B$5:$H$93,J7) -> 0 | L7: =K7/$K$16 -> 0
A8: Pivô 04 | J8: Colheita Tabaco | K8: =COUNTIF($B$5:$H$93,J8) -> 0 | L8: =K8/$K$16 -> 0
A9: Pivô 05 | J9: Plantio | K9: =COUNTIF($B$5:$H$93,J9) -> 0 | L9: =K9/$K$16 -> 0
A10: Pivô 06 | J10: Erosão/Rastro | K10: =COUNTIF($B$5:$H$93,J10) -> 1 | L10: =K10/$K$16 -> 0.125
A11: Pivô 07 | J11: Mecânico/Trator | K11: =COUNTIF($B$5:$H$93,J11) -> 0 | L11: =K11/$K$16 -> 0
A12: Pivô 08 | J12: Transporte | K12: =COUNTIF($B$5:$H$93,J12) -> 0 | L12: =K12/$K$16 -> 0
A13: Pivô 09 | J13: Pivô Atolado | K13: =COUNTIF($B$5:$H$93,J13) -> 2 | L13: =K13/$K$16 -> 0.25
A14: Pivô 10 | J14: Entrega do Produto | K14: =COUNTIF($B$5:$H$93,J14) -> 1 | L14: =K14/$K$16 -> 0.125
A15: Pivô 11 | J15: Limpeza e aferições | K15: =COUNTIF($B$5:$H$93,J15) -> 0 | L15: =K15/$K$16 -> 0
A16: Pivô 12 | J16: Total | K16: =SUM(K5:K15) -> 8
A17: Pivô 13
A18: Pivô 14
A19: Pivô 15
A20: Pivô 16
A21: Pivô 17
A22: Pivô 18 | D22: Pulverização
A23: Pivô 19
A24: Pivô 20 | D24: Pulverização
A25: Pivô 21
A26: Pivô 22 | E26: Pivô Atolado
A27: Pivô 23
A28: Pivô 24
A29: Pivô 25
A30: Pivô 26
A31: Pivô 27
A32: Pivô 28
A33: Pivô 29
A34: Pivô 30 | B34: Entrega do Produto
A35: Pivô 31
A36: Pivô 32
A37: Pivô 33
A38: Pivô 34
A39: Pivô 35
A40: Pivô 36
A41: Pivô 37
A42: Pivô 38
A43: Pivô 39
A44: Pivô 40
A45: Pivô 41
A46: Pivô 42
A47: Pivô 43 | C47: Pulverização
A48: Pivô 44
A49: Pivô 45
A50: Pivô 46
A51: Pivô 47 | C51: Pivô Atolado
A52: Pivô 48
A53: Pivô 49
A54: Pivô 50
A55: Pivô 51
A56: Pivô 52
A57: Pivô 53
A58: Pivô 54
A59: Pivô 55
A60: Pivô 56
A61: Pivô 73
A62: Pivô 74 | G62: Erosão/Rastro
A63: Pivô 101
A64: Pivô 102
A65: Pivô 103
A66: Pivô 104
A67: Pivô 105
A68: Pivô 106
A69: Pivô 107
A70: Pivô 108
A71: Pivô 109
A72: Pivô 110
A73: Pivô 111
A74: Pivô 112
... A93: Pivô 133

Sheet 21 03 2022
A1: Atendimento de irrigação (Imapacto Operacional Interno e Externo) - Semena 21/03/2022
A3: Data | B3: 44641 | C3: =B3+1 -> 44642 | D3: =C3+1 -> 44643 | E3: =D3+1 -> 44644 | F3: =E3+1 -> 44645 | G3: =F3+1 -> 44646 | H3: =G3+1 -> 44647
A4: Pivô | B4: =TEXT(B3,"ddd") -> seg | C4: =TEXT(C3,"ddd") -> ter | D4: =TEXT(D3,"ddd") -> qua | E4: =TEXT(E3,"ddd") -> qui | F4: =TEXT(F3,"ddd") -> sex | G4: =TEXT(G3,"ddd") -> sáb | H4: =TEXT(H3,"ddd") -> dom | J4: Parâmetros | K4: Contegem | L4: Porcentagem | M4: Semana
A5: Pivô 01 | J5: Pulverização | K5: =COUNTIF($B$5:$H$93,J5) -> 3 | L5: =K5/$K$16 -> 0.27272727 | M5: 21/3-27/3
A6: Pivô 02 | J6: Adubação | K6: =COUNTIF($B$5:$H$93,J6) -> 0 | L6: =K6/$K$16 -> 0
A7: Pivô 03 | J7: Transplantio | K7: =COUNTIF($B$5:$H$93,J7) -> 1 | L7: =K7/$K$16 -> 0.090909091
A8: Pivô 04 | J8: Colheita Tabaco | K8: =COUNTIF($B$5:$H$93,J8) -> 0 | L8: =K8/$K$16 -> 0
A9: Pivô 05 | J9: Plantio | K9: =COUNTIF($B$5:$H$93,J9) -> 0 | L9: =K9/$K$16 -> 0
A10: Pivô 06 | J10: Erosão/Rastro | K10: =COUNTIF($B$5:$H$93,J10) -> 1 | L10: =K10/$K$16 -> 0.090909091
A11: Pivô 07 | J11: Mecânico/Trator | K11: =COUNTIF($B$5:$H$93,J11) -> 0 | L11: =K11/$K$16 -> 0
A12: Pivô 08 | J12: Transporte | K12: =COUNTIF($B$5:$H$93,J12) -> 3 | L12: =K12/$K$16 -> 0.27272727
A13: Pivô 09 | J13: Pivô Atolado | K13: =COUNTIF($B$5:$H$93,J13) -> 1 | L13: =K13/$K$16 -> 0.090909091
A14: Pivô 10 | J14: Entrega do Produto | K14: =COUNTIF($B$5:$H$93,J14) -> 2 | L14: =K14/$K$16 -> 0.18181818
A15: Pivô 11 | J15: Limpeza e aferições | K15: =COUNTIF($B$5:$H$93,J15) -> 0 | L15: =K15/$K$16 -> 0
A16: Pivô 12 | J16: Total | K16: =SUM(K5:K15) -> 11
A17: Pivô 13
A18: Pivô 14
A19: Pivô 15
A20: Pivô 16
A21: Pivô 17
A22: Pivô 18
A23: Pivô 19
A24: Pivô 20
A25: Pivô 21
A26: Pivô 22
A27: Pivô 23
A28: Pivô 24
... A30: Pivô 26
A31: Pivô 27 | F31: Pulverização
A32: Pivô 28
A33: Pivô 29
A34: Pivô 30
A35: Pivô 31
A36: Pivô 32
A37: Pivô 33
A38: Pivô 34
A39: Pivô 35 | D39: Transplantio
A40: Pivô 36
A41: Pivô 37
A42: Pivô 38
A43: Pivô 39
A44: Pivô 40
A45: Pivô 41
A46: Pivô 42
A47: Pivô 43 | F47: Pulverização
A48: Pivô 44
A49: Pivô 45 | D49: Pulverização
A50: Pivô 46
A51: Pivô 47
A52: Pivô 48
A53: Pivô 49
A54: Pivô 50 | D54: Transporte
A55: Pivô 51
A56: Pivô 52
A57: Pivô 53
A58: Pivô 54 | B58: Transporte
A59: Pivô 55 | C59: Transporte
A60: Pivô 56
A61: Pivô 73
A62: Pivô 74 | B62: Pivô Atolado | C62: Erosão/Rastro
A63: Pivô 101
A64: Pivô 102
A65: Pivô 103
A66: Pivô 104
A67: Pivô 105
A68: Pivô 106
A69: Pivô 107
A70: Pivô 108
A71: Pivô 109
A72: Pivô 110
A73: Pivô 111
A74: Pivô 112
A75: Pivô 113 | B75: Entrega do Produto
A76: Pivô 114
A77: Pivô 115 | C77: Entrega do Produto
A78: Pivô 116
A79: Pivô 117
A80: Pivô 118
A81: Pivô 119
A82: Pivô 120
A83: Pivô 121
A84: Pivô 122
A85: Pivô 123
A86: Pivô 124
A87: Pivô 125
A88: Pivô 126
A89: Pivô 127
... A93: Pivô 133

Sheet 28 03 2022
A1: Atendimento de irrigação (Imapacto Operacional Interno e Externo) - Semena 28/03/2022
A3: Data | B3: 44648 | C3: =B3+1 -> 44649 | D3: =C3+1 -> 44650 | E3: =D3+1 -> 44651 | F3: =E3+1 -> 44652 | G3: =F3+1 -> 44653 | H3: =G3+1 -> 44654
A4: Pivô | B4: =TEXT(B3,"ddd") -> seg | C4: =TEXT(C3,"ddd") -> ter | D4: =TEXT(D3,"ddd") -> qua | E4: =TEXT(E3,"ddd") -> qui | F4: =TEXT(F3,"ddd") -> sex | G4: =TEXT(G3,"ddd") -> sáb | H4: =TEXT(H3,"ddd") -> dom | J4: Parâmetros | K4: Contagem | L4: Porcentagem | M4: Semana
A5: Pivô 01 | J5: Pulverização | K5: =COUNTIF($B$5:$H$93,J5) -> 3 | L5: =K5/$K$16 -> 0.5 | M5: 28/3-3/4
A6: Pivô 02 | J6: Adubação | K6: =COUNTIF($B$5:$H$93,J6) -> 0 | L6: =K6/$K$16 -> 0
A7: Pivô 03 | J7: Transplantio | K7: =COUNTIF($B$5:$H$93,J7) -> 0 | L7: =K7/$K$16 -> 0
A8: Pivô 04 | J8: Colheita Tabaco | K8: =COUNTIF($B$5:$H$93,J8) -> 0 | L8: =K8/$K$16 -> 0
A9: Pivô 05 | J9: Plantio | K9: =COUNTIF($B$5:$H$93,J9) -> 0 | L9: =K9/$K$16 -> 0
A10: Pivô 06 | J10: Erosão/Rastro | K10: =COUNTIF($B$5:$H$93,J10) -> 0 | L10: =K10/$K$16 -> 0
A11: Pivô 07 | J11: Mecânico/Trator | K11: =COUNTIF($B$5:$H$93,J11) -> 0 | L11: =K11/$K$16 -> 0
A12: Pivô 08 | J12: Transporte | K12: =COUNTIF($B$5:$H$93,J12) -> 0 | L12: =K12/$K$16 -> 0
A13: Pivô 09 | J13: Pivô Atolado | K13: =COUNTIF($B$5:$H$93,J13) -> 0 | L13: =K13/$K$16 -> 0
A14: Pivô 10 | J14: Entrega do Produto | K14: =COUNTIF($B$5:$H$93,J14) -> 3 | L14: =K14/$K$16 -> 0.5
A15: Pivô 11 | J15: Limpeza e aferições | K15: =COUNTIF($B$5:$H$93,J15) -> 0 | L15: =K15/$K$16 -> 0
A16: Pivô 12 | J16: Total | K16: =SUM(K5:K15) -> 6
A17: Pivô 13
A18: Pivô 14
A19: Pivô 15 | C19: Entrega do Produto
A20: Pivô 16 | D20: Entrega do Produto | E20: Entrega do Produto
A21: Pivô 17
A22: Pivô 18
A23: Pivô 19
A24: Pivô 20
A25: Pivô 21
A26: Pivô 22
A27: Pivô 23
A28: Pivô 24
A29: Pivô 25
A30: Pivô 26
A31: Pivô 27
A32: Pivô 28
... A53: Pivô 49
A54: Pivô 50 | F54: Pulverização
A55: Pivô 51
A56: Pivô 52
A57: Pivô 53 | E57: Pulverização
A58: Pivô 54
A59: Pivô 55
A60: Pivô 56
A61: Pivô 73
A62: Pivô 74
A63: Pivô 101
A64: Pivô 102
A65: Pivô 103
A66: Pivô 104
A67: Pivô 105
A68: Pivô 106
A69: Pivô 107
... A74: Pivô 112
A75: Pivô 113 | F75: Pulverização
A76: Pivô 114
A77: Pivô 115
A78: Pivô 116
A79: Pivô 117
A80: Pivô 118
A81: Pivô 119
A82: Pivô 120
A83: Pivô 121
A84: Pivô 122
A85: Pivô 123
A86: Pivô 124
A87: Pivô 125
... A93: Pivô 133

Sheet 04 04 2022
A1: Atendimento de irrigação (Imapacto Operacional Interno e Externo) - Semena 04/04/2022
A3: Data | B3: 44655 | C3: =B3+1 -> 44656 | D3: =C3+1 -> 44657 | E3: =D3+1 -> 44658 | F3: =E3+1 -> 44659 | G3: =F3+1 -> 44660 | H3: =G3+1 -> 44661
A4: Pivô | B4: =TEXT(B3,"ddd") -> seg | C4: =TEXT(C3,"ddd") -> ter | D4: =TEXT(D3,"ddd") -> qua | E4: =TEXT(E3,"ddd") -> qui | F4: =TEXT(F3,"ddd") -> sex | G4: =TEXT(G3,"ddd") -> sáb | H4: =TEXT(H3,"ddd") -> dom | J4: Parâmetros | K4: Contagem | L4: Porcentagem | M4: Semana
A5: Pivô 01 | J5: Pulverização | K5: =COUNTIF($B$5:$H$93,J5) -> 1 | L5: =K5/$K$16 -> 0.16666667 | M5: 4/4-10/4
A6: Pivô 02 | J6: Adubação | K6: =COUNTIF($B$5:$H$93,J6) -> 3 | L6: =K6/$K$16 -> 0.5
A7: Pivô 03 | J7: Transplantio | K7: =COUNTIF($B$5:$H$93,J7) -> 0 | L7: =K7/$K$16 -> 0
A8: Pivô 04 | J8: Colheita Tabaco | K8: =COUNTIF($B$5:$H$93,J8) -> 0 | L8: =K8/$K$16 -> 0
A9: Pivô 05 | J9: Plantio | K9: =COUNTIF($B$5:$H$93,J9) -> 1 | L9: =K9/$K$16 -> 0.16666667
A10: Pivô 06 | J10: Erosão/Rastro | K10: =COUNTIF($B$5:$H$93,J10) -> 0 | L10: =K10/$K$16 -> 0
A11: Pivô 07 | J11: Mecânico/Trator | K11: =COUNTIF($B$5:$H$93,J11) -> 0 | L11: =K11/$K$16 -> 0
A12: Pivô 08 | J12: Transporte | K12: =COUNTIF($B$5:$H$93,J12) -> 0 | L12: =K12/$K$16 -> 0
A13: Pivô 09 | J13: Pivô Atolado | K13: =COUNTIF($B$5:$H$93,J13) -> 1 | L13: =K13/$K$16 -> 0.16666667
A14: Pivô 10 | J14: Entrega do Produto | K14: =COUNTIF($B$5:$H$93,J14) -> 0 | L14: =K14/$K$16 -> 0
A15: Pivô 11 | J15: Limpeza e aferições | K15: =COUNTIF($B$5:$H$93,J15) -> 0 | L15: =K15/$K$16 -> 0
A16: Pivô 12 | J16: Total | K16: =SUM(K5:K15) -> 6
A17: Pivô 13
A18: Pivô 14
A19: Pivô 15
A20: Pivô 16 | G20: Pulverização
A21: Pivô 17
A22: Pivô 18
A23: Pivô 19
A24: Pivô 20
A25: Pivô 21
A26: Pivô 22
A27: Pivô 23
A28: Pivô 24
A29: Pivô 25
A30: Pivô 26
A31: Pivô 27
A32: Pivô 28
... A57: Pivô 53
A58: Pivô 54 | H58: Pivô Atolado
A59: Pivô 55
A60: Pivô 56
A61: Pivô 73
A62: Pivô 74
A63: Pivô 101
A64: Pivô 102
A65: Pivô 103
A66: Pivô 104
A67: Pivô 105
A68: Pivô 106 | D68: Plantio
A69: Pivô 107
A70: Pivô 108
A71: Pivô 109
A72: Pivô 110
A73: Pivô 111
A74: Pivô 112
A75: Pivô 113
A76: Pivô 114 | F76: Adubação
A77: Pivô 115
A78: Pivô 116
A79: Pivô 117
A80: Pivô 118
A81: Pivô 119
A82: Pivô 120
A83: Pivô 121
A84: Pivô 122
A85: Pivô 123
A86: Pivô 124
A87: Pivô 125 | D87: Adubação
A88: Pivô 126
A89: Pivô 127 | D89: Adubação
A90: Pivô 128
A91: Pivô 129
A92: Pivô 130
A93: Pivô 133

Sheet 11 04 2022
A1: Atendimento de irrigação (Imapacto Operacional Interno e Externo) - Semena 11/04/2022
A3: Data | B3: 44662 | C3: =B3+1 -> 44663 | D3: =C3+1 -> 44664 | E3: =D3+1 -> 44665 | F3: =E3+1 -> 44666 | G3: =F3+1 -> 44667 | H3: =G3+1 -> 44668
A4: Pivô | B4: =TEXT(B3,"ddd") -> seg | C4: =TEXT(C3,"ddd") -> ter | D4: =TEXT(D3,"ddd") -> qua | E4: =TEXT(E3,"ddd") -> qui | F4: =TEXT(F3,"ddd") -> sex | G4: =TEXT(G3,"ddd") -> sáb | H4: =TEXT(H3,"ddd") -> dom | J4: Parâmetros | K4: Contagem | L4: Porcentagem | M4: Semana
A5: Pivô 01 | J5: Pulverização | K5: =COUNTIF($B$5:$H$93,J5) -> 2 | L5: =K5/$K$16 -> 0.66666667 | M5: 11/4-17/4
A6: Pivô 02 | J6: Adubação | K6: =COUNTIF($B$5:$H$93,J6) -> 1 | L6: =K6/$K$16 -> 0.33333333
A7: Pivô 03 | J7: Transplantio | K7: =COUNTIF($B$5:$H$93,J7) -> 0 | L7: =K7/$K$16 -> 0
A8: Pivô 04 | J8: Colheita Tabaco | K8: =COUNTIF($B$5:$H$93,J8) -> 0 | L8: =K8/$K$16 -> 0
A9: Pivô 05 | J9: Plantio | K9: =COUNTIF($B$5:$H$93,J9) -> 0 | L9: =K9/$K$16 -> 0
A10: Pivô 06 | J10: Erosão/Rastro | K10: =COUNTIF($B$5:$H$93,J10) -> 0 | L10: =K10/$K$16 -> 0
A11: Pivô 07 | J11: Mecânico/Trator | K11: =COUNTIF($B$5:$H$93,J11) -> 0 | L11: =K11/$K$16 -> 0
A12: Pivô 08 | J12: Transporte | K12: =COUNTIF($B$5:$H$93,J12) -> 0 | L12: =K12/$K$16 -> 0
A13: Pivô 09 | J13: Pivô Atolado | K13: =COUNTIF($B$5:$H$93,J13) -> 0 | L13: =K13/$K$16 -> 0
A14: Pivô 10 | J14: Entrega do Produto | K14: =COUNTIF($B$5:$H$93,J14) -> 0 | L14: =K14/$K$16 -> 0
A15: Pivô 11 | J15: Limpeza e aferições | K15: =COUNTIF($B$5:$H$93,J15) -> 0 | L15: =K15/$K$16 -> 0
A16: Pivô 12 | J16: Total | K16: =SUM(K5:K15) -> 3
A17: Pivô 13
A18: Pivô 14
A19: Pivô 15
A20: Pivô 16 | B20: Pulverização
A21: Pivô 17
A22: Pivô 18
A23: Pivô 19
A24: Pivô 20
A25: Pivô 21
A26: Pivô 22
A27: Pivô 23
A28: Pivô 24
A29: Pivô 25
A30: Pivô 26
A31: Pivô 27
A32: Pivô 28
... A59: Pivô 55
A60: Pivô 56 | C60: Pulverização
A61: Pivô 73
A62: Pivô 74
A63: Pivô 101
A64: Pivô 102
A65: Pivô 103
A66: Pivô 104
A67: Pivô 105
A68: Pivô 106
A69: Pivô 107
A70: Pivô 108
A71: Pivô 109
A72: Pivô 110
... A91: Pivô 129
A92: Pivô 130 | D92: Adubação
A93: Pivô 133

Sheet 18 04 2022
A1: Atendimento de irrigação (Imapacto Operacional Interno e Externo) - Semena 18/04/2022
A3: Data | B3: 44669 | C3: =B3+1 -> 44670 | D3: =C3+1 -> 44671 | E3: =D3+1 -> 44672 | F3: =E3+1 -> 44673 | G3: =F3+1 -> 44674 | H3: =G3+1 -> 44675
A4: Pivô | B4: =TEXT(B3,"ddd") -> seg | C4: =TEXT(C3,"ddd") -> ter | D4: =TEXT(D3,"ddd") -> qua | E4: =TEXT(E3,"ddd") -> qui | F4: =TEXT(F3,"ddd") -> sex | G4: =TEXT(G3,"ddd") -> sáb | H4: =TEXT(H3,"ddd") -> dom | J4: Parâmetros | K4: Contagem | L4: Porcentagem | M4: Semana
A5: Pivô 01 | J5: Pulverização | K5: =COUNTIF($B$5:$H$93,J5) -> 1 | L5: =K5/$K$16 -> 1 | M5: 18/4-24/4
A6: Pivô 02 | J6: Adubação | K6: =COUNTIF($B$5:$H$93,J6) -> 0 | L6: =K6/$K$16 -> 0
A7: Pivô 03 | J7: Transplantio | K7: =COUNTIF($B$5:$H$93,J7) -> 0 | L7: =K7/$K$16 -> 0
A8: Pivô 04 | J8: Colheita Tabaco | K8: =COUNTIF($B$5:$H$93,J8) -> 0 | L8: =K8/$K$16 -> 0
A9: Pivô 05 | J9: Plantio | K9: =COUNTIF($B$5:$H$93,J9) -> 0 | L9: =K9/$K$16 -> 0
A10: Pivô 06 | J10: Erosão/Rastro | K10: =COUNTIF($B$5:$H$93,J10) -> 0 | L10: =K10/$K$16 -> 0
A11: Pivô 07 | J11: Mecânico/Trator | K11: =COUNTIF($B$5:$H$93,J11) -> 0 | L11: =K11/$K$16 -> 0
A12: Pivô 08 | J12: Transporte | K12: =COUNTIF($B$5:$H$93,J12) -> 0 | L12: =K12/$K$16 -> 0
A13: Pivô 09 | J13: Pivô Atolado | K13: =COUNTIF($B$5:$H$93,J13) -> 0 | L13: =K13/$K$16 -> 0
A14: Pivô 10 | J14: Entrega do Produto | K14: =COUNTIF($B$5:$H$93,J14) -> 0 | L14: =K14/$K$16 -> 0
A15: Pivô 11 | J15: Limpeza e aferições | K15: =COUNTIF($B$5:$H$93,J15) -> 0 | L15: =K15/$K$16 -> 0
A16: Pivô 12 | J16: Total | K16: =SUM(K5:K15) -> 1
A17: Pivô 13
A18: Pivô 14
A19: Pivô 15
A20: Pivô 16
A21: Pivô 17
A22: Pivô 18
A23: Pivô 19
A24: Pivô 20
A25: Pivô 21
A26: Pivô 22
A27: Pivô 23
A28: Pivô 24
... A49: Pivô 45
A50: Pivô 46 | B50: Pulverização
A51: Pivô 47
A52: Pivô 48
A53: Pivô 49
A54: Pivô 50
A55: Pivô 51
A56: Pivô 52
A57: Pivô 53
A58: Pivô 54
A59: Pivô 55
A60: Pivô 56
A61: Pivô 73
A62: Pivô 74
... A93: Pivô 133

Sheet 25 04 2022
A1: Atendimento de irrigação (Imapacto Operacional Interno e Externo) - Semena 25/04/2022
A3: Data | B3: 44676 | C3: =B3+1 -> 44677 | D3: =C3+1 -> 44678 | E3: =D3+1 -> 44679 | F3: =E3+1 -> 44680 | G3: =F3+1 -> 44681 | H3: =G3+1 -> 44682
A4: Pivô | B4: =TEXT(B3,"ddd") -> seg | C4: =TEXT(C3,"ddd") -> ter | D4: =TEXT(D3,"ddd") -> qua | E4: =TEXT(E3,"ddd") -> qui | F4: =TEXT(F3,"ddd") -> sex | G4: =TEXT(G3,"ddd") -> sáb | H4: =TEXT(H3,"ddd") -> dom | J4: Parâmetros | K4: Contagem | L4: Porcentagem | M4: Semana
A5: Pivô 01 | J5: Pulverização | K5: =COUNTIF($B$5:$H$93,J5) -> 3 | L5: =K5/$K$17 -> 0.6 | M5: 25/4-1/5
A6: Pivô 02 | J6: Adubação | K6: =COUNTIF($B$5:$H$93,J6) -> 1 | L6: =K6/$K$17 -> 0.2
A7: Pivô 03 | J7: Transplantio | K7: =COUNTIF($B$5:$H$93,J7) -> 0 | L7: =K7/$K$17 -> 0
A8: Pivô 04 | J8: Colheita Tabaco | K8: =COUNTIF($B$5:$H$93,J8) -> 0 | L8: =K8/$K$17 -> 0
A9: Pivô 05 | J9: Plantio | K9: =COUNTIF($B$5:$H$93,J9) -> 0 | L9: =K9/$K$17 -> 0
A10: Pivô 06 | J10: Erosão/Rastro | K10: =COUNTIF($B$5:$H$93,J10) -> 0 | L10: =K10/$K$17 -> 0
A11: Pivô 07 | J11: Mecânico/Trator | K11: =COUNTIF($B$5:$H$93,J11) -> 1 | L11: =K11/$K$17 -> 0.2
A12: Pivô 08 | J12: Transporte | K12: =COUNTIF($B$5:$H$93,J12) -> 0 | L12: =K12/$K$17 -> 0
A13: Pivô 09 | J13: Pivô Atolado | K13: =COUNTIF($B$5:$H$93,J13) -> 0 | L13: =K13/$K$17 -> 0
A14: Pivô 10 | J14: Entrega do Produto | K14: =COUNTIF($B$5:$H$93,J14) -> 0 | L14: =K14/$K$17 -> 0
A15: Pivô 11 | J15: Limpeza e aferições | K15: =COUNTIF($B$5:$H$93,J15) -> 0 | L15: =K15/$K$17 -> 0
A16: Pivô 12 | J16: Falta de Água | K16: =COUNTIF($B$5:$H$93,J16) -> 3 | L16: =K16/$K$17 -> 0.6
A17: Pivô 13 | J17: Total | K17: =SUM(K5:K15) -> 5
A18: Pivô 14
A19: Pivô 15
A20: Pivô 16
A21: Pivô 17
A22: Pivô 18
A23: Pivô 19
A24: Pivô 20
A25: Pivô 21 | F25: Pulverização
A26: Pivô 22
A27: Pivô 23
A28: Pivô 24
A29: Pivô 25
A30: Pivô 26
A31: Pivô 27 | H31: Falta de Água
A32: Pivô 28
A33: Pivô 29
A34: Pivô 30
A35: Pivô 31
A36: Pivô 32 | H36: Falta de Água
A37: Pivô 33 | H37: Falta de Água
A38: Pivô 34
A39: Pivô 35 | E39: Mecânico/Trator | F39: Adubação
A40: Pivô 36
A41: Pivô 37
A42: Pivô 38
A43: Pivô 39 | E43: Pulverização
A44: Pivô 40
A45: Pivô 41
A46: Pivô 42
A47: Pivô 43
A48: Pivô 44
A49: Pivô 45
A50: Pivô 46
A51: Pivô 47
A52: Pivô 48 | G52: Pulverização
A53: Pivô 49
A54: Pivô 50
A55: Pivô 51
A56: Pivô 52
A57: Pivô 53
A58: Pivô 54
A59: Pivô 55
A60: Pivô 56
A61: Pivô 73
A62: Pivô 74
A63: Pivô 101
A64: Pivô 102
... A93: Pivô 133

Sheet 02 05 2022
A1: Atendimento de irrigação (Imapacto Operacional Interno e Externo) - Semena 02/05/2022
A3: Data | B3: 44683 | C3: =B3+1 -> 44684 | D3: =C3+1 -> 44685 | E3: =D3+1 -> 44686 | F3: =E3+1 -> 44687 | G3: =F3+1 -> 44688 | H3: =G3+1 -> 44689
A4: Pivô | B4: =TEXT(B3,"ddd") -> seg | C4: =TEXT(C3,"ddd") -> ter | D4: =TEXT(D3,"ddd") -> qua | E4: =TEXT(E3,"ddd") -> qui | F4: =TEXT(F3,"ddd") -> sex | G4: =TEXT(G3,"ddd") -> sáb | H4: =TEXT(H3,"ddd") -> dom | J4: Parâmetros | K4: Contagem | L4: Porcentagem | M4: Semana
A5: Pivô 01 | D5: Falta de Água | J5: Pulverização | K5: =COUNTIF($B$5:$H$93,J5) -> 3 | L5: =K5/$K$17 -> 0.17647059 | M5: 2/5-8/5
A6: Pivô 02 | B6: Pulverização | D6: Falta de Água | J6: Adubação | K6: =COUNTIF($B$5:$H$93,J6) -> 0 | L6: =K6/$K$17 -> 0
A7: Pivô 03 | B7: Transporte | D7: Falta de Água | J7: Transplantio | K7: =COUNTIF($B$5:$H$93,J7) -> 1 | L7: =K7/$K$17 -> 0.058823529
A8: Pivô 04 | J8: Colheita Tabaco | K8: =COUNTIF($B$5:$H$93,J8) -> 0 | L8: =K8/$K$17 -> 0
A9: Pivô 05 | J9: Plantio | K9: =COUNTIF($B$5:$H$93,J9) -> 0 | L9: =K9/$K$17 -> 0
A10: Pivô 06 | J10: Erosão/Rastro | K10: =COUNTIF($B$5:$H$93,J10) -> 0 | L10: =K10/$K$17 -> 0
A11: Pivô 07 | J11: Mecânico/Trator | K11: =COUNTIF($B$5:$H$93,J11) -> 3 | L11: =K11/$K$17 -> 0.17647059
A12: Pivô 08 | J12: Transporte | K12: =COUNTIF($B$5:$H$93,J12) -> 1 | L12: =K12/$K$17 -> 0.058823529
A13: Pivô 09 | B13: Transplantio | J13: Pivô Atolado | K13: =COUNTIF($B$5:$H$93,J13) -> 0 | L13: =K13/$K$17 -> 0
A14: Pivô 10 | J14: Entrega do Produto | K14: =COUNTIF($B$5:$H$93,J14) -> 0 | L14: =K14/$K$17 -> 0
A15: Pivô 11 | J15: Limpeza e aferições | K15: =COUNTIF($B$5:$H$93,J15) -> 0 | L15: =K15/$K$17 -> 0
A16: Pivô 12 | J16: Falta de Água | K16: =COUNTIF($B$5:$H$93,J16) -> 9 | L16: =K16/$K$17 -> 0.52941176
A17: Pivô 13 | J17: Total | K17: =SUM(K5:K16) -> 17
A18: Pivô 14
A19: Pivô 15
A20: Pivô 16
A21: Pivô 17
A22: Pivô 18
A23: Pivô 19
A24: Pivô 20
A25: Pivô 21
A26: Pivô 22
A27: Pivô 23
A28: Pivô 24
A29: Pivô 25
... A31: Pivô 27
A32: Pivô 28 | F32: Pulverização
A33: Pivô 29
A34: Pivô 30 | E34: Falta de Água
A35: Pivô 31 | E35: Falta de Água
A36: Pivô 32 | F36: Falta de Água
A37: Pivô 33 | F37: Falta de Água
A38: Pivô 34 | C38: Falta de Água | E38: Falta de Água
A39: Pivô 35
A40: Pivô 36 | B40: Pulverização
A41: Pivô 37
A42: Pivô 38
A43: Pivô 39
A44: Pivô 40
A45: Pivô 41
A46: Pivô 42
A47: Pivô 43
A48: Pivô 44
A49: Pivô 45
A50: Pivô 46
A51: Pivô 47
A52: Pivô 48
A53: Pivô 49
A54: Pivô 50 | C54: Mecânico/Trator | D54: Mecânico/Trator | E54: Mecânico/Trator
A55: Pivô 51
A56: Pivô 52
A57: Pivô 53
A58: Pivô 54
A59: Pivô 55
A60: Pivô 56
A61: Pivô 73
A62: Pivô 74
A63: Pivô 101
A64: Pivô 102
A65: Pivô 103
A66: Pivô 104
... A93: Pivô 133

Sheet 09 05 2022
A1: Atendimento de irrigação (Imapacto Operacional Interno e Externo) - Semena 09/05/2022
A3: Data | B3: 44690 | C3: =B3+1 -> 44691 | D3: =C3+1 -> 44692 | E3: =D3+1 -> 44693 | F3: =E3+1 -> 44694 | G3: =F3+1 -> 44695 | H3: =G3+1 -> 44696
A4: Pivô | B4: =TEXT(B3,"ddd") -> seg | C4: =TEXT(C3,"ddd") -> ter | D4: =TEXT(D3,"ddd") -> qua | E4: =TEXT(E3,"ddd") -> qui | F4: =TEXT(F3,"ddd") -> sex | G4: =TEXT(G3,"ddd") -> sáb | H4: =TEXT(H3,"ddd") -> dom | J4: Parâmetros | K4: Contagem | L4: Porcentagem | M4: Semana
A5: Pivô 01 | C5: Falta de Água | J5: Pulverização | K5: =COUNTIF($B$5:$H$93,J5) -> 3 | L5: =K5/$K$17 -> 0.27272727 | M5: 9/5-15/5
A6: Pivô 02 | C6: Falta de Água | J6: Adubação | K6: =COUNTIF($B$5:$H$93,J6) -> 0 | L6: =K6/$K$17 -> 0
A7: Pivô 03 | C7: Falta de Água | J7: Transplantio | K7: =COUNTIF($B$5:$H$93,J7) -> 0 | L7: =K7/$K$17 -> 0
A8: Pivô 04 | J8: Colheita Tabaco | K8: =COUNTIF($B$5:$H$93,J8) -> 0 | L8: =K8/$K$17 -> 0
A9: Pivô 05 | J9: Plantio | K9: =COUNTIF($B$5:$H$93,J9) -> 0 | L9: =K9/$K$17 -> 0
A10: Pivô 06 | J10: Erosão/Rastro | K10: =COUNTIF($B$5:$H$93,J10) -> 0 | L10: =K10/$K$17 -> 0
A11: Pivô 07 | J11: Mecânico/Trator | K11: =COUNTIF($B$5:$H$93,J11) -> 0 | L11: =K11/$K$17 -> 0
A12: Pivô 08 | J12: Transporte | K12: =COUNTIF($B$5:$H$93,J12) -> 0 | L12: =K12/$K$17 -> 0
A13: Pivô 09 | J13: Pivô Atolado | K13: =COUNTIF($B$5:$H$93,J13) -> 1 | L13: =K13/$K$17 -> 0.090909091
A14: Pivô 10 | J14: Entrega do Produto | K14: =COUNTIF($B$5:$H$93,J14) -> 0 | L14: =K14/$K$17 -> 0
A15: Pivô 11 | J15: Limpeza e aferições | K15: =COUNTIF($B$5:$H$93,J15) -> 0 | L15: =K15/$K$17 -> 0
A16: Pivô 12 | J16: Falta de Água | K16: =COUNTIF($B$5:$H$93,J16) -> 7 | L16: =K16/$K$17 -> 0.63636364
A17: Pivô 13 | J17: Total | K17: =SUM(K5:K16) -> 11
A18: Pivô 14
A19: Pivô 15
A20: Pivô 16 | B20: Pulverização
A21: Pivô 17
A22: Pivô 18
A23: Pivô 19
A24: Pivô 20
A25: Pivô 21
A26: Pivô 22
A27: Pivô 23
A28: Pivô 24
A29: Pivô 25
A30: Pivô 26 | C30: Falta de Água
A31: Pivô 27
A32: Pivô 28 | C32: Falta de Água | F32: Pivô Atolado
A33: Pivô 29
A34: Pivô 30
A35: Pivô 31
A36: Pivô 32 | C36: Falta de Água
A37: Pivô 33 | C37: Falta de Água
A38: Pivô 34
A39: Pivô 35
A40: Pivô 36
A41: Pivô 37
A42: Pivô 38
A43: Pivô 39
A44: Pivô 40
A45: Pivô 41 | B45: Pulverização
A46: Pivô 42
A47: Pivô 43
A48: Pivô 44
A49: Pivô 45
A50: Pivô 46
A51: Pivô 47
A52: Pivô 48
A53: Pivô 49
A54: Pivô 50
A55: Pivô 51
A56: Pivô 52 | C56: Pulverização
A57: Pivô 53
A58: Pivô 54
A59: Pivô 55
A60: Pivô 56
A61: Pivô 73
A62: Pivô 74
A63: Pivô 101
A64: Pivô 102
A65: Pivô 103
A66: Pivô 104
A67: Pivô 105
A68: Pivô 106
... A93: Pivô 133

Sheet 16 05 2022 
A1: Atendimento de irrigação (Imapacto Operacional Interno e Externo) - Semena 16/05/2022
A3: Data | B3: 44697 | C3: =B3+1 -> 44698 | D3: =C3+1 -> 44699 | E3: =D3+1 -> 44700 | F3: =E3+1 -> 44701 | G3: =F3+1 -> 44702 | H3: =G3+1 -> 44703
A4: Pivô | B4: =TEXT(B3,"ddd") -> seg | C4: =TEXT(C3,"ddd") -> ter | D4: =TEXT(D3,"ddd") -> qua | E4: =TEXT(E3,"ddd") -> qui | F4: =TEXT(F3,"ddd") -> sex | G4: =TEXT(G3,"ddd") -> sáb | H4: =TEXT(H3,"ddd") -> dom | J4: Parâmetros | K4: Contagem | L4: Porcentagem | M4: Semana
A5: Pivô 01 | J5: Pulverização | K5: =COUNTIF($B$5:$H$93,J5) -> 1 | L5: =K5/$K$17 -> 0.090909091 | M5: 15/5-22/5
A6: Pivô 02 | J6: Adubação | K6: =COUNTIF($B$5:$H$93,J6) -> 0 | L6: =K6/$K$17 -> 0
A7: Pivô 03 | J7: Transplantio | K7: =COUNTIF($B$5:$H$93,J7) -> 0 | L7: =K7/$K$17 -> 0
A8: Pivô 04 | J8: Colheita Tabaco | K8: =COUNTIF($B$5:$H$93,J8) -> 0 | L8: =K8/$K$17 -> 0
A9: Pivô 05 | D9: Mecânico/Trator | E9: Mecânico/Trator | F9: Mecânico/Trator | G9: Mecânico/Trator | J9: Plantio | K9: =COUNTIF($B$5:$H$93,J9) -> 0 | L9: =K9/$K$17 -> 0
A10: Pivô 06 | J10: Erosão/Rastro | K10: =COUNTIF($B$5:$H$93,J10) -> 0 | L10: =K10/$K$17 -> 0
A11: Pivô 07 | J11: Mecânico/Trator | K11: =COUNTIF($B$5:$H$93,J11) -> 10 | L11: =K11/$K$17 -> 0.90909091
A12: Pivô 08 | J12: Transporte | K12: =COUNTIF($B$5:$H$93,J12) -> 0 | L12: =K12/$K$17 -> 0
A13: Pivô 09 | J13: Pivô Atolado | K13: =COUNTIF($B$5:$H$93,J13) -> 0 | L13: =K13/$K$17 -> 0
A14: Pivô 10 | J14: Entrega do Produto | K14: =COUNTIF($B$5:$H$93,J14) -> 0 | L14: =K14/$K$17 -> 0
A15: Pivô 11 | J15: Limpeza e aferições | K15: =COUNTIF($B$5:$H$93,J15) -> 0 | L15: =K15/$K$17 -> 0
A16: Pivô 12 | J16: Falta de Água | K16: =COUNTIF($B$5:$H$93,J16) -> 0 | L16: =K16/$K$17 -> 0
A17: Pivô 13 | J17: Total | K17: =SUM(K5:K16) -> 11
A18: Pivô 14
A19: Pivô 15
A20: Pivô 16
A21: Pivô 17
A22: Pivô 18
A23: Pivô 19 | J23: Dashboard Indicadores'!A1
A24: Pivô 20
A25: Pivô 21
A26: Pivô 22
A27: Pivô 23
A28: Pivô 24
A29: Pivô 25
A30: Pivô 26
A31: Pivô 27
A32: Pivô 28
A33: Pivô 29
A34: Pivô 30
A35: Pivô 31
... A38: Pivô 34
A39: Pivô 35 | E39: Mecânico/Trator
A40: Pivô 36 | B40: Mecânico/Trator | C40: Mecânico/Trator
A41: Pivô 37 | E41: Mecânico/Trator
A42: Pivô 38
A43: Pivô 39
A44: Pivô 40
A45: Pivô 41
A46: Pivô 42 | C46: Pulverização
A47: Pivô 43
A48: Pivô 44
A49: Pivô 45
A50: Pivô 46
A51: Pivô 47
A52: Pivô 48
A53: Pivô 49
A54: Pivô 50
A55: Pivô 51
A56: Pivô 52
A57: Pivô 53
A58: Pivô 54
... A60: Pivô 56
A61: Pivô 73 | D61: Mecânico/Trator | E61: Mecânico/Trator
A62: Pivô 74
A63: Pivô 101
A64: Pivô 102
A65: Pivô 103
A66: Pivô 104
A67: Pivô 105
A68: Pivô 106
A69: Pivô 107
A70: Pivô 108
A71: Pivô 109
A72: Pivô 110
A73: Pivô 111
... A93: Pivô 133

Sheet 23 05 2022 
A1: Atendimento de irrigação (Imapacto Operacional Interno e Externo) - Semena 23/05/2022
A3: Data | B3: 44704 | C3: =B3+1 -> 44705 | D3: =C3+1 -> 44706 | E3: =D3+1 -> 44707 | F3: =E3+1 -> 44708 | G3: =F3+1 -> 44709 | H3: =G3+1 -> 44710
A4: Pivô | B4: =TEXT(B3,"ddd") -> seg | C4: =TEXT(C3,"ddd") -> ter | D4: =TEXT(D3,"ddd") -> qua | E4: =TEXT(E3,"ddd") -> qui | F4: =TEXT(F3,"ddd") -> sex | G4: =TEXT(G3,"ddd") -> sáb | H4: =TEXT(H3,"ddd") -> dom | J4: Parâmetros | K4: Contagem | L4: Porcentagem | M4: Semana | N4: Periodo | O4: Ano
A5: Pivô 01 | J5: Pulverização | K5: =COUNTIF($B$5:$H$93,J5) -> 4 | L5: =K5/$K$18 -> 0.4 | M5: 23/5-29/5 | N5: 2ª Semestre | O5: 2021
A6: Pivô 02 | J6: Adubação | K6: =COUNTIF($B$5:$H$93,J6) -> 1 | L6: =K6/$K$18 -> 0.1
A7: Pivô 03 | J7: Transplantio | K7: =COUNTIF($B$5:$H$93,J7) -> 1 | L7: =K7/$K$18 -> 0.1
A8: Pivô 04 | J8: Colheita Tabaco | K8: =COUNTIF($B$5:$H$93,J8) -> 0 | L8: =K8/$K$18 -> 0
A9: Pivô 05 | J9: Plantio | K9: =COUNTIF($B$5:$H$93,J9) -> 0 | L9: =K9/$K$18 -> 0
A10: Pivô 06 | E10: Pulverização | J10: Erosão/Rastro | K10: =COUNTIF($B$5:$H$93,J10) -> 0 | L10: =K10/$K$18 -> 0
A11: Pivô 07 | J11: Mecânico/Trator | K11: =COUNTIF($B$5:$H$93,J11) -> 0 | L11: =K11/$K$18 -> 0
A12: Pivô 08 | E12: Adubação | J12: Transporte | K12: =COUNTIF($B$5:$H$93,J12) -> 0 | L12: =K12/$K$18 -> 0
A13: Pivô 09 | J13: Pivô Atolado | K13: =COUNTIF($B$5:$H$93,J13) -> 3 | L13: =K13/$K$18 -> 0.3
A14: Pivô 10 | J14: Entrega do Produto | K14: =COUNTIF($B$5:$H$93,J14) -> 0 | L14: =K14/$K$18 -> 0
A15: Pivô 11 | J15: Limpeza e aferições | K15: =COUNTIF($B$5:$H$93,J15) -> 0 | L15: =K15/$K$18 -> 0
A16: Pivô 12 | D16: Transplantio | J16: Falta de Água | K16: =COUNTIF($B$5:$H$93,J16) -> 0 | L16: =K16/$K$18 -> 0
A17: Pivô 13 | J17: Desponte | K17: =COUNTIF($B$5:$H$93,J17) -> 1 | L17: =K17/$K$18 -> 0.1
A18: Pivô 14 | J18: Total | K18: =SUM(K5:K17) -> 10
A19: Pivô 15
A20: Pivô 16
A21: Pivô 17
A22: Pivô 18
A23: Pivô 19
A24: Pivô 20
A25: Pivô 21
A26: Pivô 22
A27: Pivô 23
A28: Pivô 24
A29: Pivô 25
A30: Pivô 26 | D30: Pulverização
A31: Pivô 27
A32: Pivô 28
A33: Pivô 29
A34: Pivô 30
A35: Pivô 31
A36: Pivô 32 | E36: Pivô Atolado
A37: Pivô 33
A38: Pivô 34 | D38: Pivô Atolado | E38: Pivô Atolado
A39: Pivô 35 | E39: Desponte
A40: Pivô 36
A41: Pivô 37
A42: Pivô 38
A43: Pivô 39
A44: Pivô 40 | E44: Pulverização
A45: Pivô 41 | E45: Pulverização
A46: Pivô 42
A47: Pivô 43
A48: Pivô 44
A49: Pivô 45
A50: Pivô 46
A51: Pivô 47
A52: Pivô 48
A53: Pivô 49
A54: Pivô 50
A55: Pivô 51
A56: Pivô 52
A57: Pivô 53
... A93: Pivô 133

Sheet 30 05 2022 
A1: Atendimento de irrigação (Imapacto Operacional Interno e Externo) - Semena 30/05/2022
A3: Data | B3: 44711 | C3: =B3+1 -> 44712 | D3: =C3+1 -> 44713 | E3: =D3+1 -> 44714 | F3: =E3+1 -> 44715 | G3: =F3+1 -> 44716 | H3: =G3+1 -> 44717
A4: Pivô | B4: =TEXT(B3,"ddd") -> seg | C4: =TEXT(C3,"ddd") -> ter | D4: =TEXT(D3,"ddd") -> qua | E4: =TEXT(E3,"ddd") -> qui | F4: =TEXT(F3,"ddd") -> sex | G4: =TEXT(G3,"ddd") -> sáb | H4: =TEXT(H3,"ddd") -> dom | J4: Parâmetros | K4: Contagem | L4: Porcentagem | M4: Semana | N4: Periodo | O4: Ano
A5: Pivô 01 | J5: Pulverização | K5: =COUNTIF($B$5:$H$93,J5) -> 2 | L5: =K5/$K$18 -> 0.33333333 | M5: 30/5-5/6 | N5: 2ª Semestre | O5: 2021
A6: Pivô 02 | J6: Adubação | K6: =COUNTIF($B$5:$H$93,J6) -> 0 | L6: =K6/$K$18 -> 0
A7: Pivô 03 | J7: Transplantio | K7: =COUNTIF($B$5:$H$93,J7) -> 0 | L7: =K7/$K$18 -> 0
A8: Pivô 04 | J8: Colheita Tabaco | K8: =COUNTIF($B$5:$H$93,J8) -> 0 | L8: =K8/$K$18 -> 0
A9: Pivô 05 | J9: Plantio | K9: =COUNTIF($B$5:$H$93,J9) -> 0 | L9: =K9/$K$18 -> 0
A10: Pivô 06 | J10: Erosão/Rastro | K10: =COUNTIF($B$5:$H$93,J10) -> 0 | L10: =K10/$K$18 -> 0
A11: Pivô 07 | H11: Entrega do Produto | J11: Mecânico/Trator | K11: =COUNTIF($B$5:$H$93,J11) -> 0 | L11: =K11/$K$18 -> 0
A12: Pivô 08 | J12: Transporte | K12: =COUNTIF($B$5:$H$93,J12) -> 0 | L12: =K12/$K$18 -> 0
A13: Pivô 09 | J13: Pivô Atolado | K13: =COUNTIF($B$5:$H$93,J13) -> 2 | L13: =K13/$K$18 -> 0.33333333
A14: Pivô 10 | J14: Entrega do Produto | K14: =COUNTIF($B$5:$H$93,J14) -> 2 | L14: =K14/$K$18 -> 0.33333333
A15: Pivô 11 | J15: Limpeza e aferições | K15: =COUNTIF($B$5:$H$93,J15) -> 0 | L15: =K15/$K$18 -> 0
A16: Pivô 12 | J16: Falta de Água | K16: =COUNTIF($B$5:$H$93,J16) -> 0 | L16: =K16/$K$18 -> 0
A17: Pivô 13 | J17: Desponte | K17: =COUNTIF($B$5:$H$93,J17) -> 0 | L17: =K17/$K$18 -> 0
A18: Pivô 14 | J18: Total | K18: =SUM(K5:K17) -> 6
A19: Pivô 15 | D19: Pulverização
A20: Pivô 16
A21: Pivô 17
A22: Pivô 18 | C22: Pivô Atolado
A23: Pivô 19
A24: Pivô 20
A25: Pivô 21
A26: Pivô 22
A27: Pivô 23
A28: Pivô 24
A29: Pivô 25
A30: Pivô 26
A31: Pivô 27
A32: Pivô 28 | C32: Pivô Atolado
A33: Pivô 29
A34: Pivô 30
A35: Pivô 31
A36: Pivô 32
A37: Pivô 33 | B37: Pulverização
A38: Pivô 34
A39: Pivô 35 | B39: Entrega do Produto
A40: Pivô 36
A41: Pivô 37
A42: Pivô 38
A43: Pivô 39
A44: Pivô 40
A45: Pivô 41
A46: Pivô 42
A47: Pivô 43
A48: Pivô 44
A49: Pivô 45
A50: Pivô 46
A51: Pivô 47
... A93: Pivô 133

Sheet 06 06 2022  
A1: Atendimento de irrigação (Imapacto Operacional Interno e Externo) - Semena 06/06/2022
A3: Data | B3: 44718 | C3: =B3+1 -> 44719 | D3: =C3+1 -> 44720 | E3: =D3+1 -> 44721 | F3: =E3+1 -> 44722 | G3: =F3+1 -> 44723 | H3: =G3+1 -> 44724
A4: Pivô | B4: =TEXT(B3,"ddd") -> seg | C4: =TEXT(C3,"ddd") -> ter | D4: =TEXT(D3,"ddd") -> qua | E4: =TEXT(E3,"ddd") -> qui | F4: =TEXT(F3,"ddd") -> sex | G4: =TEXT(G3,"ddd") -> sáb | H4: =TEXT(H3,"ddd") -> dom | J4: Parâmetros | K4: Contagem | L4: Porcentagem | M4: Semana | N4: Periodo | O4: Ano
A5: Pivô 01 | J5: Pulverização | K5: =COUNTIF($B$5:$H$93,J5) -> 2 | L5: =K5/$K$18 -> 0.4 | N5: 2ª Semestre | O5: 2021
A6: Pivô 02 | J6: Adubação | K6: =COUNTIF($B$5:$H$93,J6) -> 0 | L6: =K6/$K$18 -> 0
A7: Pivô 03 | J7: Transplantio | K7: =COUNTIF($B$5:$H$93,J7) -> 1 | L7: =K7/$K$18 -> 0.2
A8: Pivô 04 | J8: Colheita Tabaco | K8: =COUNTIF($B$5:$H$93,J8) -> 0 | L8: =K8/$K$18 -> 0
A9: Pivô 05 | J9: Plantio | K9: =COUNTIF($B$5:$H$93,J9) -> 0 | L9: =K9/$K$18 -> 0 | M9: 6/6-12/6
A10: Pivô 06 | D10: Mecânico/Trator | H10: Pulverização | J10: Erosão/Rastro | K10: =COUNTIF($B$5:$H$93,J10) -> 0 | L10: =K10/$K$18 -> 0
A11: Pivô 07 | J11: Mecânico/Trator | K11: =COUNTIF($B$5:$H$93,J11) -> 1 | L11: =K11/$K$18 -> 0.2
A12: Pivô 08 | J12: Transporte | K12: =COUNTIF($B$5:$H$93,J12) -> 0 | L12: =K12/$K$18 -> 0
A13: Pivô 09 | J13: Pivô Atolado | K13: =COUNTIF($B$5:$H$93,J13) -> 0 | L13: =K13/$K$18 -> 0
A14: Pivô 10 | F14: Pulverização | J14: Entrega do Produto | K14: =COUNTIF($B$5:$H$93,J14) -> 0 | L14: =K14/$K$18 -> 0
A15: Pivô 11 | J15: Limpeza e aferições | K15: =COUNTIF($B$5:$H$93,J15) -> 1 | L15: =K15/$K$18 -> 0.2
A16: Pivô 12 | J16: Falta de Água | K16: =COUNTIF($B$5:$H$93,J16) -> 0 | L16: =K16/$K$18 -> 0
A17: Pivô 13 | J17: Desponte | K17: =COUNTIF($B$5:$H$93,J17) -> 0 | L17: =K17/$K$18 -> 0
A18: Pivô 14 | J18: Total | K18: =SUM(K5:K17) -> 5
A19: Pivô 15
A20: Pivô 16
A21: Pivô 17
A22: Pivô 18
A23: Pivô 19
A24: Pivô 20
A25: Pivô 21
A26: Pivô 22
A27: Pivô 23
A28: Pivô 24
A29: Pivô 25
A30: Pivô 26
... A33: Pivô 29
A34: Pivô 30 | D34: Limpeza e aferições
A35: Pivô 31
A36: Pivô 32
A37: Pivô 33
A38: Pivô 34
A39: Pivô 35
A40: Pivô 36
A41: Pivô 37
A42: Pivô 38
A43: Pivô 39
A44: Pivô 40
A45: Pivô 41
A46: Pivô 42
... A85: Pivô 123
A86: Pivô 124 | F86: Transplantio
A87: Pivô 125
A88: Pivô 126
A89: Pivô 127
A90: Pivô 128
A91: Pivô 129
A92: Pivô 130
A93: Pivô 133

Sheet 13 06 2022  
A1: Atendimento de irrigação (Imapacto Operacional Interno e Externo) - Semena 13/06/2022
A3: Data | B3: 44725 | C3: =B3+1 -> 44726 | D3: =C3+1 -> 44727 | E3: =D3+1 -> 44728 | F3: =E3+1 -> 44729 | G3: =F3+1 -> 44730 | H3: =G3+1 -> 44731
A4: Pivô | B4: =TEXT(B3,"ddd") -> seg | C4: =TEXT(C3,"ddd") -> ter | D4: =TEXT(D3,"ddd") -> qua | E4: =TEXT(E3,"ddd") -> qui | F4: =TEXT(F3,"ddd") -> sex | G4: =TEXT(G3,"ddd") -> sáb | H4: =TEXT(H3,"ddd") -> dom | J4: Parâmetros | K4: Contagem | L4: Porcentagem | M4: Semana | N4: Periodo | O4: Ano
A5: Pivô 01 | J5: Pulverização | K5: =COUNTIF($B$5:$H$93,J5) -> 4 | L5: =K5/$K$18 -> 0.5 | M5: 13/6-19/6 | N5: 1ª Semestre | O5: 2022
A6: Pivô 02 | J6: Adubação | K6: =COUNTIF($B$5:$H$93,J6) -> 0 | L6: =K6/$K$18 -> 0
A7: Pivô 03 | J7: Transplantio | K7: =COUNTIF($B$5:$H$93,J7) -> 3 | L7: =K7/$K$18 -> 0.375
A8: Pivô 04 | J8: Colheita Tabaco | K8: =COUNTIF($B$5:$H$93,J8) -> 0 | L8: =K8/$K$18 -> 0
A9: Pivô 05 | J9: Plantio | K9: =COUNTIF($B$5:$H$93,J9) -> 0 | L9: =K9/$K$18 -> 0
A10: Pivô 06 | J10: Erosão/Rastro | K10: =COUNTIF($B$5:$H$93,J10) -> 0 | L10: =K10/$K$18 -> 0
A11: Pivô 07 | J11: Mecânico/Trator | K11: =COUNTIF($B$5:$H$93,J11) -> 0 | L11: =K11/$K$18 -> 0
A12: Pivô 08 | J12: Transporte | K12: =COUNTIF($B$5:$H$93,J12) -> 0 | L12: =K12/$K$18 -> 0
A13: Pivô 09 | J13: Pivô Atolado | K13: =COUNTIF($B$5:$H$93,J13) -> 1 | L13: =K13/$K$18 -> 0.125
A14: Pivô 10 | J14: Entrega do Produto | K14: =COUNTIF($B$5:$H$93,J14) -> 0 | L14: =K14/$K$18 -> 0
A15: Pivô 11 | H15: Pulverização | J15: Limpeza e aferições | K15: =COUNTIF($B$5:$H$93,J15) -> 0 | L15: =K15/$K$18 -> 0
A16: Pivô 12 | J16: Falta de Água | K16: =COUNTIF($B$5:$H$93,J16) -> 0 | L16: =K16/$K$18 -> 0
A17: Pivô 13 | J17: Desponte | K17: =COUNTIF($B$5:$H$93,J17) -> 0 | L17: =K17/$K$18 -> 0
A18: Pivô 14 | J18: Total | K18: =SUM(K5:K17) -> 8
A19: Pivô 15
A20: Pivô 16
A21: Pivô 17
A22: Pivô 18
A23: Pivô 19
A24: Pivô 20
A25: Pivô 21
A26: Pivô 22
A27: Pivô 23
A28: Pivô 24
A29: Pivô 25
A30: Pivô 26
... A35: Pivô 31
A36: Pivô 32 | E36: Pivô Atolado
A37: Pivô 33
A38: Pivô 34 | F38: Pulverização
A39: Pivô 35
A40: Pivô 36
A41: Pivô 37
A42: Pivô 38
A43: Pivô 39
A44: Pivô 40
A45: Pivô 41
A46: Pivô 42
A47: Pivô 43
A48: Pivô 44
A49: Pivô 45
A50: Pivô 46
A51: Pivô 47
A52: Pivô 48 | B52: Transplantio | F52: Transplantio | H52: Transplantio
A53: Pivô 49
A54: Pivô 50
A55: Pivô 51
A56: Pivô 52
A57: Pivô 53 | E57: Pulverização
A58: Pivô 54 | E58: Pulverização
A59: Pivô 55
A60: Pivô 56
A61: Pivô 73
A62: Pivô 74
A63: Pivô 101
A64: Pivô 102
A65: Pivô 103
A66: Pivô 104
A67: Pivô 105
A68: Pivô 106
A69: Pivô 107
A70: Pivô 108
... A93: Pivô 133

Sheet 20 06 2022  
A1: Atendimento de irrigação (Imapacto Operacional Interno e Externo) - Semena 20/06/2022
A3: Data | B3: 44732 | C3: =B3+1 -> 44733 | D3: =C3+1 -> 44734 | E3: =D3+1 -> 44735 | F3: =E3+1 -> 44736 | G3: =F3+1 -> 44737 | H3: =G3+1 -> 44738
A4: Pivô | B4: =TEXT(B3,"ddd") -> seg | C4: =TEXT(C3,"ddd") -> ter | D4: =TEXT(D3,"ddd") -> qua | E4: =TEXT(E3,"ddd") -> qui | F4: =TEXT(F3,"ddd") -> sex | G4: =TEXT(G3,"ddd") -> sáb | H4: =TEXT(H3,"ddd") -> dom | J4: Parâmetros | K4: Contagem | L4: Porcentagem | M4: Semana | N4: Periodo | O4: Ano
A5: Pivô 01 | J5: Pulverização | K5: =COUNTIF($B$5:$H$93,J5) -> 0 | L5: =K5/$K$18 -> 0 | M5: 20/6-26/6 | N5: 1ª Semestre | O5: 2022
A6: Pivô 02 | J6: Adubação | K6: =COUNTIF($B$5:$H$93,J6) -> 0 | L6: =K6/$K$18 -> 0
A7: Pivô 03 | J7: Transplantio | K7: =COUNTIF($B$5:$H$93,J7) -> 2 | L7: =K7/$K$18 -> 0.66666667
A8: Pivô 04 | J8: Colheita Tabaco | K8: =COUNTIF($B$5:$H$93,J8) -> 1 | L8: =K8/$K$18 -> 0.33333333
A9: Pivô 05 | J9: Plantio | K9: =COUNTIF($B$5:$H$93,J9) -> 0 | L9: =K9/$K$18 -> 0
A10: Pivô 06 | J10: Erosão/Rastro | K10: =COUNTIF($B$5:$H$93,J10) -> 0 | L10: =K10/$K$18 -> 0
A11: Pivô 07 | J11: Mecânico/Trator | K11: =COUNTIF($B$5:$H$93,J11) -> 0 | L11: =K11/$K$18 -> 0
A12: Pivô 08 | J12: Transporte | K12: =COUNTIF($B$5:$H$93,J12) -> 0 | L12: =K12/$K$18 -> 0
A13: Pivô 09 | J13: Pivô Atolado | K13: =COUNTIF($B$5:$H$93,J13) -> 0 | L13: =K13/$K$18 -> 0
A14: Pivô 10 | J14: Entrega do Produto | K14: =COUNTIF($B$5:$H$93,J14) -> 0 | L14: =K14/$K$18 -> 0
A15: Pivô 11 | J15: Limpeza e aferições | K15: =COUNTIF($B$5:$H$93,J15) -> 0 | L15: =K15/$K$18 -> 0
A16: Pivô 12 | J16: Falta de Água | K16: =COUNTIF($B$5:$H$93,J16) -> 0 | L16: =K16/$K$18 -> 0
A17: Pivô 13 | J17: Desponte | K17: =COUNTIF($B$5:$H$93,J17) -> 0 | L17: =K17/$K$18 -> 0
A18: Pivô 14 | J18: Total | K18: =SUM(K5:K17) -> 3
A19: Pivô 15
A20: Pivô 16
A21: Pivô 17
A22: Pivô 18
A23: Pivô 19
A24: Pivô 20
A25: Pivô 21
A26: Pivô 22
A27: Pivô 23
A28: Pivô 24
A29: Pivô 25
A30: Pivô 26
... A40: Pivô 36
A41: Pivô 37 | D41: Colheita Tabaco
A42: Pivô 38
A43: Pivô 39
A44: Pivô 40
A45: Pivô 41
A46: Pivô 42
A47: Pivô 43
A48: Pivô 44
A49: Pivô 45
A50: Pivô 46
A51: Pivô 47
A52: Pivô 48 | C52: Transplantio
A53: Pivô 49
A54: Pivô 50
A55: Pivô 51
A56: Pivô 52
A57: Pivô 53
A58: Pivô 54
A59: Pivô 55
A60: Pivô 56
A61: Pivô 73
A62: Pivô 74
A63: Pivô 101
A64: Pivô 102
... A85: Pivô 123
A86: Pivô 124 | D86: Transplantio
A87: Pivô 125
A88: Pivô 126
A89: Pivô 127
A90: Pivô 128
A91: Pivô 129
A92: Pivô 130
A93: Pivô 133

Sheet 27 06 2022   
A1: Atendimento de irrigação (Imapacto Operacional Interno e Externo) - Semena 27/06/2022
A3: Data | B3: 44739 | C3: =B3+1 -> 44740 | D3: =C3+1 -> 44741 | E3: =D3+1 -> 44742 | F3: =E3+1 -> 44743 | G3: =F3+1 -> 44744 | H3: =G3+1 -> 44745
A4: Pivô | B4: =TEXT(B3,"ddd") -> seg | C4: =TEXT(C3,"ddd") -> ter | D4: =TEXT(D3,"ddd") -> qua | E4: =TEXT(E3,"ddd") -> qui | F4: =TEXT(F3,"ddd") -> sex | G4: =TEXT(G3,"ddd") -> sáb | H4: =TEXT(H3,"ddd") -> dom | J4: Parâmetros | K4: Contagem | L4: Porcentagem | M4: Semana | N4: Periodo | O4: Ano
A5: Pivô 01 | J5: Pulverização | K5: =COUNTIF($B$5:$H$93,J5) -> 4 | L5: =K5/$K$18 -> 0.5 | M5: 27/6-3/7 | N5: 1ª Semestre | O5: 2022
A6: Pivô 02 | J6: Adubação | K6: =COUNTIF($B$5:$H$93,J6) -> 0 | L6: =K6/$K$18 -> 0
A7: Pivô 03 | J7: Transplantio | K7: =COUNTIF($B$5:$H$93,J7) -> 1 | L7: =K7/$K$18 -> 0.125
A8: Pivô 04 | J8: Colheita Tabaco | K8: =COUNTIF($B$5:$H$93,J8) -> 0 | L8: =K8/$K$18 -> 0
A9: Pivô 05 | J9: Plantio | K9: =COUNTIF($B$5:$H$93,J9) -> 0 | L9: =K9/$K$18 -> 0
A10: Pivô 06 | J10: Erosão/Rastro | K10: =COUNTIF($B$5:$H$93,J10) -> 0 | L10: =K10/$K$18 -> 0
A11: Pivô 07 | D11: Desponte | J11: Mecânico/Trator | K11: =COUNTIF($B$5:$H$93,J11) -> 0 | L11: =K11/$K$18 -> 0
A12: Pivô 08 | E12: Desponte | F12: Desponte | J12: Transporte | K12: =COUNTIF($B$5:$H$93,J12) -> 0 | L12: =K12/$K$18 -> 0
A13: Pivô 09 | J13: Pivô Atolado | K13: =COUNTIF($B$5:$H$93,J13) -> 0 | L13: =K13/$K$18 -> 0
A14: Pivô 10 | F14: Pulverização | J14: Entrega do Produto | K14: =COUNTIF($B$5:$H$93,J14) -> 0 | L14: =K14/$K$18 -> 0
A15: Pivô 11 | J15: Limpeza e aferições | K15: =COUNTIF($B$5:$H$93,J15) -> 0 | L15: =K15/$K$18 -> 0
A16: Pivô 12 | J16: Falta de Água | K16: =COUNTIF($B$5:$H$93,J16) -> 0 | L16: =K16/$K$18 -> 0
A17: Pivô 13 | J17: Desponte | K17: =COUNTIF($B$5:$H$93,J17) -> 3 | L17: =K17/$K$18 -> 0.375
A18: Pivô 14 | J18: Total | K18: =SUM(K5:K17) -> 8
A19: Pivô 15
A20: Pivô 16
A21: Pivô 17
A22: Pivô 18
A23: Pivô 19
A24: Pivô 20
A25: Pivô 21
A26: Pivô 22
A27: Pivô 23
A28: Pivô 24
A29: Pivô 25
A30: Pivô 26
... A41: Pivô 37
A42: Pivô 38 | F42: Pulverização
A43: Pivô 39
A44: Pivô 40 | F44: Pulverização
A45: Pivô 41 | F45: Pulverização
A46: Pivô 42
A47: Pivô 43
A48: Pivô 44
A49: Pivô 45
A50: Pivô 46
A51: Pivô 47
A52: Pivô 48
A53: Pivô 49 | B53: Transplantio
A54: Pivô 50
A55: Pivô 51
A56: Pivô 52
A57: Pivô 53
A58: Pivô 54
A59: Pivô 55
A60: Pivô 56
A61: Pivô 73
A62: Pivô 74
A63: Pivô 101
A64: Pivô 102
A65: Pivô 103
... A93: Pivô 133

Sheet 04 07 2022    
A1: Atendimento de irrigação (Imapacto Operacional Interno e Externo) - Semena 04/07/2022
A3: Data | B3: 44746 | C3: =B3+1 -> 44747 | D3: =C3+1 -> 44748 | E3: =D3+1 -> 44749 | F3: =E3+1 -> 44750 | G3: =F3+1 -> 44751 | H3: =G3+1 -> 44752
A4: Pivô | B4: =TEXT(B3,"ddd") -> seg | C4: =TEXT(C3,"ddd") -> ter | D4: =TEXT(D3,"ddd") -> qua | E4: =TEXT(E3,"ddd") -> qui | F4: =TEXT(F3,"ddd") -> sex | G4: =TEXT(G3,"ddd") -> sáb | H4: =TEXT(H3,"ddd") -> dom | J4: Parâmetros | K4: Contagem | L4: Porcentagem | M4: Semana
A5: Pivô 01 | J5: Pulverização | K5: =COUNTIF($B$5:$H$93,J5) -> 1 | L5: =K5/$K$18 -> 0.14285714 | M5: 44746
A6: Pivô 02 | J6: Adubação | K6: =COUNTIF($B$5:$H$93,J6) -> 0 | L6: =K6/$K$18 -> 0
A7: Pivô 03 | C7: Colheita Tabaco | J7: Transplantio | K7: =COUNTIF($B$5:$H$93,J7) -> 0 | L7: =K7/$K$18 -> 0
A8: Pivô 04 | J8: Colheita Tabaco | K8: =COUNTIF($B$5:$H$93,J8) -> 1 | L8: =K8/$K$18 -> 0.14285714
A9: Pivô 05 | J9: Plantio | K9: =COUNTIF($B$5:$H$93,J9) -> 0 | L9: =K9/$K$18 -> 0
A10: Pivô 06 | J10: Erosão/Rastro | K10: =COUNTIF($B$5:$H$93,J10) -> 0 | L10: =K10/$K$18 -> 0
A11: Pivô 07 | B11: Entrega do Produto | J11: Mecânico/Trator | K11: =COUNTIF($B$5:$H$93,J11) -> 1 | L11: =K11/$K$18 -> 0.14285714
A12: Pivô 08 | J12: Transporte | K12: =COUNTIF($B$5:$H$93,J12) -> 0 | L12: =K12/$K$18 -> 0
A13: Pivô 09 | B13: Desponte | C13: Desponte | D13: Desponte | J13: Pivô Atolado | K13: =COUNTIF($B$5:$H$93,J13) -> 0 | L13: =K13/$K$18 -> 0
A14: Pivô 10 | C14: Mecânico/Trator | J14: Entrega do Produto | K14: =COUNTIF($B$5:$H$93,J14) -> 1 | L14: =K14/$K$18 -> 0.14285714
A15: Pivô 11 | J15: Limpeza e aferições | K15: =COUNTIF($B$5:$H$93,J15) -> 0 | L15: =K15/$K$18 -> 0
A16: Pivô 12 | J16: Falta de Água | K16: =COUNTIF($B$5:$H$93,J16) -> 0 | L16: =K16/$K$18 -> 0
A17: Pivô 13 | J17: Desponte | K17: =COUNTIF($B$5:$H$93,J17) -> 3 | L17: =K17/$K$18 -> 0.42857143
A18: Pivô 14 | J18: Total | K18: =SUM(K5:K17) -> 7
A19: Pivô 15 | C19: Pulverização
A20: Pivô 16
A21: Pivô 17
A22: Pivô 18
A23: Pivô 19
A24: Pivô 20
A25: Pivô 21
A26: Pivô 22
A27: Pivô 23
A28: Pivô 24
A29: Pivô 25
A30: Pivô 26
A31: Pivô 27
... A93: Pivô 133

Sheet 11 07 2022     
A1: Atendimento de irrigação (Imapacto Operacional Interno e Externo) - Semena 11/07/2022
A3: Data | B3: 44753 | C3: =B3+1 -> 44754 | D3: =C3+1 -> 44755 | E3: =D3+1 -> 44756 | F3: =E3+1 -> 44757 | G3: =F3+1 -> 44758 | H3: =G3+1 -> 44759
A4: Pivô | B4: =TEXT(B3,"ddd") -> seg | C4: =TEXT(C3,"ddd") -> ter | D4: =TEXT(D3,"ddd") -> qua | E4: =TEXT(E3,"ddd") -> qui | F4: =TEXT(F3,"ddd") -> sex | G4: =TEXT(G3,"ddd") -> sáb | H4: =TEXT(H3,"ddd") -> dom | J4: Parâmetros | K4: Contagem | L4: Porcentagem | M4: Semana
A5: Pivô 01 | J5: Pulverização | K5: =COUNTIF($B$5:$H$93,J5) -> 3 | L5: =K5/$K$18 -> 0.2 | M5: =B3 -> 44753
A6: Pivô 02 | J6: Adubação | K6: =COUNTIF($B$5:$H$93,J6) -> 3 | L6: =K6/$K$18 -> 0.2
A7: Pivô 03 | J7: Transplantio | K7: =COUNTIF($B$5:$H$93,J7) -> 1 | L7: =K7/$K$18 -> 0.066666667
A8: Pivô 04 | J8: Colheita Tabaco | K8: =COUNTIF($B$5:$H$93,J8) -> 1 | L8: =K8/$K$18 -> 0.066666667
A9: Pivô 05 | F9: Colheita Tabaco | J9: Plantio | K9: =COUNTIF($B$5:$H$93,J9) -> 4 | L9: =K9/$K$18 -> 0.26666667
A10: Pivô 06 | J10: Erosão/Rastro | K10: =COUNTIF($B$5:$H$93,J10) -> 3 | L10: =K10/$K$18 -> 0.2
A11: Pivô 07 | J11: Mecânico/Trator | K11: =COUNTIF($B$5:$H$93,J11) -> 0 | L11: =K11/$K$18 -> 0
A12: Pivô 08 | J12: Transporte | K12: =COUNTIF($B$5:$H$93,J12) -> 0 | L12: =K12/$K$18 -> 0
A13: Pivô 09 | J13: Pivô Atolado | K13: =COUNTIF($B$5:$H$93,J13) -> 0 | L13: =K13/$K$18 -> 0
A14: Pivô 10 | J14: Entrega do Produto | K14: =COUNTIF($B$5:$H$93,J14) -> 0 | L14: =K14/$K$18 -> 0
A15: Pivô 11 | J15: Limpeza e aferições | K15: =COUNTIF($B$5:$H$93,J15) -> 0 | L15: =K15/$K$18 -> 0
A16: Pivô 12 | J16: Falta de Água | K16: =COUNTIF($B$5:$H$93,J16) -> 0 | L16: =K16/$K$18 -> 0
A17: Pivô 13 | J17: Desponte | K17: =COUNTIF($B$5:$H$93,J17) -> 0 | L17: =K17/$K$18 -> 0
A18: Pivô 14 | J18: Total | K18: =SUM(K5:K17) -> 15
A19: Pivô 15
A20: Pivô 16
A21: Pivô 17
A22: Pivô 18
A23: Pivô 19 | D23: Erosão/Rastro | F23: Erosão/Rastro | G23: Erosão/Rastro
A24: Pivô 20
A25: Pivô 21
A26: Pivô 22
A27: Pivô 23
A28: Pivô 24
A29: Pivô 25
A30: Pivô 26
A31: Pivô 27
A32: Pivô 28
A33: Pivô 29
A34: Pivô 30
A35: Pivô 31
... A50: Pivô 46
A51: Pivô 47 | E51: Transplantio
A52: Pivô 48 | D52: Pulverização | F52: Adubação
A53: Pivô 49
A54: Pivô 50
A55: Pivô 51
A56: Pivô 52
A57: Pivô 53
A58: Pivô 54
A59: Pivô 55
A60: Pivô 56
A61: Pivô 73
A62: Pivô 74
A63: Pivô 101 | B63: Plantio
A64: Pivô 102
A65: Pivô 103 | D65: Plantio | E65: Plantio
A66: Pivô 104 | F66: Plantio
A67: Pivô 105
A68: Pivô 106
A69: Pivô 107
A70: Pivô 108
A71: Pivô 109
A72: Pivô 110
A73: Pivô 111
A74: Pivô 112 | D74: Adubação | H74: Pulverização
A75: Pivô 113
A76: Pivô 114 | C76: Adubação
A77: Pivô 115
A78: Pivô 116
A79: Pivô 117
A80: Pivô 118
A81: Pivô 119
A82: Pivô 120
A83: Pivô 121
A84: Pivô 122
A85: Pivô 123
A86: Pivô 124 | F86: Pulverização
A87: Pivô 125
A88: Pivô 126
A89: Pivô 127
A90: Pivô 128
A91: Pivô 129
A92: Pivô 130
A93: Pivô 133

Sheet 18 07 2022    
A1: Atendimento de irrigação (Imapacto Operacional Interno e Externo) - Semena 18/07/2022
A3: Data | B3: 44760 | C3: =B3+1 -> 44761 | D3: =C3+1 -> 44762 | E3: =D3+1 -> 44763 | F3: =E3+1 -> 44764 | G3: =F3+1 -> 44765 | H3: =G3+1 -> 44766
A4: Pivô | B4: =TEXT(B3,"ddd") -> seg | C4: =TEXT(C3,"ddd") -> ter | D4: =TEXT(D3,"ddd") -> qua | E4: =TEXT(E3,"ddd") -> qui | F4: =TEXT(F3,"ddd") -> sex | G4: =TEXT(G3,"ddd") -> sáb | H4: =TEXT(H3,"ddd") -> dom | J4: Parâmetros | K4: Contagem | L4: Porcentagem | M4: Semana
A5: Pivô 01 | J5: Pulverização | K5: =COUNTIF($B$5:$H$93,J5) -> 1 | L5: =K5/$K$19 -> 0.14285714 | M5: =B3 -> 44760
A6: Pivô 02 | J6: Adubação | K6: =COUNTIF($B$5:$H$93,J6) -> 1 | L6: =K6/$K$19 -> 0.14285714
A7: Pivô 03 | J7: Transplantio | K7: =COUNTIF($B$5:$H$93,J7) -> 1 | L7: =K7/$K$19 -> 0.14285714
A8: Pivô 04 | J8: Colheita Tabaco | K8: =COUNTIF($B$5:$H$93,J8) -> 0 | L8: =K8/$K$19 -> 0
A9: Pivô 05 | J9: Plantio | K9: =COUNTIF($B$5:$H$93,J9) -> 2 | L9: =K9/$K$19 -> 0.28571429
A10: Pivô 06 | J10: Erosão/Rastro | K10: =COUNTIF($B$5:$H$93,J10) -> 0 | L10: =K10/$K$19 -> 0
A11: Pivô 07 | J11: Mecânico/Trator | K11: =COUNTIF($B$5:$H$93,J11) -> 0 | L11: =K11/$K$19 -> 0
A12: Pivô 08 | J12: Transporte | K12: =COUNTIF($B$5:$H$93,J12) -> 0 | L12: =K12/$K$19 -> 0
A13: Pivô 09 | J13: Pivô Atolado | K13: =COUNTIF($B$5:$H$93,J13) -> 0 | L13: =K13/$K$19 -> 0
A14: Pivô 10 | J14: Entrega do Produto | K14: =COUNTIF($B$5:$H$93,J14) -> 0 | L14: =K14/$K$19 -> 0
A15: Pivô 11 | J15: Limpeza e aferições | K15: =COUNTIF($B$5:$H$93,J15) -> 2 | L15: =K15/$K$19 -> 0.28571429
A16: Pivô 12 | J16: Falta de Água | K16: =COUNTIF($B$5:$H$93,J16) -> 0 | L16: =K16/$K$19 -> 0
A17: Pivô 13 | J17: Desponte | K17: =COUNTIF($B$5:$H$93,J17) -> 0 | L17: =K17/$K$19 -> 0
A18: Pivô 14 | E18: Pulverização | J18: Gerador/Combustivel | K18: =COUNTIF($B$5:$H$93,J18) -> 0 | L18: =K18/$K$19 -> 0
A19: Pivô 15 | J19: Total | K19: =SUM(K5:K17) -> 7
A20: Pivô 16
A21: Pivô 17
A22: Pivô 18
A23: Pivô 19
A24: Pivô 20
A25: Pivô 21
A26: Pivô 22
A27: Pivô 23
A28: Pivô 24
A29: Pivô 25
A30: Pivô 26
A31: Pivô 27
... A33: Pivô 29
A34: Pivô 30 | B34: Plantio | C34: Plantio
A35: Pivô 31
A36: Pivô 32
A37: Pivô 33
A38: Pivô 34
A39: Pivô 35
A40: Pivô 36
A41: Pivô 37
A42: Pivô 38
A43: Pivô 39
A44: Pivô 40
A45: Pivô 41
A46: Pivô 42
... A49: Pivô 45
A50: Pivô 46 | B50: Transplantio
A51: Pivô 47 | C51: Adubação | E51: Limpeza e aferições
A52: Pivô 48 | E52: Limpeza e aferições
A53: Pivô 49
A54: Pivô 50
A55: Pivô 51
A56: Pivô 52
A57: Pivô 53
A58: Pivô 54
A59: Pivô 55
A60: Pivô 56
A61: Pivô 73
A62: Pivô 74
A63: Pivô 101
A64: Pivô 102
... A93: Pivô 133

Sheet 25 07 2022  
A1: Atendimento de irrigação (Imapacto Operacional Interno e Externo) - Semena 25/07/2022
A3: Data | B3: 44767 | C3: =B3+1 -> 44768 | D3: =C3+1 -> 44769 | E3: =D3+1 -> 44770 | F3: =E3+1 -> 44771 | G3: =F3+1 -> 44772 | H3: =G3+1 -> 44773
A4: Pivô | B4: =TEXT(B3,"ddd") -> seg | C4: =TEXT(C3,"ddd") -> ter | D4: =TEXT(D3,"ddd") -> qua | E4: =TEXT(E3,"ddd") -> qui | F4: =TEXT(F3,"ddd") -> sex | G4: =TEXT(G3,"ddd") -> sáb | H4: =TEXT(H3,"ddd") -> dom | J4: Parâmetros | K4: Contagem | L4: Porcentagem | M4: Semana
A5: Pivô 01 | J5: Pulverização | K5: =COUNTIF($B$5:$H$93,J5) -> 3 | L5: =K5/$K$19 -> 0.2 | M5: =B3 -> 44767
A6: Pivô 02 | J6: Adubação | K6: =COUNTIF($B$5:$H$93,J6) -> 2 | L6: =K6/$K$19 -> 0.13333333
A7: Pivô 03 | J7: Transplantio | K7: =COUNTIF($B$5:$H$93,J7) -> 0 | L7: =K7/$K$19 -> 0
A8: Pivô 04 | J8: Colheita Tabaco | K8: =COUNTIF($B$5:$H$93,J8) -> 2 | L8: =K8/$K$19 -> 0.13333333
A9: Pivô 05 | J9: Plantio | K9: =COUNTIF($B$5:$H$93,J9) -> 4 | L9: =K9/$K$19 -> 0.26666667
A10: Pivô 06 | J10: Erosão/Rastro | K10: =COUNTIF($B$5:$H$93,J10) -> 1 | L10: =K10/$K$19 -> 0.066666667
A11: Pivô 07 | D11: Colheita Tabaco | J11: Mecânico/Trator | K11: =COUNTIF($B$5:$H$93,J11) -> 0 | L11: =K11/$K$19 -> 0
A12: Pivô 08 | J12: Transporte | K12: =COUNTIF($B$5:$H$93,J12) -> 0 | L12: =K12/$K$19 -> 0
A13: Pivô 09 | J13: Pivô Atolado | K13: =COUNTIF($B$5:$H$93,J13) -> 0 | L13: =K13/$K$19 -> 0
A14: Pivô 10 | J14: Entrega do Produto | K14: =COUNTIF($B$5:$H$93,J14) -> 0 | L14: =K14/$K$19 -> 0
A15: Pivô 11 | E15: Desponte | J15: Limpeza e aferições | K15: =COUNTIF($B$5:$H$93,J15) -> 0 | L15: =K15/$K$19 -> 0
A16: Pivô 12 | J16: Falta de Água | K16: =COUNTIF($B$5:$H$93,J16) -> 0 | L16: =K16/$K$19 -> 0
A17: Pivô 13 | J17: Desponte | K17: =COUNTIF($B$5:$H$93,J17) -> 1 | L17: =K17/$K$19 -> 0.066666667
A18: Pivô 14 | J18: Gerador | K18: =COUNTIF($B$5:$H$93,J18) -> 2 | L18: =K18/$K$19 -> 0.13333333
A19: Pivô 15 | J19: Total | K19: =SUM(K5:K18) -> 15
A20: Pivô 16
A21: Pivô 17
A22: Pivô 18
A23: Pivô 19
A24: Pivô 20
A25: Pivô 21
A26: Pivô 22
A27: Pivô 23
A28: Pivô 24
A29: Pivô 25
A30: Pivô 26
A31: Pivô 27
... A33: Pivô 29
A34: Pivô 30 | B34: Gerador | C34: Plantio | D34: Plantio
A35: Pivô 31 | F35: Plantio | G35: Plantio
A36: Pivô 32
A37: Pivô 33
A38: Pivô 34
A39: Pivô 35
A40: Pivô 36 | F40: Colheita Tabaco
A41: Pivô 37
A42: Pivô 38
A43: Pivô 39
A44: Pivô 40
A45: Pivô 41
A46: Pivô 42
A47: Pivô 43
A48: Pivô 44
A49: Pivô 45
A50: Pivô 46
A51: Pivô 47
A52: Pivô 48
... A60: Pivô 56
A61: Pivô 73 | E61: Erosão/Rastro
A62: Pivô 74
A63: Pivô 101 | E63: Adubação
A64: Pivô 102
A65: Pivô 103
A66: Pivô 104
A67: Pivô 105
A68: Pivô 106
A69: Pivô 107
A70: Pivô 108
A71: Pivô 109
A72: Pivô 110
A73: Pivô 111
A74: Pivô 112 | F74: Pulverização
A75: Pivô 113
A76: Pivô 114 | F76: Pulverização
A77: Pivô 115
A78: Pivô 116
A79: Pivô 117
A80: Pivô 118
A81: Pivô 119
A82: Pivô 120 | E82: Adubação
A83: Pivô 121
A84: Pivô 122 | D84: Gerador
A85: Pivô 123
A86: Pivô 124
A87: Pivô 125
A88: Pivô 126
A89: Pivô 127
A90: Pivô 128
A91: Pivô 129
A92: Pivô 130
A93: Pivô 133 | D93: Pulverização

Sheet 01 08 2022   
A1: Atendimento de irrigação (Imapacto Operacional Interno e Externo) - Semena 01/08/2022
A3: Data | B3: 44774 | C3: =B3+1 -> 44775 | D3: =C3+1 -> 44776 | E3: =D3+1 -> 44777 | F3: =E3+1 -> 44778 | G3: =F3+1 -> 44779 | H3: =G3+1 -> 44780
A4: Pivô | B4: =TEXT(B3,"ddd") -> seg | C4: =TEXT(C3,"ddd") -> ter | D4: =TEXT(D3,"ddd") -> qua | E4: =TEXT(E3,"ddd") -> qui | F4: =TEXT(F3,"ddd") -> sex | G4: =TEXT(G3,"ddd") -> sáb | H4: =TEXT(H3,"ddd") -> dom | J4: Parâmetros | K4: Contagem | L4: Porcentagem | M4: Semana
A5: Pivô 01 | J5: Pulverização | K5: =COUNTIF($B$5:$H$93,J5) -> 4 | L5: =K5/$K$20 -> 0.4 | M5: =B3 -> 44774
A6: Pivô 02 | J6: Adubação | K6: =COUNTIF($B$5:$H$93,J6) -> 0 | L6: =K6/$K$20 -> 0
A7: Pivô 03 | J7: Transplantio | K7: =COUNTIF($B$5:$H$93,J7) -> 1 | L7: =K7/$K$20 -> 0.1
A8: Pivô 04 | J8: Colheita Tabaco | K8: =COUNTIF($B$5:$H$93,J8) -> 0 | L8: =K8/$K$20 -> 0
A9: Pivô 05 | J9: Plantio | K9: =COUNTIF($B$5:$H$93,J9) -> 2 | L9: =K9/$K$20 -> 0.2
A10: Pivô 06 | J10: Erosão/Rastro | K10: =COUNTIF($B$5:$H$93,J10) -> 2 | L10: =K10/$K$20 -> 0.2
A11: Pivô 07 | J11: Mecânico/Trator | K11: =COUNTIF($B$5:$H$93,J11) -> 1 | L11: =K11/$K$20 -> 0.1
A12: Pivô 08 | J12: Transporte | K12: =COUNTIF($B$5:$H$93,J12) -> 0 | L12: =K12/$K$20 -> 0
A13: Pivô 09 | J13: Pivô Atolado | K13: =COUNTIF($B$5:$H$93,J13) -> 0 | L13: =K13/$K$20 -> 0
A14: Pivô 10 | J14: Entrega do Produto | K14: =COUNTIF($B$5:$H$93,J14) -> 0 | L14: =K14/$K$20 -> 0
A15: Pivô 11 | J15: Limpeza e aferições | K15: =COUNTIF($B$5:$H$93,J15) -> 0 | L15: =K15/$K$20 -> 0
A16: Pivô 12 | J16: Falta de Água | K16: =COUNTIF($B$5:$H$93,J16) -> 0 | L16: =K16/$K$20 -> 0
A17: Pivô 13 | J17: Desponte | K17: =COUNTIF($B$5:$H$93,J17) -> 0 | L17: =K17/$K$20 -> 0
... A19: Pivô 15 | J19: Injeferd | K19: =COUNTIF($B$5:$H$93,J19) -> 1 | L19: =K19/$K$20 -> 0.1
A20: Pivô 16 | J20: Total | K20: =SUM(K5:K18) -> 10
A21: Pivô 17
A22: Pivô 18
A23: Pivô 19
A24: Pivô 20
A25: Pivô 21
A26: Pivô 22
A27: Pivô 23 | C27: Plantio | H27: Plantio
A28: Pivô 24
A29: Pivô 25
A30: Pivô 26
A31: Pivô 27
A32: Pivô 28
A33: Pivô 29
A34: Pivô 30
A35: Pivô 31
A36: Pivô 32
A37: Pivô 33
A38: Pivô 34
A39: Pivô 35
... A49: Pivô 45
A50: Pivô 46 | C50: Transplantio
A51: Pivô 47
A52: Pivô 48
A53: Pivô 49
A54: Pivô 50
A55: Pivô 51
A56: Pivô 52
A57: Pivô 53
A58: Pivô 54
A59: Pivô 55
A60: Pivô 56
A61: Pivô 73 | E61: Erosão/Rastro | F61: Pulverização | G61: Pulverização
A62: Pivô 74 | E62: Erosão/Rastro | F62: Pulverização | G62: Pulverização
A63: Pivô 101
A64: Pivô 102
A65: Pivô 103
A66: Pivô 104
A67: Pivô 105
A68: Pivô 106
A69: Pivô 107
A70: Pivô 108
A71: Pivô 109
A72: Pivô 110
A73: Pivô 111
A74: Pivô 112 | E74: Injeferd
A75: Pivô 113
A76: Pivô 114
A77: Pivô 115
A78: Pivô 116
A79: Pivô 117
A80: Pivô 118
A81: Pivô 119
A82: Pivô 120
A83: Pivô 121
A84: Pivô 122
A85: Pivô 123
A86: Pivô 124 | D86: Mecânico/Trator
A87: Pivô 125
A88: Pivô 126
A89: Pivô 127
A90: Pivô 128
A91: Pivô 129
A92: Pivô 130
A93: Pivô 133

Sheet 08 08 2022    
A1: Atendimento de irrigação (Imapacto Operacional Interno e Externo) - Semena 08/08/2022
A3: Data | B3: 44781 | C3: =B3+1 -> 44782 | D3: =C3+1 -> 44783 | E3: =D3+1 -> 44784 | F3: =E3+1 -> 44785 | G3: =F3+1 -> 44786 | H3: =G3+1 -> 44787
A4: Pivô | B4: =TEXT(B3,"ddd") -> seg | C4: =TEXT(C3,"ddd") -> ter | D4: =TEXT(D3,"ddd") -> qua | E4: =TEXT(E3,"ddd") -> qui | F4: =TEXT(F3,"ddd") -> sex | G4: =TEXT(G3,"ddd") -> sáb | H4: =TEXT(H3,"ddd") -> dom | J4: Parâmetros | K4: Contagem | L4: Porcentagem | M4: Semana
A5: Pivô 01 | J5: Pulverização | K5: =COUNTIF($B$5:$H$93,J5) -> 2 | L5: =K5/$K$20 -> 0.18181818 | M5: =B3 -> 44781
A6: Pivô 02 | J6: Adubação | K6: =COUNTIF($B$5:$H$93,J6) -> 2 | L6: =K6/$K$20 -> 0.18181818
A7: Pivô 03 | J7: Transplantio | K7: =COUNTIF($B$5:$H$93,J7) -> 0 | L7: =K7/$K$20 -> 0
A8: Pivô 04 | J8: Colheita Tabaco | K8: =COUNTIF($B$5:$H$93,J8) -> 1 | L8: =K8/$K$20 -> 0.090909091
A9: Pivô 05 | J9: Plantio | K9: =COUNTIF($B$5:$H$93,J9) -> 1 | L9: =K9/$K$20 -> 0.090909091
A10: Pivô 06 | J10: Erosão/Rastro | K10: =COUNTIF($B$5:$H$93,J10) -> 0 | L10: =K10/$K$20 -> 0
A11: Pivô 07 | J11: Mecânico/Trator | K11: =COUNTIF($B$5:$H$93,J11) -> 2 | L11: =K11/$K$20 -> 0.18181818
A12: Pivô 08 | J12: Transporte | K12: =COUNTIF($B$5:$H$93,J12) -> 0 | L12: =K12/$K$20 -> 0
A13: Pivô 09 | J13: Pivô Atolado | K13: =COUNTIF($B$5:$H$93,J13) -> 0 | L13: =K13/$K$20 -> 0
A14: Pivô 10 | F14: Colheita Tabaco | J14: Entrega do Produto | K14: =COUNTIF($B$5:$H$93,J14) -> 1 | L14: =K14/$K$20 -> 0.090909091
A15: Pivô 11 | J15: Limpeza e aferições | K15: =COUNTIF($B$5:$H$93,J15) -> 0 | L15: =K15/$K$20 -> 0
A16: Pivô 12 | E16: Entrega do Produto | J16: Falta de Água | K16: =COUNTIF($B$5:$H$93,J16) -> 1 | L16: =K16/$K$20 -> 0.090909091
A17: Pivô 13 | F17: Falta de Água | J17: Desponte | K17: =COUNTIF($B$5:$H$93,J17) -> 1 | L17: =K17/$K$20 -> 0.090909091
A18: Pivô 14 | E18: Desponte | J18: Gerador | K18: =COUNTIF($B$5:$H$93,J18) -> 0 | L18: =K18/$K$20 -> 0
A19: Pivô 15 | J19: Injeferd | K19: =COUNTIF($B$5:$H$93,J19) -> 0 | L19: =K19/$K$20 -> 0
A20: Pivô 16 | J20: Total | K20: =SUM(K5:K18) -> 11
A21: Pivô 17
A22: Pivô 18
A23: Pivô 19
A24: Pivô 20
A25: Pivô 21
A26: Pivô 22
A27: Pivô 23 | F27: Adubação
A28: Pivô 24
A29: Pivô 25
A30: Pivô 26 | H30: Plantio
A31: Pivô 27
A32: Pivô 28
A33: Pivô 29
A34: Pivô 30
A35: Pivô 31 | D35: Adubação
A36: Pivô 32
A37: Pivô 33
A38: Pivô 34
A39: Pivô 35
A40: Pivô 36
A41: Pivô 37
A42: Pivô 38
A43: Pivô 39
A44: Pivô 40
A45: Pivô 41
A46: Pivô 42
A47: Pivô 43
... A49: Pivô 45
A50: Pivô 46 | D50: Pulverização
A51: Pivô 47 | G51: Pulverização
A52: Pivô 48 | B52: Mecânico/Trator
A53: Pivô 49
A54: Pivô 50
A55: Pivô 51
A56: Pivô 52
A57: Pivô 53
A58: Pivô 54
A59: Pivô 55
A60: Pivô 56
A61: Pivô 73
A62: Pivô 74
A63: Pivô 101
A64: Pivô 102
... A73: Pivô 111
A74: Pivô 112 | C74: Mecânico/Trator
A75: Pivô 113
A76: Pivô 114
A77: Pivô 115
A78: Pivô 116
A79: Pivô 117
A80: Pivô 118
A81: Pivô 119
A82: Pivô 120
A83: Pivô 121
A84: Pivô 122
A85: Pivô 123
A86: Pivô 124
... A93: Pivô 133

Sheet 15 08 2022     
A1: Atendimento de irrigação (Imapacto Operacional Interno e Externo) - Semena 15/08/2022
A3: Data | B3: 44788 | C3: =B3+1 -> 44789 | D3: =C3+1 -> 44790 | E3: =D3+1 -> 44791 | F3: =E3+1 -> 44792 | G3: =F3+1 -> 44793 | H3: =G3+1 -> 44794
A4: Pivô | B4: =TEXT(B3,"ddd") -> seg | C4: =TEXT(C3,"ddd") -> ter | D4: =TEXT(D3,"ddd") -> qua | E4: =TEXT(E3,"ddd") -> qui | F4: =TEXT(F3,"ddd") -> sex | G4: =TEXT(G3,"ddd") -> sáb | H4: =TEXT(H3,"ddd") -> dom | J4: Parâmetros | K4: Contagem | L4: Porcentagem | M4: Semana
A5: Pivô 01 | J5: Pulverização | K5: =COUNTIF($B$5:$H$93,J5) -> 0 | L5: =K5/$K$20 -> 0 | M5: =B3 -> 44788
A6: Pivô 02 | J6: Adubação | K6: =COUNTIF($B$5:$H$93,J6) -> 3 | L6: =K6/$K$20 -> 0.25
A7: Pivô 03 | J7: Transplantio | K7: =COUNTIF($B$5:$H$93,J7) -> 0 | L7: =K7/$K$20 -> 0
A8: Pivô 04 | J8: Colheita Tabaco | K8: =COUNTIF($B$5:$H$93,J8) -> 1 | L8: =K8/$K$20 -> 0.083333333
A9: Pivô 05 | J9: Plantio | K9: =COUNTIF($B$5:$H$93,J9) -> 3 | L9: =K9/$K$20 -> 0.25
A10: Pivô 06 | J10: Erosão/Rastro | K10: =COUNTIF($B$5:$H$93,J10) -> 0 | L10: =K10/$K$20 -> 0
A11: Pivô 07 | D11: Colheita Tabaco | J11: Mecânico/Trator | K11: =COUNTIF($B$5:$H$93,J11) -> 0 | L11: =K11/$K$20 -> 0
A12: Pivô 08 | J12: Transporte | K12: =COUNTIF($B$5:$H$93,J12) -> 0 | L12: =K12/$K$20 -> 0
A13: Pivô 09 | J13: Pivô Atolado | K13: =COUNTIF($B$5:$H$93,J13) -> 0 | L13: =K13/$K$20 -> 0
A14: Pivô 10 | J14: Entrega do Produto | K14: =COUNTIF($B$5:$H$93,J14) -> 0 | L14: =K14/$K$20 -> 0
A15: Pivô 11 | J15: Limpeza e aferições | K15: =COUNTIF($B$5:$H$93,J15) -> 2 | L15: =K15/$K$20 -> 0.16666667
A16: Pivô 12 | J16: Falta de Água | K16: =COUNTIF($B$5:$H$93,J16) -> 1 | L16: =K16/$K$20 -> 0.083333333
A17: Pivô 13 | J17: Desponte | K17: =COUNTIF($B$5:$H$93,J17) -> 2 | L17: =K17/$K$20 -> 0.16666667
A18: Pivô 14 | C18: Desponte | F18: Desponte | J18: Gerador | K18: =COUNTIF($B$5:$H$93,J18) -> 0 | L18: =K18/$K$20 -> 0
A19: Pivô 15 | J19: Injeferd | K19: =COUNTIF($B$5:$H$93,J19) -> 0 | L19: =K19/$K$20 -> 0
A20: Pivô 16 | J20: Total | K20: =SUM(K5:K18) -> 12
A21: Pivô 17
A22: Pivô 18
A23: Pivô 19
A24: Pivô 20
A25: Pivô 21
A26: Pivô 22
A27: Pivô 23
A28: Pivô 24
A29: Pivô 25 | C29: Falta de Água
A30: Pivô 26 | C30: Plantio
A31: Pivô 27
A32: Pivô 28
A33: Pivô 29
A34: Pivô 30
A35: Pivô 31
A36: Pivô 32
A37: Pivô 33
A38: Pivô 34
A39: Pivô 35
A40: Pivô 36
A41: Pivô 37
A42: Pivô 38
... A46: Pivô 42
A47: Pivô 43 | C47: Adubação | D47: Plantio | F47: Plantio
A48: Pivô 44
A49: Pivô 45
A50: Pivô 46 | E50: Adubação
A51: Pivô 47 | C51: Adubação
A52: Pivô 48 | B52: Limpeza e aferições | C52: Limpeza e aferições
A53: Pivô 49
A54: Pivô 50
A55: Pivô 51
A56: Pivô 52
A57: Pivô 53
A58: Pivô 54
A59: Pivô 55
A60: Pivô 56
A61: Pivô 73
A62: Pivô 74
A63: Pivô 101
A64: Pivô 102
... A93: Pivô 133

Sheet 22 08 2022      
A1: Atendimento de irrigação (Imapacto Operacional Interno e Externo) - Semena 22/08/2022
A3: Data | B3: 44795 | C3: =B3+1 -> 44796 | D3: =C3+1 -> 44797 | E3: =D3+1 -> 44798 | F3: =E3+1 -> 44799 | G3: =F3+1 -> 44800 | H3: =G3+1 -> 44801
A4: Pivô | B4: =TEXT(B3,"ddd") -> seg | C4: =TEXT(C3,"ddd") -> ter | D4: =TEXT(D3,"ddd") -> qua | E4: =TEXT(E3,"ddd") -> qui | F4: =TEXT(F3,"ddd") -> sex | G4: =TEXT(G3,"ddd") -> sáb | H4: =TEXT(H3,"ddd") -> dom | J4: Parâmetros | K4: Contagem | L4: Porcentagem | M4: Semana
A5: Pivô 01 | J5: Pulverização | K5: =COUNTIF($B$5:$H$93,J5) -> 3 | L5: =K5/$K$20 -> 0.21428571 | M5: =B3 -> 44795
A6: Pivô 02 | J6: Adubação | K6: =COUNTIF($B$5:$H$93,J6) -> 2 | L6: =K6/$K$20 -> 0.14285714
A7: Pivô 03 | J7: Transplantio | K7: =COUNTIF($B$5:$H$93,J7) -> 0 | L7: =K7/$K$20 -> 0
A8: Pivô 04 | J8: Colheita Tabaco | K8: =COUNTIF($B$5:$H$93,J8) -> 3 | L8: =K8/$K$20 -> 0.21428571
A9: Pivô 05 | J9: Plantio | K9: =COUNTIF($B$5:$H$93,J9) -> 2 | L9: =K9/$K$20 -> 0.14285714
A10: Pivô 06 | J10: Erosão/Rastro | K10: =COUNTIF($B$5:$H$93,J10) -> 0 | L10: =K10/$K$20 -> 0
A11: Pivô 07 | C11: Colheita Tabaco | J11: Mecânico/Trator | K11: =COUNTIF($B$5:$H$93,J11) -> 0 | L11: =K11/$K$20 -> 0
A12: Pivô 08 | J12: Transporte | K12: =COUNTIF($B$5:$H$93,J12) -> 0 | L12: =K12/$K$20 -> 0
A13: Pivô 09 | J13: Pivô Atolado | K13: =COUNTIF($B$5:$H$93,J13) -> 0 | L13: =K13/$K$20 -> 0
A14: Pivô 10 | J14: Entrega do Produto | K14: =COUNTIF($B$5:$H$93,J14) -> 0 | L14: =K14/$K$20 -> 0
A15: Pivô 11 | B15: Colheita Tabaco | C15: Colheita Tabaco | J15: Limpeza e aferições | K15: =COUNTIF($B$5:$H$93,J15) -> 0 | L15: =K15/$K$20 -> 0
A16: Pivô 12 | J16: Falta de Água | K16: =COUNTIF($B$5:$H$93,J16) -> 1 | L16: =K16/$K$20 -> 0.071428571
A17: Pivô 13 | J17: Desponte | K17: =COUNTIF($B$5:$H$93,J17) -> 2 | L17: =K17/$K$20 -> 0.14285714
A18: Pivô 14 | J18: Gerador | K18: =COUNTIF($B$5:$H$93,J18) -> 0 | L18: =K18/$K$20 -> 0
A19: Pivô 15 | J19: Injeferd | K19: =COUNTIF($B$5:$H$93,J19) -> 1 | L19: =K19/$K$20 -> 0.071428571
A20: Pivô 16 | J20: Total | K20: =SUM(K5:K19) -> 14
A21: Pivô 17
A22: Pivô 18
A23: Pivô 19
A24: Pivô 20
A25: Pivô 21
A26: Pivô 22
A27: Pivô 23
A28: Pivô 24
A29: Pivô 25
A30: Pivô 26
A31: Pivô 27
A32: Pivô 28
A33: Pivô 29
A34: Pivô 30 | B34: Injeferd
A35: Pivô 31 | F35: Pulverização
A36: Pivô 32
A37: Pivô 33 | B37: Plantio | C37: Plantio
A38: Pivô 34
A39: Pivô 35
A40: Pivô 36
A41: Pivô 37
A42: Pivô 38
A43: Pivô 39
A44: Pivô 40
A45: Pivô 41
A46: Pivô 42
A47: Pivô 43 | G47: Adubação
A48: Pivô 44
A49: Pivô 45
A50: Pivô 46 | D50: Pulverização
A51: Pivô 47
A52: Pivô 48 | F52: Pulverização
A53: Pivô 49
A54: Pivô 50
A55: Pivô 51
A56: Pivô 52 | B56: Adubação
A57: Pivô 53
A58: Pivô 54
A59: Pivô 55
A60: Pivô 56
A61: Pivô 73
A62: Pivô 74 | F62: Falta de Água
A63: Pivô 101
A64: Pivô 102
A65: Pivô 103
A66: Pivô 104
A67: Pivô 105
A68: Pivô 106
A69: Pivô 107
A70: Pivô 108
A71: Pivô 109
A72: Pivô 110
A73: Pivô 111
A74: Pivô 112
... A85: Pivô 123
A86: Pivô 124 | B86: Desponte | D86: Desponte
A87: Pivô 125
A88: Pivô 126
A89: Pivô 127
A90: Pivô 128
A91: Pivô 129
A92: Pivô 130
A93: Pivô 133

Sheet 29 08 2022       
A1: Atendimento de irrigação (Imapacto Operacional Interno e Externo) - Semena 29/08/2022
A3: Data | B3: 44802 | C3: =B3+1 -> 44803 | D3: =C3+1 -> 44804 | E3: =D3+1 -> 44805 | F3: =E3+1 -> 44806 | G3: =F3+1 -> 44807 | H3: =G3+1 -> 44808
A4: Pivô | B4: =TEXT(B3,"ddd") -> seg | C4: =TEXT(C3,"ddd") -> ter | D4: =TEXT(D3,"ddd") -> qua | E4: =TEXT(E3,"ddd") -> qui | F4: =TEXT(F3,"ddd") -> sex | G4: =TEXT(G3,"ddd") -> sáb | H4: =TEXT(H3,"ddd") -> dom | J4: Parâmetros | K4: Contagem | L4: Porcentagem | M4: Semana
A5: Pivô 01 | F5: Adubação | G5: Pulverização | J5: Pulverização | K5: =COUNTIF($B$5:$H$93,J5) -> 1 | L5: =K5/$K$21 -> 0.045454545 | M5: =B3 -> 44802
A6: Pivô 02 | J6: Adubação | K6: =COUNTIF($B$5:$H$93,J6) -> 1 | L6: =K6/$K$21 -> 0.045454545
A7: Pivô 03 | J7: Transplantio | K7: =COUNTIF($B$5:$H$93,J7) -> 0 | L7: =K7/$K$21 -> 0
A8: Pivô 04 | J8: Colheita Tabaco | K8: =COUNTIF($B$5:$H$93,J8) -> 1 | L8: =K8/$K$21 -> 0.045454545
A9: Pivô 05 | J9: Plantio | K9: =COUNTIF($B$5:$H$93,J9) -> 1 | L9: =K9/$K$21 -> 0.045454545
A10: Pivô 06 | J10: Erosão/Rastro | K10: =COUNTIF($B$5:$H$93,J10) -> 2 | L10: =K10/$K$21 -> 0.090909091
A11: Pivô 07 | J11: Mecânico/Trator | K11: =COUNTIF($B$5:$H$93,J11) -> 0 | L11: =K11/$K$21 -> 0
A12: Pivô 08 | J12: Transporte | K12: =COUNTIF($B$5:$H$93,J12) -> 0 | L12: =K12/$K$21 -> 0
A13: Pivô 09 | J13: Pivô Atolado | K13: =COUNTIF($B$5:$H$93,J13) -> 1 | L13: =K13/$K$21 -> 0.045454545
A14: Pivô 10 | J14: Entrega do Produto | K14: =COUNTIF($B$5:$H$93,J14) -> 2 | L14: =K14/$K$21 -> 0.090909091
A15: Pivô 11 | J15: Limpeza e aferições | K15: =COUNTIF($B$5:$H$93,J15) -> 0 | L15: =K15/$K$21 -> 0
A16: Pivô 12 | D16: Colheita Tabaco | J16: Falta de Água | K16: =COUNTIF($B$5:$H$93,J16) -> 5 | L16: =K16/$K$21 -> 0.22727273
A17: Pivô 13 | J17: Desponte | K17: =COUNTIF($B$5:$H$93,J17) -> 1 | L17: =K17/$K$21 -> 0.045454545
A18: Pivô 14 | D18: Pivô Atolado | J18: Gerador | K18: =COUNTIF($B$5:$H$93,J18) -> 0 | L18: =K18/$K$21 -> 0
A19: Pivô 15 | J19: Injeferd | K19: =COUNTIF($B$5:$H$93,J19) -> 0 | L19: =K19/$K$21 -> 0
A20: Pivô 16 | J20: Entupimento | K20: =COUNTIF($B$5:$H$93,J20) -> 7 | L20: =K20/$K$21 -> 0.31818182
A21: Pivô 17 | J21: Total | K21: =SUM(K5:K20) -> 22
A22: Pivô 18
A23: Pivô 19
A24: Pivô 20
A25: Pivô 21
A26: Pivô 22
A27: Pivô 23 | B27: Falta de Água | F27: Falta de Água
A28: Pivô 24
A29: Pivô 25
A30: Pivô 26
A31: Pivô 27
A32: Pivô 28
A33: Pivô 29
A34: Pivô 30
A35: Pivô 31 | B35: Entrega do Produto | C35: Entrega do Produto
A36: Pivô 32 | D36: Plantio
A37: Pivô 33
A38: Pivô 34
A39: Pivô 35
A40: Pivô 36
A41: Pivô 37
A42: Pivô 38
A43: Pivô 39
A44: Pivô 40
A45: Pivô 41
A46: Pivô 42
A47: Pivô 43
A48: Pivô 44 | F48: Erosão/Rastro | G48: Erosão/Rastro
A49: Pivô 45
A50: Pivô 46
A51: Pivô 47 | H51: Entupimento
A52: Pivô 48
A53: Pivô 49
A54: Pivô 50
A55: Pivô 51
A56: Pivô 52 | G56: Entupimento | H56: Entupimento
A57: Pivô 53
A58: Pivô 54
A59: Pivô 55
A60: Pivô 56
A61: Pivô 73 | B61: Falta de Água | C61: Falta de Água | D61: Falta de Água | G61: Entupimento | H61: Entupimento
A62: Pivô 74 | G62: Entupimento | H62: Entupimento
A63: Pivô 101
A64: Pivô 102
A65: Pivô 103
A66: Pivô 104
A67: Pivô 105
A68: Pivô 106
A69: Pivô 107
A70: Pivô 108
A71: Pivô 109
A72: Pivô 110
A73: Pivô 111
A74: Pivô 112
... A92: Pivô 130
A93: Pivô 133 | C93: Desponte

Sheet 05 09 2022        
A1: Atendimento de irrigação (Imapacto Operacional Interno e Externo) - Semena 05/09/2022
A3: Data | B3: 44809 | C3: =B3+1 -> 44810 | D3: =C3+1 -> 44811 | E3: =D3+1 -> 44812 | F3: =E3+1 -> 44813 | G3: =F3+1 -> 44814 | H3: =G3+1 -> 44815
A4: Pivô | B4: =TEXT(B3,"ddd") -> seg | C4: =TEXT(C3,"ddd") -> ter | D4: =TEXT(D3,"ddd") -> qua | E4: =TEXT(E3,"ddd") -> qui | F4: =TEXT(F3,"ddd") -> sex | G4: =TEXT(G3,"ddd") -> sáb | H4: =TEXT(H3,"ddd") -> dom | J4: Parâmetros | K4: Contagem | L4: Porcentagem | M4: Semana
A5: Pivô 01 | J5: Pulverização | K5: =COUNTIF($B$5:$H$93,J5) -> 0 | L5: =K5/$K$21 -> 0 | M5: =B3 -> 44809
A6: Pivô 02 | J6: Adubação | K6: =COUNTIF($B$5:$H$93,J6) -> 0 | L6: =K6/$K$21 -> 0
A7: Pivô 03 | J7: Transplantio | K7: =COUNTIF($B$5:$H$93,J7) -> 0 | L7: =K7/$K$21 -> 0
A8: Pivô 04 | J8: Colheita Tabaco | K8: =COUNTIF($B$5:$H$93,J8) -> 2 | L8: =K8/$K$21 -> 0.15384615
A9: Pivô 05 | J9: Plantio | K9: =COUNTIF($B$5:$H$93,J9) -> 0 | L9: =K9/$K$21 -> 0
A10: Pivô 06 | J10: Erosão/Rastro | K10: =COUNTIF($B$5:$H$93,J10) -> 2 | L10: =K10/$K$21 -> 0.15384615
A11: Pivô 07 | J11: Mecânico/Trator | K11: =COUNTIF($B$5:$H$93,J11) -> 0 | L11: =K11/$K$21 -> 0
A12: Pivô 08 | J12: Transporte | K12: =COUNTIF($B$5:$H$93,J12) -> 0 | L12: =K12/$K$21 -> 0
A13: Pivô 09 | J13: Pivô Atolado | K13: =COUNTIF($B$5:$H$93,J13) -> 0 | L13: =K13/$K$21 -> 0
A14: Pivô 10 | C14: Colheita Tabaco | J14: Entrega do Produto | K14: =COUNTIF($B$5:$H$93,J14) -> 3 | L14: =K14/$K$21 -> 0.23076923
A15: Pivô 11 | J15: Limpeza e aferições | K15: =COUNTIF($B$5:$H$93,J15) -> 1 | L15: =K15/$K$21 -> 0.076923077
A16: Pivô 12 | J16: Falta de Água | K16: =COUNTIF($B$5:$H$93,J16) -> 0 | L16: =K16/$K$21 -> 0
A17: Pivô 13 | J17: Desponte | K17: =COUNTIF($B$5:$H$93,J17) -> 1 | L17: =K17/$K$21 -> 0.076923077
A18: Pivô 14 | J18: Gerador | K18: =COUNTIF($B$5:$H$93,J18) -> 0 | L18: =K18/$K$21 -> 0
A19: Pivô 15 | J19: Injeferd | K19: =COUNTIF($B$5:$H$93,J19) -> 0 | L19: =K19/$K$21 -> 0
A20: Pivô 16 | J20: Entupimento | K20: =COUNTIF($B$5:$H$93,J20) -> 4 | L20: =K20/$K$21 -> 0.30769231
A21: Pivô 17 | G21: Erosão/Rastro | J21: Total | K21: =SUM(K5:K20) -> 13
A22: Pivô 18
A23: Pivô 19
A24: Pivô 20
A25: Pivô 21
A26: Pivô 22
A27: Pivô 23 | C27: Entrega do Produto
A28: Pivô 24
A29: Pivô 25
A30: Pivô 26 | C30: Entrega do Produto
A31: Pivô 27
A32: Pivô 28 | F32: Erosão/Rastro
A33: Pivô 29
A34: Pivô 30
A35: Pivô 31
A36: Pivô 32
A37: Pivô 33
A38: Pivô 34
A39: Pivô 35
A40: Pivô 36
A41: Pivô 37
A42: Pivô 38
A43: Pivô 39
A44: Pivô 40
... A50: Pivô 46
A51: Pivô 47 | C51: Entrega do Produto
A52: Pivô 48 | D52: Desponte
A53: Pivô 49
A54: Pivô 50
A55: Pivô 51
A56: Pivô 52 | B56: Entupimento
A57: Pivô 53 | C57: Limpeza e aferições
A58: Pivô 54
A59: Pivô 55
A60: Pivô 56
A61: Pivô 73 | B61: Entupimento
A62: Pivô 74 | B62: Entupimento | E62: Entupimento
A63: Pivô 101
A64: Pivô 102
A65: Pivô 103
A66: Pivô 104
A67: Pivô 105
A68: Pivô 106
A69: Pivô 107
A70: Pivô 108
A71: Pivô 109
A72: Pivô 110
A73: Pivô 111
A74: Pivô 112
... A85: Pivô 123
A86: Pivô 124 | C86: Colheita Tabaco
A87: Pivô 125
A88: Pivô 126
A89: Pivô 127
A90: Pivô 128
A91: Pivô 129
A92: Pivô 130
A93: Pivô 133

Sheet 12 09 2022         
A1: Atendimento de irrigação (Imapacto Operacional Interno e Externo) - Semena 12/09/2022
A3: Data | B3: 44816 | C3: =B3+1 -> 44817 | D3: =C3+1 -> 44818 | E3: =D3+1 -> 44819 | F3: =E3+1 -> 44820 | G3: =F3+1 -> 44821 | H3: =G3+1 -> 44822
A4: Pivô | B4: =TEXT(B3,"ddd") -> seg | C4: =TEXT(C3,"ddd") -> ter | D4: =TEXT(D3,"ddd") -> qua | E4: =TEXT(E3,"ddd") -> qui | F4: =TEXT(F3,"ddd") -> sex | G4: =TEXT(G3,"ddd") -> sáb | H4: =TEXT(H3,"ddd") -> dom | J4: Parâmetros | K4: Contagem | L4: Porcentagem | M4: Semana
A5: Pivô 01 | E5: Injeferd | J5: Pulverização | K5: =COUNTIF($B$5:$H$93,J5) -> 5 | L5: =K5/$K$22 -> 0.2173913 | M5: =B3 -> 44816
A6: Pivô 02 | J6: Adubação | K6: =COUNTIF($B$5:$H$93,J6) -> 2 | L6: =K6/$K$22 -> 0.086956522
A7: Pivô 03 | J7: Transplantio | K7: =COUNTIF($B$5:$H$93,J7) -> 0 | L7: =K7/$K$22 -> 0
A8: Pivô 04 | J8: Colheita Tabaco | K8: =COUNTIF($B$5:$H$93,J8) -> 0 | L8: =K8/$K$22 -> 0
A9: Pivô 05 | J9: Plantio | K9: =COUNTIF($B$5:$H$93,J9) -> 0 | L9: =K9/$K$22 -> 0
A10: Pivô 06 | J10: Erosão/Rastro | K10: =COUNTIF($B$5:$H$93,J10) -> 0 | L10: =K10/$K$22 -> 0
A11: Pivô 07 | J11: Mecânico/Trator | K11: =COUNTIF($B$5:$H$93,J11) -> 0 | L11: =K11/$K$22 -> 0
A12: Pivô 08 | J12: Transporte | K12: =COUNTIF($B$5:$H$93,J12) -> 0 | L12: =K12/$K$22 -> 0
A13: Pivô 09 | J13: Pivô Atolado | K13: =COUNTIF($B$5:$H$93,J13) -> 3 | L13: =K13/$K$22 -> 0.13043478
A14: Pivô 10 | J14: Entrega do Produto | K14: =COUNTIF($B$5:$H$93,J14) -> 1 | L14: =K14/$K$22 -> 0.043478261
A15: Pivô 11 | J15: Limpeza e aferições | K15: =COUNTIF($B$5:$H$93,J15) -> 1 | L15: =K15/$K$22 -> 0.043478261
A16: Pivô 12 | J16: Falta de Água | K16: =COUNTIF($B$5:$H$93,J16) -> 0 | L16: =K16/$K$22 -> 0
A17: Pivô 13 | J17: Desponte | K17: =COUNTIF($B$5:$H$93,J17) -> 0 | L17: =K17/$K$22 -> 0
... A21: Pivô 17 | J21: Entupimento | K21: =COUNTIF($B$5:$H$93,J21) -> 0 | L21: =K21/$K$22 -> 0
A22: Pivô 18 | J22: Total | K22: =SUM(K5:K21) -> 23
A23: Pivô 19 | B23: Pivô Atolado
A24: Pivô 20
A25: Pivô 21
A26: Pivô 22
A27: Pivô 23
A28: Pivô 24
A29: Pivô 25
A30: Pivô 26
A31: Pivô 27
A32: Pivô 28
A33: Pivô 29
A34: Pivô 30 | F34: Limpeza e aferições
A35: Pivô 31
A36: Pivô 32 | E36: Pulverização
A37: Pivô 33 | B37: Entrega do Produto | D37: Pulverização
A38: Pivô 34
A39: Pivô 35
A40: Pivô 36
A41: Pivô 37
A42: Pivô 38
A43: Pivô 39
A44: Pivô 40
A45: Pivô 41
A46: Pivô 42
A47: Pivô 43
A48: Pivô 44
A49: Pivô 45
... A53: Pivô 49
A54: Pivô 50 | B54: Pulverização | D54: Adubação
A55: Pivô 51
A56: Pivô 52 | D56: Pulverização
A57: Pivô 53
A58: Pivô 54 | F58: Adubação
A59: Pivô 55
A60: Pivô 56
A61: Pivô 73 | C61: Pulverização
A62: Pivô 74 | B62: Pivô Atolado | C62: Pivô Atolado
A63: Pivô 101 | G63: Syngenta
A64: Pivô 102
A65: Pivô 103 | G65: Syngenta
A66: Pivô 104
A67: Pivô 105
A68: Pivô 106
A69: Pivô 107
A70: Pivô 108
A71: Pivô 109
A72: Pivô 110
A73: Pivô 111
A74: Pivô 112 | C74: Syngenta | D74: Syngenta | E74: Syngenta | F74: Syngenta
A75: Pivô 113
A76: Pivô 114 | C76: Syngenta | D76: Syngenta | E76: Syngenta | G76: Syngenta
A77: Pivô 115
A78: Pivô 116
A79: Pivô 117
A80: Pivô 118
A81: Pivô 119
A82: Pivô 120
A83: Pivô 121
A84: Pivô 122
A85: Pivô 123
A86: Pivô 124
A87: Pivô 125
A88: Pivô 126
... A93: Pivô 133

Sheet 19 09 2022         
A1: Atendimento de irrigação (Imapacto Operacional Interno e Externo) - Semena 19/09/2022
A3: Data | B3: 44823 | C3: =B3+1 -> 44824 | D3: =C3+1 -> 44825 | E3: =D3+1 -> 44826 | F3: =E3+1 -> 44827 | G3: =F3+1 -> 44828 | H3: =G3+1 -> 44829
A4: Pivô | B4: =TEXT(B3,"ddd") -> seg | C4: =TEXT(C3,"ddd") -> ter | D4: =TEXT(D3,"ddd") -> qua | E4: =TEXT(E3,"ddd") -> qui | F4: =TEXT(F3,"ddd") -> sex | G4: =TEXT(G3,"ddd") -> sáb | H4: =TEXT(H3,"ddd") -> dom | J4: Parâmetros | K4: Contagem | L4: Porcentagem | M4: Semana
A5: Pivô 01 | J5: Pulverização | K5: =COUNTIF($B$5:$H$93,J5) -> 3 | L5: =K5/$K$22 -> 0.13636364 | M5: =B3 -> 44823
A6: Pivô 02 | J6: Adubação | K6: =COUNTIF($B$5:$H$93,J6) -> 1 | L6: =K6/$K$22 -> 0.045454545
A7: Pivô 03 | J7: Transplantio | K7: =COUNTIF($B$5:$H$93,J7) -> 0 | L7: =K7/$K$22 -> 0
A8: Pivô 04 | J8: Colheita Tabaco | K8: =COUNTIF($B$5:$H$93,J8) -> 1 | L8: =K8/$K$22 -> 0.045454545
A9: Pivô 05 | J9: Plantio | K9: =COUNTIF($B$5:$H$93,J9) -> 0 | L9: =K9/$K$22 -> 0
A10: Pivô 06 | J10: Erosão/Rastro | K10: =COUNTIF($B$5:$H$93,J10) -> 0 | L10: =K10/$K$22 -> 0
A11: Pivô 07 | J11: Mecânico/Trator | K11: =COUNTIF($B$5:$H$93,J11) -> 0 | L11: =K11/$K$22 -> 0
A12: Pivô 08 | J12: Transporte | K12: =COUNTIF($B$5:$H$93,J12) -> 0 | L12: =K12/$K$22 -> 0
A13: Pivô 09 | J13: Pivô Atolado | K13: =COUNTIF($B$5:$H$93,J13) -> 0 | L13: =K13/$K$22 -> 0
A14: Pivô 10 | J14: Entrega do Produto | K14: =COUNTIF($B$5:$H$93,J14) -> 2 | L14: =K14/$K$22 -> 0.090909091
A15: Pivô 11 | J15: Limpeza e aferições | K15: =COUNTIF($B$5:$H$93,J15) -> 0 | L15: =K15/$K$22 -> 0
A16: Pivô 12 | J16: Falta de Água | K16: =COUNTIF($B$5:$H$93,J16) -> 0 | L16: =K16/$K$22 -> 0
A17: Pivô 13 | J17: Desponte | K17: =COUNTIF($B$5:$H$93,J17) -> 1 | L17: =K17/$K$22 -> 0.045454545
... A21: Pivô 17 | J21: Entupimento | K21: =COUNTIF($B$5:$H$93,J21) -> 0 | L21: =K21/$K$22 -> 0
A22: Pivô 18 | J22: Total | K22: =SUM(K5:K21) -> 22
A23: Pivô 19
A24: Pivô 20
A25: Pivô 21
A26: Pivô 22
A27: Pivô 23 | F27: Pulverização
A28: Pivô 24
A29: Pivô 25
A30: Pivô 26
A31: Pivô 27
A32: Pivô 28
A33: Pivô 29
A34: Pivô 30 | F34: Syngenta
A35: Pivô 31
A36: Pivô 32 | C36: Pulverização | E36: Adubação
A37: Pivô 33 | F37: Pulverização
A38: Pivô 34
A39: Pivô 35
A40: Pivô 36
A41: Pivô 37
A42: Pivô 38
A43: Pivô 39
A44: Pivô 40
A45: Pivô 41
A46: Pivô 42
A47: Pivô 43
A48: Pivô 44
A49: Pivô 45
A50: Pivô 46
A51: Pivô 47 | E51: Desponte
A52: Pivô 48 | D52: Colheita Tabaco
A53: Pivô 49
A54: Pivô 50
A55: Pivô 51
A56: Pivô 52
A57: Pivô 53
A58: Pivô 54
A59: Pivô 55
A60: Pivô 56
A61: Pivô 73
A62: Pivô 74
A63: Pivô 101 | B63: Syngenta | C63: Syngenta | E63: Syngenta | F63: Syngenta
A64: Pivô 102
A65: Pivô 103 | B65: Syngenta | C65: Syngenta | D65: Syngenta | E65: Syngenta | F65: Syngenta
A66: Pivô 104 | D66: Syngenta | E66: Syngenta | F66: Syngenta
A67: Pivô 105
A68: Pivô 106
A69: Pivô 107
A70: Pivô 108
A71: Pivô 109
A72: Pivô 110
A73: Pivô 111
A74: Pivô 112
A75: Pivô 113
A76: Pivô 114 | E76: Syngenta
A77: Pivô 115
A78: Pivô 116
A79: Pivô 117
A80: Pivô 118
A81: Pivô 119
A82: Pivô 120
A83: Pivô 121
A84: Pivô 122
A85: Pivô 123
A86: Pivô 124 | E86: Entrega do Produto
A87: Pivô 125
A88: Pivô 126
A89: Pivô 127
A90: Pivô 128
A91: Pivô 129
A92: Pivô 130
A93: Pivô 133 | E93: Entrega do Produto

Sheet 26 09 2022          
A1: Atendimento de irrigação (Imapacto Operacional Interno e Externo) - Semena 26/09/2022
A3: Data | B3: 44830 | C3: =B3+1 -> 44831 | D3: =C3+1 -> 44832 | E3: =D3+1 -> 44833 | F3: =E3+1 -> 44834 | G3: =F3+1 -> 44835 | H3: =G3+1 -> 44836
A4: Pivô | B4: =TEXT(B3,"ddd") -> seg | C4: =TEXT(C3,"ddd") -> ter | D4: =TEXT(D3,"ddd") -> qua | E4: =TEXT(E3,"ddd") -> qui | F4: =TEXT(F3,"ddd") -> sex | G4: =TEXT(G3,"ddd") -> sáb | H4: =TEXT(H3,"ddd") -> dom | J4: Parâmetros | K4: Contagem | L4: Porcentagem | M4: Semana
A5: Pivô 01 | C5: Pulverização | D5: Adubação | J5: Pulverização | K5: =COUNTIF($B$5:$H$93,J5) -> 5 | L5: =K5/$K$22 -> 0.33333333 | M5: =B3 -> 44830
A6: Pivô 02 | J6: Adubação | K6: =COUNTIF($B$5:$H$93,J6) -> 2 | L6: =K6/$K$22 -> 0.13333333
A7: Pivô 03 | J7: Transplantio | K7: =COUNTIF($B$5:$H$93,J7) -> 1 | L7: =K7/$K$22 -> 0.066666667
A8: Pivô 04 | J8: Colheita Tabaco | K8: =COUNTIF($B$5:$H$93,J8) -> 0 | L8: =K8/$K$22 -> 0
A9: Pivô 05 | J9: Plantio | K9: =COUNTIF($B$5:$H$93,J9) -> 0 | L9: =K9/$K$22 -> 0
A10: Pivô 06 | J10: Erosão/Rastro | K10: =COUNTIF($B$5:$H$93,J10) -> 2 | L10: =K10/$K$22 -> 0.13333333
A11: Pivô 07 | J11: Mecânico/Trator | K11: =COUNTIF($B$5:$H$93,J11) -> 0 | L11: =K11/$K$22 -> 0
A12: Pivô 08 | J12: Transporte | K12: =COUNTIF($B$5:$H$93,J12) -> 0 | L12: =K12/$K$22 -> 0
A13: Pivô 09 | J13: Pivô Atolado | K13: =COUNTIF($B$5:$H$93,J13) -> 0 | L13: =K13/$K$22 -> 0
A14: Pivô 10 | J14: Entrega do Produto | K14: =COUNTIF($B$5:$H$93,J14) -> 2 | L14: =K14/$K$22 -> 0.13333333
A15: Pivô 11 | J15: Limpeza e aferições | K15: =COUNTIF($B$5:$H$93,J15) -> 0 | L15: =K15/$K$22 -> 0
A16: Pivô 12 | J16: Falta de Água | K16: =COUNTIF($B$5:$H$93,J16) -> 0 | L16: =K16/$K$22 -> 0
A17: Pivô 13 | J17: Desponte | K17: =COUNTIF($B$5:$H$93,J17) -> 0 | L17: =K17/$K$22 -> 0
... A21: Pivô 17 | J21: Entupimento | K21: =COUNTIF($B$5:$H$93,J21) -> 1 | L21: =K21/$K$22 -> 0.066666667
A22: Pivô 18 | J22: Total | K22: =SUM(K5:K21) -> 15
A23: Pivô 19 | F23: Erosão/Rastro
A24: Pivô 20
A25: Pivô 21
A26: Pivô 22
A27: Pivô 23 | C27: Pulverização | E27: Entrega do Produto
A28: Pivô 24 | D28: Erosão/Rastro
A29: Pivô 25
A30: Pivô 26
A31: Pivô 27
A32: Pivô 28
A33: Pivô 29
A34: Pivô 30 | H34: Syngenta
A35: Pivô 31 | C35: Syngenta
A36: Pivô 32 | E36: Entrega do Produto
A37: Pivô 33
A38: Pivô 34
A39: Pivô 35
A40: Pivô 36
A41: Pivô 37
A42: Pivô 38
A43: Pivô 39
A44: Pivô 40
A45: Pivô 41
A46: Pivô 42
A47: Pivô 43
A48: Pivô 44
... A50: Pivô 46
A51: Pivô 47 | G51: Entupimento
A52: Pivô 48
A53: Pivô 49
A54: Pivô 50
A55: Pivô 51
A56: Pivô 52
A57: Pivô 53
A58: Pivô 54
A59: Pivô 55 | B59: Transplantio | F59: Pulverização
A60: Pivô 56 | D60: Adubação
A61: Pivô 73
A62: Pivô 74
A63: Pivô 101
A64: Pivô 102
A65: Pivô 103
A66: Pivô 104
A67: Pivô 105
A68: Pivô 106
A69: Pivô 107
A70: Pivô 108
A71: Pivô 109
A72: Pivô 110
A73: Pivô 111
A74: Pivô 112 | F74: Pulverização
A75: Pivô 113
A76: Pivô 114 | F76: Pulverização
A77: Pivô 115
A78: Pivô 116
A79: Pivô 117
A80: Pivô 118
A81: Pivô 119
A82: Pivô 120
A83: Pivô 121
A84: Pivô 122
A85: Pivô 123
A86: Pivô 124
A87: Pivô 125
A88: Pivô 126
... A93: Pivô 133

Sheet 03 10 2022           
A1: Atendimento de irrigação (Imapacto Operacional Interno e Externo) - Semena 03/10/2022
A3: Data | B3: 44837 | C3: =B3+1 -> 44838 | D3: =C3+1 -> 44839 | E3: =D3+1 -> 44840 | F3: =E3+1 -> 44841 | G3: =F3+1 -> 44842 | H3: =G3+1 -> 44843
A4: Pivô | B4: =TEXT(B3,"ddd") -> seg | C4: =TEXT(C3,"ddd") -> ter | D4: =TEXT(D3,"ddd") -> qua | E4: =TEXT(E3,"ddd") -> qui | F4: =TEXT(F3,"ddd") -> sex | G4: =TEXT(G3,"ddd") -> sáb | H4: =TEXT(H3,"ddd") -> dom | J4: Parâmetros | K4: Contagem | L4: Porcentagem | M4: Semana
A5: Pivô 01 | E5: Pulverização | J5: Pulverização | K5: =COUNTIF($B$5:$H$93,J5) -> 6 | L5: =K5/$K$22 -> 0.3 | M5: =B3 -> 44837
A6: Pivô 02 | J6: Adubação | K6: =COUNTIF($B$5:$H$93,J6) -> 1 | L6: =K6/$K$22 -> 0.05
A7: Pivô 03 | J7: Transplantio | K7: =COUNTIF($B$5:$H$93,J7) -> 0 | L7: =K7/$K$22 -> 0
A8: Pivô 04 | J8: Colheita Tabaco | K8: =COUNTIF($B$5:$H$93,J8) -> 1 | L8: =K8/$K$22 -> 0.05
A9: Pivô 05 | J9: Plantio | K9: =COUNTIF($B$5:$H$93,J9) -> 0 | L9: =K9/$K$22 -> 0
A10: Pivô 06 | J10: Erosão/Rastro | K10: =COUNTIF($B$5:$H$93,J10) -> 0 | L10: =K10/$K$22 -> 0
A11: Pivô 07 | J11: Mecânico/Trator | K11: =COUNTIF($B$5:$H$93,J11) -> 1 | L11: =K11/$K$22 -> 0.05
A12: Pivô 08 | J12: Transporte | K12: =COUNTIF($B$5:$H$93,J12) -> 0 | L12: =K12/$K$22 -> 0
A13: Pivô 09 | J13: Pivô Atolado | K13: =COUNTIF($B$5:$H$93,J13) -> 0 | L13: =K13/$K$22 -> 0
A14: Pivô 10 | J14: Entrega do Produto | K14: =COUNTIF($B$5:$H$93,J14) -> 0 | L14: =K14/$K$22 -> 0
A15: Pivô 11 | J15: Limpeza e aferições | K15: =COUNTIF($B$5:$H$93,J15) -> 0 | L15: =K15/$K$22 -> 0
A16: Pivô 12 | J16: Falta de Água | K16: =COUNTIF($B$5:$H$93,J16) -> 5 | L16: =K16/$K$22 -> 0.25
A17: Pivô 13 | J17: Desponte | K17: =COUNTIF($B$5:$H$93,J17) -> 0 | L17: =K17/$K$22 -> 0
... A21: Pivô 17 | J21: Entupimento | K21: =COUNTIF($B$5:$H$93,J21) -> 1 | L21: =K21/$K$22 -> 0.05
A22: Pivô 18 | J22: Total | K22: =SUM(K5:K21) -> 20
A23: Pivô 19
A24: Pivô 20
A25: Pivô 21
A26: Pivô 22
A27: Pivô 23 | B27: Syngenta | C27: Syngenta
A28: Pivô 24
A29: Pivô 25
A30: Pivô 26 | F30: Falta de Água
A31: Pivô 27
A32: Pivô 28 | F32: Falta de Água
A33: Pivô 29
A34: Pivô 30 | B34: Syngenta | C34: Pulverização | F34: Falta de Água
A35: Pivô 31 | F35: Syngenta | G35: Syngenta
A36: Pivô 32 | F36: Falta de Água
A37: Pivô 33 | F37: Falta de Água
A38: Pivô 34
A39: Pivô 35
A40: Pivô 36
A41: Pivô 37
A42: Pivô 38
A43: Pivô 39
A44: Pivô 40
A45: Pivô 41
A46: Pivô 42
A47: Pivô 43
A48: Pivô 44
A49: Pivô 45
A50: Pivô 46
A51: Pivô 47 | E51: Entupimento
A52: Pivô 48
A53: Pivô 49 | D53: Colheita Tabaco
A54: Pivô 50 | C54: Mecânico/Trator
A55: Pivô 51
A56: Pivô 52
A57: Pivô 53 | E57: Pulverização
A58: Pivô 54
A59: Pivô 55 | E59: Pulverização
A60: Pivô 56
A61: Pivô 73
A62: Pivô 74
A63: Pivô 101 | F63: Pulverização
A64: Pivô 102
A65: Pivô 103
A66: Pivô 104
A67: Pivô 105
A68: Pivô 106
A69: Pivô 107
A70: Pivô 108
A71: Pivô 109
A72: Pivô 110
A73: Pivô 111
A74: Pivô 112
A75: Pivô 113
A76: Pivô 114 | D76: Adubação | F76: Pulverização
A77: Pivô 115
A78: Pivô 116
A79: Pivô 117
A80: Pivô 118
A81: Pivô 119
A82: Pivô 120
A83: Pivô 121
A84: Pivô 122
A85: Pivô 123
A86: Pivô 124
A87: Pivô 125
A88: Pivô 126
... A93: Pivô 133

Sheet 10 10 2022            
A1: Atendimento de irrigação (Imapacto Operacional Interno e Externo) - Semena 10/10/2022
A3: Data | B3: 44844 | C3: =B3+1 -> 44845 | D3: =C3+1 -> 44846 | E3: =D3+1 -> 44847 | F3: =E3+1 -> 44848 | G3: =F3+1 -> 44849 | H3: =G3+1 -> 44850
A4: Pivô | B4: =TEXT(B3,"ddd") -> seg | C4: =TEXT(C3,"ddd") -> ter | D4: =TEXT(D3,"ddd") -> qua | E4: =TEXT(E3,"ddd") -> qui | F4: =TEXT(F3,"ddd") -> sex | G4: =TEXT(G3,"ddd") -> sáb | H4: =TEXT(H3,"ddd") -> dom | J4: Parâmetros | K4: Contagem | L4: Porcentagem | M4: Semana
A5: Pivô 01 | J5: Pulverização | K5: =COUNTIF($B$5:$H$93,J5) -> 3 | L5: =K5/$K$22 -> 0.088235294 | M5: =B3 -> 44844
A6: Pivô 02 | J6: Adubação | K6: =COUNTIF($B$5:$H$93,J6) -> 0 | L6: =K6/$K$22 -> 0
A7: Pivô 03 | J7: Transplantio | K7: =COUNTIF($B$5:$H$93,J7) -> 0 | L7: =K7/$K$22 -> 0
A8: Pivô 04 | J8: Colheita Tabaco | K8: =COUNTIF($B$5:$H$93,J8) -> 2 | L8: =K8/$K$22 -> 0.058823529
A9: Pivô 05 | H9: Falta de Água | J9: Plantio | K9: =COUNTIF($B$5:$H$93,J9) -> 0 | L9: =K9/$K$22 -> 0
A10: Pivô 06 | H10: Falta de Água | J10: Erosão/Rastro | K10: =COUNTIF($B$5:$H$93,J10) -> 2 | L10: =K10/$K$22 -> 0.058823529
A11: Pivô 07 | H11: Falta de Água | J11: Mecânico/Trator | K11: =COUNTIF($B$5:$H$93,J11) -> 0 | L11: =K11/$K$22 -> 0
A12: Pivô 08 | J12: Transporte | K12: =COUNTIF($B$5:$H$93,J12) -> 0 | L12: =K12/$K$22 -> 0
A13: Pivô 09 | J13: Pivô Atolado | K13: =COUNTIF($B$5:$H$93,J13) -> 1 | L13: =K13/$K$22 -> 0.029411765
A14: Pivô 10 | J14: Entrega do Produto | K14: =COUNTIF($B$5:$H$93,J14) -> 0 | L14: =K14/$K$22 -> 0
A15: Pivô 11 | J15: Limpeza e aferições | K15: =COUNTIF($B$5:$H$93,J15) -> 0 | L15: =K15/$K$22 -> 0
A16: Pivô 12 | J16: Falta de Água | K16: =COUNTIF($B$5:$H$93,J16) -> 16 | L16: =K16/$K$22 -> 0.47058824
A17: Pivô 13 | J17: Desponte | K17: =COUNTIF($B$5:$H$93,J17) -> 1 | L17: =K17/$K$22 -> 0.029411765
A18: Pivô 14 | H18: Falta de Água | J18: Gerador | K18: =COUNTIF($B$5:$H$93,J18) -> 0 | L18: =K18/$K$22 -> 0
A19: Pivô 15 | J19: Injeferd | K19: =COUNTIF($B$5:$H$93,J19) -> 0 | L19: =K19/$K$22 -> 0
A20: Pivô 16 | J20: Syngenta | K20: =COUNTIF($B$5:$H$93,J20) -> 9 | L20: =K20/$K$22 -> 0.26470588
A21: Pivô 17 | J21: Entupimento | K21: =COUNTIF($B$5:$H$93,J21) -> 0 | L21: =K21/$K$22 -> 0
A22: Pivô 18 | J22: Total | K22: =SUM(K5:K21) -> 34
A23: Pivô 19
A24: Pivô 20
A25: Pivô 21
A26: Pivô 22
A27: Pivô 23 | C27: Syngenta | D27: Syngenta
A28: Pivô 24 | B28: Pulverização | F28: Syngenta
A29: Pivô 25
A30: Pivô 26 | C30: Syngenta | D30: Syngenta | F30: Syngenta | H30: Falta de Água
A31: Pivô 27 | H31: Falta de Água
A32: Pivô 28 | H32: Falta de Água
A33: Pivô 29
A34: Pivô 30 | C34: Syngenta | H34: Falta de Água
A35: Pivô 31 | G35: Syngenta | H35: Falta de Água
A36: Pivô 32 | F36: Pivô Atolado
A37: Pivô 33
A38: Pivô 34
A39: Pivô 35
A40: Pivô 36
A41: Pivô 37
A42: Pivô 38
A43: Pivô 39
A44: Pivô 40
A45: Pivô 41
A46: Pivô 42
A47: Pivô 43 | D47: Pulverização | H47: Syngenta
A48: Pivô 44 | B48: Erosão/Rastro | C48: Erosão/Rastro
A49: Pivô 45
A50: Pivô 46
A51: Pivô 47
A52: Pivô 48 | D52: Colheita Tabaco
A53: Pivô 49 | D53: Colheita Tabaco
A54: Pivô 50
A55: Pivô 51
A56: Pivô 52 | D56: Desponte
A57: Pivô 53
A58: Pivô 54
A59: Pivô 55 | C59: Pulverização
A60: Pivô 56
A61: Pivô 73
A62: Pivô 74
A63: Pivô 101 | C63: Falta de Água | G63: Falta de Água | H63: Falta de Água
A64: Pivô 102
A65: Pivô 103 | C65: Falta de Água | F65: Falta de Água | H65: Falta de Água
A66: Pivô 104 | E66: Falta de Água
A67: Pivô 105
A68: Pivô 106
A69: Pivô 107
A70: Pivô 108
A71: Pivô 109
A72: Pivô 110
A73: Pivô 111
A74: Pivô 112
A75: Pivô 113
A76: Pivô 114
A77: Pivô 115
A78: Pivô 116
... A93: Pivô 133

Sheet 17 10 2022           
A1: Atendimento de irrigação (Imapacto Operacional Interno e Externo) - Semena 17/10/2022
A3: Data | B3: 44851 | C3: =B3+1 -> 44852 | D3: =C3+1 -> 44853 | E3: =D3+1 -> 44854 | F3: =E3+1 -> 44855 | G3: =F3+1 -> 44856 | H3: =G3+1 -> 44857
A4: Pivô | B4: =TEXT(B3,"ddd") -> seg | C4: =TEXT(C3,"ddd") -> ter | D4: =TEXT(D3,"ddd") -> qua | E4: =TEXT(E3,"ddd") -> qui | F4: =TEXT(F3,"ddd") -> sex | G4: =TEXT(G3,"ddd") -> sáb | H4: =TEXT(H3,"ddd") -> dom | J4: Parâmetros | K4: Contagem | L4: Porcentagem | M4: Semana
A5: Pivô 01 | J5: Pulverização | K5: =COUNTIF($B$5:$H$93,J5) -> 0 | L5: =K5/$K$22 -> 0 | M5: =B3 -> 44851
A6: Pivô 02 | J6: Adubação | K6: =COUNTIF($B$5:$H$93,J6) -> 1 | L6: =K6/$K$22 -> 0.03030303
A7: Pivô 03 | J7: Transplantio | K7: =COUNTIF($B$5:$H$93,J7) -> 0 | L7: =K7/$K$22 -> 0
A8: Pivô 04 | J8: Colheita Tabaco | K8: =COUNTIF($B$5:$H$93,J8) -> 3 | L8: =K8/$K$22 -> 0.090909091
A9: Pivô 05 | J9: Plantio | K9: =COUNTIF($B$5:$H$93,J9) -> 0 | L9: =K9/$K$22 -> 0
A10: Pivô 06 | J10: Erosão/Rastro | K10: =COUNTIF($B$5:$H$93,J10) -> 2 | L10: =K10/$K$22 -> 0.060606061
A11: Pivô 07 | J11: Mecânico/Trator | K11: =COUNTIF($B$5:$H$93,J11) -> 0 | L11: =K11/$K$22 -> 0
A12: Pivô 08 | J12: Transporte | K12: =COUNTIF($B$5:$H$93,J12) -> 0 | L12: =K12/$K$22 -> 0
A13: Pivô 09 | J13: Pivô Atolado | K13: =COUNTIF($B$5:$H$93,J13) -> 0 | L13: =K13/$K$22 -> 0
A14: Pivô 10 | J14: Entrega do Produto | K14: =COUNTIF($B$5:$H$93,J14) -> 5 | L14: =K14/$K$22 -> 0.15151515
A15: Pivô 11 | J15: Limpeza e aferições | K15: =COUNTIF($B$5:$H$93,J15) -> 0 | L15: =K15/$K$22 -> 0
A16: Pivô 12 | J16: Falta de Água | K16: =COUNTIF($B$5:$H$93,J16) -> 14 | L16: =K16/$K$22 -> 0.42424242
A17: Pivô 13 | J17: Desponte | K17: =COUNTIF($B$5:$H$93,J17) -> 0 | L17: =K17/$K$22 -> 0
A18: Pivô 14 | E18: Falta de Água | J18: Gerador | K18: =COUNTIF($B$5:$H$93,J18) -> 0 | L18: =K18/$K$22 -> 0
A19: Pivô 15 | J19: Injeferd | K19: =COUNTIF($B$5:$H$93,J19) -> 0 | L19: =K19/$K$22 -> 0
A20: Pivô 16 | J20: Syngenta | K20: =COUNTIF($B$5:$H$93,J20) -> 8 | L20: =K20/$K$22 -> 0.24242424
A21: Pivô 17 | J21: Entupimento | K21: =COUNTIF($B$5:$H$93,J21) -> 0 | L21: =K21/$K$22 -> 0
A22: Pivô 18 | J22: Total | K22: =SUM(K5:K21) -> 33
A23: Pivô 19 | D23: Erosão/Rastro | E23: Erosão/Rastro
A24: Pivô 20
A25: Pivô 21
A26: Pivô 22 | F26: Adubação
A27: Pivô 23 | E27: Falta de Água
A28: Pivô 24 | C28: Syngenta | D28: Syngenta
A29: Pivô 25
A30: Pivô 26 | B30: Syngenta
A31: Pivô 27
A32: Pivô 28
A33: Pivô 29
A34: Pivô 30 | B34: Entrega do Produto | D34: Syngenta | E34: Falta de Água
A35: Pivô 31
A36: Pivô 32
A37: Pivô 33 | B37: Syngenta | E37: Falta de Água
A38: Pivô 34
A39: Pivô 35
A40: Pivô 36
A41: Pivô 37
A42: Pivô 38
A43: Pivô 39
A44: Pivô 40
A45: Pivô 41
A46: Pivô 42
A47: Pivô 43 | B47: Syngenta | C47: Syngenta | H47: Syngenta
A48: Pivô 44
A49: Pivô 45 | D49: Entrega do Produto
A50: Pivô 46 | G50: Colheita Tabaco
A51: Pivô 47
A52: Pivô 48 | C52: Colheita Tabaco | D52: Colheita Tabaco
A53: Pivô 49
A54: Pivô 50 | B54: Entrega do Produto
A55: Pivô 51
A56: Pivô 52
A57: Pivô 53
A58: Pivô 54 | B58: Entrega do Produto
A59: Pivô 55
A60: Pivô 56
A61: Pivô 73
A62: Pivô 74
A63: Pivô 101 | C63: Falta de Água | F63: Falta de Água
A64: Pivô 102
A65: Pivô 103 | B65: Falta de Água | C65: Falta de Água | H65: Falta de Água
A66: Pivô 104 | B66: Falta de Água | C66: Falta de Água | F66: Falta de Água
A67: Pivô 105
A68: Pivô 106
A69: Pivô 107
A70: Pivô 108
A71: Pivô 109
A72: Pivô 110
A73: Pivô 111
A74: Pivô 112 | C74: Falta de Água
A75: Pivô 113
A76: Pivô 114 | C76: Falta de Água
A77: Pivô 115
A78: Pivô 116
A79: Pivô 117
A80: Pivô 118
A81: Pivô 119
A82: Pivô 120
A83: Pivô 121 | C83: Entrega do Produto
A84: Pivô 122
A85: Pivô 123
A86: Pivô 124
A87: Pivô 125
A88: Pivô 126
A89: Pivô 127
A90: Pivô 128
A91: Pivô 129
A92: Pivô 130
A93: Pivô 133

Sheet 24 10 2022
A1: Atendimento de irrigação (Imapacto Operacional Interno e Externo) - Semena 24/10/2022
A3: Data | B3: 44858 | C3: =B3+1 -> 44859 | D3: =C3+1 -> 44860 | E3: =D3+1 -> 44861 | F3: =E3+1 -> 44862 | G3: =F3+1 -> 44863 | H3: =G3+1 -> 44864
A4: Pivô | B4: =TEXT(B3,"ddd") -> seg | C4: =TEXT(C3,"ddd") -> ter | D4: =TEXT(D3,"ddd") -> qua | E4: =TEXT(E3,"ddd") -> qui | F4: =TEXT(F3,"ddd") -> sex | G4: =TEXT(G3,"ddd") -> sáb | H4: =TEXT(H3,"ddd") -> dom | J4: Parâmetros | K4: Contagem | L4: Porcentagem | M4: Semana
A5: Pivô 01 | J5: Pulverização | K5: =COUNTIF($B$5:$H$93,J5) -> 1 | L5: =K5/$K$22 -> 0.043478261 | M5: =B3 -> 44858
A6: Pivô 02 | J6: Adubação | K6: =COUNTIF($B$5:$H$93,J6) -> 5 | L6: =K6/$K$22 -> 0.2173913
A7: Pivô 03 | E7: Adubação | J7: Transplantio | K7: =COUNTIF($B$5:$H$93,J7) -> 0 | L7: =K7/$K$22 -> 0
A8: Pivô 04 | J8: Colheita Tabaco | K8: =COUNTIF($B$5:$H$93,J8) -> 1 | L8: =K8/$K$22 -> 0.043478261
A9: Pivô 05 | J9: Plantio | K9: =COUNTIF($B$5:$H$93,J9) -> 0 | L9: =K9/$K$22 -> 0
A10: Pivô 06 | J10: Erosão/Rastro | K10: =COUNTIF($B$5:$H$93,J10) -> 0 | L10: =K10/$K$22 -> 0
A11: Pivô 07 | J11: Mecânico/Trator | K11: =COUNTIF($B$5:$H$93,J11) -> 0 | L11: =K11/$K$22 -> 0
A12: Pivô 08 | J12: Transporte | K12: =COUNTIF($B$5:$H$93,J12) -> 0 | L12: =K12/$K$22 -> 0
A13: Pivô 09 | J13: Pivô Atolado | K13: =COUNTIF($B$5:$H$93,J13) -> 0 | L13: =K13/$K$22 -> 0
A14: Pivô 10 | J14: Entrega do Produto | K14: =COUNTIF($B$5:$H$93,J14) -> 3 | L14: =K14/$K$22 -> 0.13043478
A15: Pivô 11 | J15: Limpeza e aferições | K15: =COUNTIF($B$5:$H$93,J15) -> 0 | L15: =K15/$K$22 -> 0
A16: Pivô 12 | J16: Falta de Água | K16: =COUNTIF($B$5:$H$93,J16) -> 7 | L16: =K16/$K$22 -> 0.30434783
A17: Pivô 13 | J17: Desponte | K17: =COUNTIF($B$5:$H$93,J17) -> 0 | L17: =K17/$K$22 -> 0
A18: Pivô 14 | J18: Gerador | K18: =COUNTIF($B$5:$H$93,J18) -> 0 | L18: =K18/$K$22 -> 0
A19: Pivô 15 | J19: Injeferd | K19: =COUNTIF($B$5:$H$93,J19) -> 0 | L19: =K19/$K$22 -> 0
... A21: Pivô 17 | J21: Entupimento | K21: =COUNTIF($B$5:$H$93,J21) -> 0 | L21: =K21/$K$22 -> 0
A22: Pivô 18 | J22: Total | K22: =SUM(K5:K21) -> 23
A23: Pivô 19
A24: Pivô 20
A25: Pivô 21
A26: Pivô 22
A27: Pivô 23 | E27: Falta de Água
A28: Pivô 24
A29: Pivô 25
A30: Pivô 26 | E30: Falta de Água
A31: Pivô 27
A32: Pivô 28 | B32: Entrega do Produto
A33: Pivô 29
A34: Pivô 30 | E34: Falta de Água
A35: Pivô 31 | E35: Syngenta
A36: Pivô 32 | B36: Entrega do Produto | E36: Falta de Água | H36: Syngenta
A37: Pivô 33 | E37: Syngenta | F37: Syngenta
A38: Pivô 34
A39: Pivô 35
A40: Pivô 36
A41: Pivô 37
A42: Pivô 38 | E42: Pulverização
A43: Pivô 39
A44: Pivô 40
A45: Pivô 41
A46: Pivô 42
A47: Pivô 43 | E47: Syngenta | F47: Syngenta
A48: Pivô 44
A49: Pivô 45
A50: Pivô 46
A51: Pivô 47 | D51: Colheita Tabaco
A52: Pivô 48
A53: Pivô 49
A54: Pivô 50 | B54: Entrega do Produto
A55: Pivô 51
A56: Pivô 52
A57: Pivô 53
A58: Pivô 54
A59: Pivô 55
A60: Pivô 56 | D60: Adubação
A61: Pivô 73
A62: Pivô 74
A63: Pivô 101 | B63: Falta de Água
A64: Pivô 102
A65: Pivô 103
A66: Pivô 104 | B66: Falta de Água | D66: Falta de Água
A67: Pivô 105
A68: Pivô 106 | F68: Adubação
A69: Pivô 107 | F69: Adubação
A70: Pivô 108 | F70: Adubação
A71: Pivô 109
A72: Pivô 110
A73: Pivô 111
A74: Pivô 112
A75: Pivô 113
A76: Pivô 114
A77: Pivô 115
A78: Pivô 116
A79: Pivô 117
A80: Pivô 118
A81: Pivô 119
A82: Pivô 120
... A93: Pivô 133

Sheet 31 10 2022
A1: Atendimento de irrigação (Imapacto Operacional Interno e Externo) - Semena 31/10/2022
A3: Data | B3: 44865 | C3: =B3+1 -> 44866 | D3: =C3+1 -> 44867 | E3: =D3+1 -> 44868 | F3: =E3+1 -> 44869 | G3: =F3+1 -> 44870 | H3: =G3+1 -> 44871
A4: Pivô | B4: =TEXT(B3,"ddd") -> seg | C4: =TEXT(C3,"ddd") -> ter | D4: =TEXT(D3,"ddd") -> qua | E4: =TEXT(E3,"ddd") -> qui | F4: =TEXT(F3,"ddd") -> sex | G4: =TEXT(G3,"ddd") -> sáb | H4: =TEXT(H3,"ddd") -> dom | J4: Parâmetros | K4: Contagem | L4: Porcentagem | M4: Semana
A5: Pivô 01 | C5: Syngenta | J5: Pulverização | K5: =COUNTIF($B$5:$H$93,J5) -> 4 | L5: =K5/$K$22 -> 0.66666667 | M5: =B3 -> 44865
A6: Pivô 02 | J6: Adubação | K6: =COUNTIF($B$5:$H$93,J6) -> 0 | L6: =K6/$K$22 -> 0
A7: Pivô 03 | J7: Transplantio | K7: =COUNTIF($B$5:$H$93,J7) -> 0 | L7: =K7/$K$22 -> 0
A8: Pivô 04 | J8: Colheita Tabaco | K8: =COUNTIF($B$5:$H$93,J8) -> 0 | L8: =K8/$K$22 -> 0
A9: Pivô 05 | J9: Plantio | K9: =COUNTIF($B$5:$H$93,J9) -> 0 | L9: =K9/$K$22 -> 0
A10: Pivô 06 | J10: Erosão/Rastro | K10: =COUNTIF($B$5:$H$93,J10) -> 0 | L10: =K10/$K$22 -> 0
A11: Pivô 07 | J11: Mecânico/Trator | K11: =COUNTIF($B$5:$H$93,J11) -> 0 | L11: =K11/$K$22 -> 0
A12: Pivô 08 | H12: Pulverização | J12: Transporte | K12: =COUNTIF($B$5:$H$93,J12) -> 0 | L12: =K12/$K$22 -> 0
A13: Pivô 09 | H13: Pulverização | J13: Pivô Atolado | K13: =COUNTIF($B$5:$H$93,J13) -> 0 | L13: =K13/$K$22 -> 0
A14: Pivô 10 | J14: Entrega do Produto | K14: =COUNTIF($B$5:$H$93,J14) -> 0 | L14: =K14/$K$22 -> 0
A15: Pivô 11 | J15: Limpeza e aferições | K15: =COUNTIF($B$5:$H$93,J15) -> 0 | L15: =K15/$K$22 -> 0
A16: Pivô 12 | J16: Falta de Água | K16: =COUNTIF($B$5:$H$93,J16) -> 0 | L16: =K16/$K$22 -> 0
A17: Pivô 13 | J17: Desponte | K17: =COUNTIF($B$5:$H$93,J17) -> 0 | L17: =K17/$K$22 -> 0
A18: Pivô 14 | J18: Gerador | K18: =COUNTIF($B$5:$H$93,J18) -> 0 | L18: =K18/$K$22 -> 0
A19: Pivô 15 | J19: Injeferd | K19: =COUNTIF($B$5:$H$93,J19) -> 0 | L19: =K19/$K$22 -> 0
A20: Pivô 16 | J20: Syngenta | K20: =COUNTIF($B$5:$H$93,J20) -> 2 | L20: =K20/$K$22 -> 0.33333333
A21: Pivô 17 | J21: Entupimento | K21: =COUNTIF($B$5:$H$93,J21) -> 0 | L21: =K21/$K$22 -> 0
A22: Pivô 18 | J22: Total | K22: =SUM(K5:K21) -> 6
A23: Pivô 19
A24: Pivô 20
A25: Pivô 21
A26: Pivô 22
A27: Pivô 23
A28: Pivô 24
A29: Pivô 25
A30: Pivô 26
A31: Pivô 27
A32: Pivô 28
A33: Pivô 29
A34: Pivô 30
A35: Pivô 31
A36: Pivô 32 | B36: Syngenta
A37: Pivô 33
A38: Pivô 34
A39: Pivô 35
A40: Pivô 36
A41: Pivô 37
A42: Pivô 38
A43: Pivô 39
A44: Pivô 40
A45: Pivô 41
A46: Pivô 42
A47: Pivô 43
A48: Pivô 44
... A69: Pivô 107
A70: Pivô 108 | H70: Pulverização
A71: Pivô 109
A72: Pivô 110
A73: Pivô 111
A74: Pivô 112
A75: Pivô 113
A76: Pivô 114
A77: Pivô 115
A78: Pivô 116
A79: Pivô 117
A80: Pivô 118
A81: Pivô 119
A82: Pivô 120
... A87: Pivô 125
A88: Pivô 126 | H88: Pulverização
A89: Pivô 127
A90: Pivô 128
A91: Pivô 129
A92: Pivô 130
A93: Pivô 133

Sheet 07 11 2022
A1: Atendimento de irrigação (Imapacto Operacional Interno e Externo) - Semena 07/11/2022
A3: Data | B3: 44872 | C3: =B3+1 -> 44873 | D3: =C3+1 -> 44874 | E3: =D3+1 -> 44875 | F3: =E3+1 -> 44876 | G3: =F3+1 -> 44877 | H3: =G3+1 -> 44878
A4: Pivô | B4: =TEXT(B3,"ddd") -> seg | C4: =TEXT(C3,"ddd") -> ter | D4: =TEXT(D3,"ddd") -> qua | E4: =TEXT(E3,"ddd") -> qui | F4: =TEXT(F3,"ddd") -> sex | G4: =TEXT(G3,"ddd") -> sáb | H4: =TEXT(H3,"ddd") -> dom | J4: Parâmetros | K4: Contagem | L4: Porcentagem | M4: Semana
A5: Pivô 01 | J5: Pulverização | K5: =COUNTIF($B$5:$H$93,J5) -> 0 | L5: =K5/$K$22 -> 0 | M5: =B3 -> 44872
A6: Pivô 02 | J6: Adubação | K6: =COUNTIF($B$5:$H$93,J6) -> 0 | L6: =K6/$K$22 -> 0
A7: Pivô 03 | J7: Transplantio | K7: =COUNTIF($B$5:$H$93,J7) -> 0 | L7: =K7/$K$22 -> 0
A8: Pivô 04 | J8: Colheita Tabaco | K8: =COUNTIF($B$5:$H$93,J8) -> 0 | L8: =K8/$K$22 -> 0
A9: Pivô 05 | J9: Plantio | K9: =COUNTIF($B$5:$H$93,J9) -> 0 | L9: =K9/$K$22 -> 0
A10: Pivô 06 | J10: Erosão/Rastro | K10: =COUNTIF($B$5:$H$93,J10) -> 5 | L10: =K10/$K$22 -> 0.38461538
A11: Pivô 07 | J11: Mecânico/Trator | K11: =COUNTIF($B$5:$H$93,J11) -> 0 | L11: =K11/$K$22 -> 0
A12: Pivô 08 | J12: Transporte | K12: =COUNTIF($B$5:$H$93,J12) -> 0 | L12: =K12/$K$22 -> 0
A13: Pivô 09 | J13: Pivô Atolado | K13: =COUNTIF($B$5:$H$93,J13) -> 1 | L13: =K13/$K$22 -> 0.076923077
A14: Pivô 10 | J14: Entrega do Produto | K14: =COUNTIF($B$5:$H$93,J14) -> 2 | L14: =K14/$K$22 -> 0.15384615
A15: Pivô 11 | J15: Limpeza e aferições | K15: =COUNTIF($B$5:$H$93,J15) -> 0 | L15: =K15/$K$22 -> 0
A16: Pivô 12 | J16: Falta de Água | K16: =COUNTIF($B$5:$H$93,J16) -> 2 | L16: =K16/$K$22 -> 0.15384615
A17: Pivô 13 | J17: Desponte | K17: =COUNTIF($B$5:$H$93,J17) -> 1 | L17: =K17/$K$22 -> 0.076923077
... A21: Pivô 17 | J21: Entupimento | K21: =COUNTIF($B$5:$H$93,J21) -> 0 | L21: =K21/$K$22 -> 0
A22: Pivô 18 | J22: Total | K22: =SUM(K5:K21) -> 13
A23: Pivô 19
A24: Pivô 20
A25: Pivô 21
A26: Pivô 22
A27: Pivô 23 | B27: Falta de Água
A28: Pivô 24
A29: Pivô 25
A30: Pivô 26
A31: Pivô 27
A32: Pivô 28
A33: Pivô 29
A34: Pivô 30
A35: Pivô 31 | B35: Falta de Água
A36: Pivô 32 | B36: Erosão/Rastro | C36: Pivô Atolado | D36: Erosão/Rastro | E36: Erosão/Rastro | F36: Erosão/Rastro | G36: Erosão/Rastro
A37: Pivô 33
A38: Pivô 34
A39: Pivô 35
A40: Pivô 36
A41: Pivô 37
A42: Pivô 38
A43: Pivô 39
A44: Pivô 40
A45: Pivô 41
A46: Pivô 42
A47: Pivô 43 | B47: Syngenta | C47: Syngenta
A48: Pivô 44
A49: Pivô 45
A50: Pivô 46
A51: Pivô 47
A52: Pivô 48
A53: Pivô 49
A54: Pivô 50 | E54: Desponte
A55: Pivô 51
A56: Pivô 52
A57: Pivô 53
A58: Pivô 54 | C58: Entrega do Produto
A59: Pivô 55
A60: Pivô 56
A61: Pivô 73
A62: Pivô 74
A63: Pivô 101
A64: Pivô 102
A65: Pivô 103
A66: Pivô 104
A67: Pivô 105
A68: Pivô 106
A69: Pivô 107
A70: Pivô 108
A71: Pivô 109
A72: Pivô 110 | C72: Entrega do Produto
A73: Pivô 111
A74: Pivô 112
A75: Pivô 113
A76: Pivô 114
A77: Pivô 115
A78: Pivô 116
A79: Pivô 117
A80: Pivô 118
A81: Pivô 119
A82: Pivô 120
A83: Pivô 121
A84: Pivô 122
... A93: Pivô 133

Sheet 14 11 2022
A1: Atendimento de irrigação (Imapacto Operacional Interno e Externo) - Semena 14/11/2022
A3: Data | B3: 44879 | C3: =B3+1 -> 44880 | D3: =C3+1 -> 44881 | E3: =D3+1 -> 44882 | F3: =E3+1 -> 44883 | G3: =F3+1 -> 44884 | H3: =G3+1 -> 44885
A4: Pivô | B4: =TEXT(B3,"ddd") -> seg | C4: =TEXT(C3,"ddd") -> ter | D4: =TEXT(D3,"ddd") -> qua | E4: =TEXT(E3,"ddd") -> qui | F4: =TEXT(F3,"ddd") -> sex | G4: =TEXT(G3,"ddd") -> sáb | H4: =TEXT(H3,"ddd") -> dom | J4: Parâmetros | K4: Contagem | L4: Porcentagem | M4: Semana
A5: Pivô 01 | B5: Pivô Atolado | J5: Pulverização | K5: =COUNTIF($B$5:$H$93,J5) -> 0 | L5: =K5/$K$22 -> 0 | M5: =B3 -> 44879
A6: Pivô 02 | J6: Adubação | K6: =COUNTIF($B$5:$H$93,J6) -> 0 | L6: =K6/$K$22 -> 0
A7: Pivô 03 | J7: Transplantio | K7: =COUNTIF($B$5:$H$93,J7) -> 0 | L7: =K7/$K$22 -> 0
A8: Pivô 04 | J8: Colheita Tabaco | K8: =COUNTIF($B$5:$H$93,J8) -> 0 | L8: =K8/$K$22 -> 0
A9: Pivô 05 | J9: Plantio | K9: =COUNTIF($B$5:$H$93,J9) -> 0 | L9: =K9/$K$22 -> 0
A10: Pivô 06 | J10: Erosão/Rastro | K10: =COUNTIF($B$5:$H$93,J10) -> 1 | L10: =K10/$K$22 -> 0.5
A11: Pivô 07 | J11: Mecânico/Trator | K11: =COUNTIF($B$5:$H$93,J11) -> 0 | L11: =K11/$K$22 -> 0
A12: Pivô 08 | J12: Transporte | K12: =COUNTIF($B$5:$H$93,J12) -> 0 | L12: =K12/$K$22 -> 0
A13: Pivô 09 | J13: Pivô Atolado | K13: =COUNTIF($B$5:$H$93,J13) -> 1 | L13: =K13/$K$22 -> 0.5
A14: Pivô 10 | J14: Entrega do Produto | K14: =COUNTIF($B$5:$H$93,J14) -> 0 | L14: =K14/$K$22 -> 0
A15: Pivô 11 | J15: Limpeza e aferições | K15: =COUNTIF($B$5:$H$93,J15) -> 0 | L15: =K15/$K$22 -> 0
A16: Pivô 12 | J16: Falta de Água | K16: =COUNTIF($B$5:$H$93,J16) -> 0 | L16: =K16/$K$22 -> 0
A17: Pivô 13 | J17: Desponte | K17: =COUNTIF($B$5:$H$93,J17) -> 0 | L17: =K17/$K$22 -> 0
... A21: Pivô 17 | J21: Entupimento | K21: =COUNTIF($B$5:$H$93,J21) -> 0 | L21: =K21/$K$22 -> 0
A22: Pivô 18 | J22: Total | K22: =SUM(K5:K21) -> 2
A23: Pivô 19
A24: Pivô 20
A25: Pivô 21
A26: Pivô 22
A27: Pivô 23
A28: Pivô 24
A29: Pivô 25
A30: Pivô 26
A31: Pivô 27
A32: Pivô 28
A33: Pivô 29
A34: Pivô 30
A35: Pivô 31
A36: Pivô 32 | B36: Erosão/Rastro
A37: Pivô 33
A38: Pivô 34
A39: Pivô 35
A40: Pivô 36
A41: Pivô 37
A42: Pivô 38
A43: Pivô 39
A44: Pivô 40
A45: Pivô 41
A46: Pivô 42
A47: Pivô 43
A48: Pivô 44
... A93: Pivô 133

Sheet 28 11 2022
A1: Atendimento de irrigação (Imapacto Operacional Interno e Externo) - Semena 14/11/2022
A3: Data | B3: 44893 | C3: =B3+1 -> 44894 | D3: =C3+1 -> 44895 | E3: =D3+1 -> 44896 | F3: =E3+1 -> 44897 | G3: =F3+1 -> 44898 | H3: =G3+1 -> 44899
A4: Pivô | B4: =TEXT(B3,"ddd") -> seg | C4: =TEXT(C3,"ddd") -> ter | D4: =TEXT(D3,"ddd") -> qua | E4: =TEXT(E3,"ddd") -> qui | F4: =TEXT(F3,"ddd") -> sex | G4: =TEXT(G3,"ddd") -> sáb | H4: =TEXT(H3,"ddd") -> dom | J4: Parâmetros | K4: Contagem | L4: Porcentagem | M4: Semana
A5: Pivô 01 | F5: Pivô Atolado | J5: Pulverização | K5: =COUNTIF($B$5:$H$93,J5) -> 0 | L5: =K5/$K$22 -> 0 | M5: =B3 -> 44893
A6: Pivô 02 | J6: Adubação | K6: =COUNTIF($B$5:$H$93,J6) -> 0 | L6: =K6/$K$22 -> 0
A7: Pivô 03 | J7: Transplantio | K7: =COUNTIF($B$5:$H$93,J7) -> 0 | L7: =K7/$K$22 -> 0
A8: Pivô 04 | J8: Colheita Tabaco | K8: =COUNTIF($B$5:$H$93,J8) -> 0 | L8: =K8/$K$22 -> 0
A9: Pivô 05 | J9: Plantio | K9: =COUNTIF($B$5:$H$93,J9) -> 0 | L9: =K9/$K$22 -> 0
A10: Pivô 06 | J10: Erosão/Rastro | K10: =COUNTIF($B$5:$H$93,J10) -> 0 | L10: =K10/$K$22 -> 0
A11: Pivô 07 | J11: Mecânico/Trator | K11: =COUNTIF($B$5:$H$93,J11) -> 0 | L11: =K11/$K$22 -> 0
A12: Pivô 08 | J12: Transporte | K12: =COUNTIF($B$5:$H$93,J12) -> 0 | L12: =K12/$K$22 -> 0
A13: Pivô 09 | J13: Pivô Atolado | K13: =COUNTIF($B$5:$H$93,J13) -> 1 | L13: =K13/$K$22 -> 0.5
A14: Pivô 10 | J14: Entrega do Produto | K14: =COUNTIF($B$5:$H$93,J14) -> 1 | L14: =K14/$K$22 -> 0.5
A15: Pivô 11 | J15: Limpeza e aferições | K15: =COUNTIF($B$5:$H$93,J15) -> 0 | L15: =K15/$K$22 -> 0
A16: Pivô 12 | J16: Falta de Água | K16: =COUNTIF($B$5:$H$93,J16) -> 0 | L16: =K16/$K$22 -> 0
A17: Pivô 13 | J17: Desponte | K17: =COUNTIF($B$5:$H$93,J17) -> 0 | L17: =K17/$K$22 -> 0
... A21: Pivô 17 | J21: Entupimento | K21: =COUNTIF($B$5:$H$93,J21) -> 0 | L21: =K21/$K$22 -> 0
A22: Pivô 18 | J22: Total | K22: =SUM(K5:K21) -> 2
A23: Pivô 19
A24: Pivô 20
A25: Pivô 21
A26: Pivô 22
A27: Pivô 23
A28: Pivô 24
A29: Pivô 25
A30: Pivô 26
A31: Pivô 27
A32: Pivô 28
A33: Pivô 29 | F33: Entrega do Produto
A34: Pivô 30
A35: Pivô 31
A36: Pivô 32
A37: Pivô 33
A38: Pivô 34
A39: Pivô 35
A40: Pivô 36
A41: Pivô 37
A42: Pivô 38
A43: Pivô 39
A44: Pivô 40
A45: Pivô 41
... A93: Pivô 133

Sheet 05 12 2022
A1: Atendimento de irrigação (Imapacto Operacional Interno e Externo) - Semena 05/12/2022
A3: Data | B3: 44900 | C3: =B3+1 -> 44901 | D3: =C3+1 -> 44902 | E3: =D3+1 -> 44903 | F3: =E3+1 -> 44904 | G3: =F3+1 -> 44905 | H3: =G3+1 -> 44906
A4: Pivô | B4: =TEXT(B3,"ddd") -> seg | C4: =TEXT(C3,"ddd") -> ter | D4: =TEXT(D3,"ddd") -> qua | E4: =TEXT(E3,"ddd") -> qui | F4: =TEXT(F3,"ddd") -> sex | G4: =TEXT(G3,"ddd") -> sáb | H4: =TEXT(H3,"ddd") -> dom | J4: Parâmetros | K4: Contagem | L4: Porcentagem | M4: Semana
A5: Pivô 01 | J5: Pulverização | K5: =COUNTIF($B$5:$H$93,J5) -> 1 | L5: =K5/$K$22 -> 0.25 | M5: =B3 -> 44900
A6: Pivô 02 | J6: Adubação | K6: =COUNTIF($B$5:$H$93,J6) -> 0 | L6: =K6/$K$22 -> 0
A7: Pivô 03 | J7: Transplantio | K7: =COUNTIF($B$5:$H$93,J7) -> 0 | L7: =K7/$K$22 -> 0
A8: Pivô 04 | J8: Colheita Tabaco | K8: =COUNTIF($B$5:$H$93,J8) -> 0 | L8: =K8/$K$22 -> 0
A9: Pivô 05 | J9: Plantio | K9: =COUNTIF($B$5:$H$93,J9) -> 0 | L9: =K9/$K$22 -> 0
A10: Pivô 06 | J10: Erosão/Rastro | K10: =COUNTIF($B$5:$H$93,J10) -> 0 | L10: =K10/$K$22 -> 0
A11: Pivô 07 | J11: Mecânico/Trator | K11: =COUNTIF($B$5:$H$93,J11) -> 1 | L11: =K11/$K$22 -> 0.25
A12: Pivô 08 | J12: Transporte | K12: =COUNTIF($B$5:$H$93,J12) -> 0 | L12: =K12/$K$22 -> 0
A13: Pivô 09 | J13: Pivô Atolado | K13: =COUNTIF($B$5:$H$93,J13) -> 1 | L13: =K13/$K$22 -> 0.25
A14: Pivô 10 | J14: Entrega do Produto | K14: =COUNTIF($B$5:$H$93,J14) -> 1 | L14: =K14/$K$22 -> 0.25
A15: Pivô 11 | J15: Limpeza e aferições | K15: =COUNTIF($B$5:$H$93,J15) -> 0 | L15: =K15/$K$22 -> 0
A16: Pivô 12 | J16: Falta de Água | K16: =COUNTIF($B$5:$H$93,J16) -> 0 | L16: =K16/$K$22 -> 0
A17: Pivô 13 | J17: Desponte | K17: =COUNTIF($B$5:$H$93,J17) -> 0 | L17: =K17/$K$22 -> 0
... A21: Pivô 17 | J21: Entupimento | K21: =COUNTIF($B$5:$H$93,J21) -> 0 | L21: =K21/$K$22 -> 0
A22: Pivô 18 | J22: Total | K22: =SUM(K5:K21) -> 4
A23: Pivô 19
A24: Pivô 20
A25: Pivô 21
A26: Pivô 22
A27: Pivô 23
A28: Pivô 24
A29: Pivô 25
A30: Pivô 26
A31: Pivô 27
A32: Pivô 28
A33: Pivô 29
A34: Pivô 30
... A36: Pivô 32
A37: Pivô 33 | F37: Pivô Atolado
A38: Pivô 34
A39: Pivô 35
A40: Pivô 36
A41: Pivô 37
A42: Pivô 38
A43: Pivô 39
A44: Pivô 40
A45: Pivô 41
A46: Pivô 42
A47: Pivô 43
A48: Pivô 44
A49: Pivô 45
... A76: Pivô 114
A77: Pivô 115 | B77: Pulverização
A78: Pivô 116
A79: Pivô 117
A80: Pivô 118
A81: Pivô 119
A82: Pivô 120
A83: Pivô 121
A84: Pivô 122
A85: Pivô 123
A86: Pivô 124
A87: Pivô 125
A88: Pivô 126 | B88: Mecânico/Trator | C88: Entrega do Produto
A89: Pivô 127
A90: Pivô 128
A91: Pivô 129
A92: Pivô 130
A93: Pivô 133

Sheet 02 01 2023
A1: Atendimento de irrigação (Imapacto Operacional Interno e Externo) - Semena 02/01/2023
A3: Data | B3: 44928 | C3: =B3+1 -> 44929 | D3: =C3+1 -> 44930 | E3: =D3+1 -> 44931 | F3: =E3+1 -> 44932 | G3: =F3+1 -> 44933 | H3: =G3+1 -> 44934
A4: Pivô | B4: =TEXT(B3,"ddd") -> seg | C4: =TEXT(C3,"ddd") -> ter | D4: =TEXT(D3,"ddd") -> qua | E4: =TEXT(E3,"ddd") -> qui | F4: =TEXT(F3,"ddd") -> sex | G4: =TEXT(G3,"ddd") -> sáb | H4: =TEXT(H3,"ddd") -> dom | J4: Parâmetros | K4: Contagem | L4: Porcentagem | M4: Semana
A5: Pivô 01 | J5: Pulverização | K5: =COUNTIF($B$5:$H$93,J5) -> 2 | L5: =K5/$K$22 -> 0.22222222 | M5: =B3 -> 44928
A6: Pivô 02 | C6: Gerador | J6: Adubação | K6: =COUNTIF($B$5:$H$93,J6) -> 0 | L6: =K6/$K$22 -> 0
A7: Pivô 03 | J7: Transplantio | K7: =COUNTIF($B$5:$H$93,J7) -> 0 | L7: =K7/$K$22 -> 0
A8: Pivô 04 | C8: Pulverização | J8: Colheita Tabaco | K8: =COUNTIF($B$5:$H$93,J8) -> 0 | L8: =K8/$K$22 -> 0
A9: Pivô 05 | J9: Plantio | K9: =COUNTIF($B$5:$H$93,J9) -> 1 | L9: =K9/$K$22 -> 0.11111111
A10: Pivô 06 | J10: Erosão/Rastro | K10: =COUNTIF($B$5:$H$93,J10) -> 4 | L10: =K10/$K$22 -> 0.44444444
A11: Pivô 07 | J11: Mecânico/Trator | K11: =COUNTIF($B$5:$H$93,J11) -> 0 | L11: =K11/$K$22 -> 0
A12: Pivô 08 | J12: Transporte | K12: =COUNTIF($B$5:$H$93,J12) -> 0 | L12: =K12/$K$22 -> 0
A13: Pivô 09 | J13: Pivô Atolado | K13: =COUNTIF($B$5:$H$93,J13) -> 0 | L13: =K13/$K$22 -> 0
A14: Pivô 10 | J14: Entrega do Produto | K14: =COUNTIF($B$5:$H$93,J14) -> 1 | L14: =K14/$K$22 -> 0.11111111
A15: Pivô 11 | J15: Limpeza e aferições | K15: =COUNTIF($B$5:$H$93,J15) -> 0 | L15: =K15/$K$22 -> 0
A16: Pivô 12 | J16: Falta de Água | K16: =COUNTIF($B$5:$H$93,J16) -> 0 | L16: =K16/$K$22 -> 0
A17: Pivô 13 | J17: Desponte | K17: =COUNTIF($B$5:$H$93,J17) -> 0 | L17: =K17/$K$22 -> 0
A18: Pivô 14 | J18: Gerador | K18: =COUNTIF($B$5:$H$93,J18) -> 1 | L18: =K18/$K$22 -> 0.11111111
A19: Pivô 15 | J19: Injeferd | K19: =COUNTIF($B$5:$H$93,J19) -> 0 | L19: =K19/$K$22 -> 0
A20: Pivô 16 | J20: Syngenta | K20: =COUNTIF($B$5:$H$93,J20) -> 0 | L20: =K20/$K$22 -> 0
A21: Pivô 17 | J21: Entupimento | K21: =COUNTIF($B$5:$H$93,J21) -> 0 | L21: =K21/$K$22 -> 0
A22: Pivô 18 | J22: Total | K22: =SUM(K5:K21) -> 9
A23: Pivô 19
A24: Pivô 20
A25: Pivô 21
A26: Pivô 22
A27: Pivô 23
A28: Pivô 24
A29: Pivô 25
A30: Pivô 26
A31: Pivô 27
A32: Pivô 28 | C32: Erosão/Rastro | D32: Erosão/Rastro | E32: Erosão/Rastro | F32: Erosão/Rastro
A33: Pivô 29
A34: Pivô 30 | E34: Entrega do Produto
A35: Pivô 31 | C35: Plantio
A36: Pivô 32
A37: Pivô 33
A38: Pivô 34
A39: Pivô 35
A40: Pivô 36
A41: Pivô 37
A42: Pivô 38
A43: Pivô 39
A44: Pivô 40
A45: Pivô 41
A46: Pivô 42
A47: Pivô 43
... A56: Pivô 52
A57: Pivô 53 | C57: Pulverização
A58: Pivô 54
A59: Pivô 55
A60: Pivô 56
A61: Pivô 73
A62: Pivô 74
A63: Pivô 101
A64: Pivô 102
A65: Pivô 103
A66: Pivô 104
A67: Pivô 105
A68: Pivô 106
A69: Pivô 107
... A93: Pivô 133

Sheet 16 01 2023
A1: Atendimento de irrigação (Imapacto Operacional Interno e Externo) - Semena 16/01/2023
A3: Data | B3: 44942 | C3: =B3+1 -> 44943 | D3: =C3+1 -> 44944 | E3: =D3+1 -> 44945 | F3: =E3+1 -> 44946 | G3: =F3+1 -> 44947 | H3: =G3+1 -> 44948
A4: Pivô | B4: =TEXT(B3,"ddd") -> seg | C4: =TEXT(C3,"ddd") -> ter | D4: =TEXT(D3,"ddd") -> qua | E4: =TEXT(E3,"ddd") -> qui | F4: =TEXT(F3,"ddd") -> sex | G4: =TEXT(G3,"ddd") -> sáb | H4: =TEXT(H3,"ddd") -> dom | J4: Parâmetros | K4: Contagem | L4: Porcentagem | M4: Semana
A5: Pivô 01 | J5: Pulverização | K5: =COUNTIF($B$5:$H$93,J5) -> 3 | L5: =K5/$K$22 -> 0.25 | M5: =B3 -> 44942
A6: Pivô 02 | J6: Adubação | K6: =COUNTIF($B$5:$H$93,J6) -> 0 | L6: =K6/$K$22 -> 0
A7: Pivô 03 | J7: Transplantio | K7: =COUNTIF($B$5:$H$93,J7) -> 0 | L7: =K7/$K$22 -> 0
A8: Pivô 04 | J8: Colheita Tabaco | K8: =COUNTIF($B$5:$H$93,J8) -> 0 | L8: =K8/$K$22 -> 0
A9: Pivô 05 | J9: Plantio | K9: =COUNTIF($B$5:$H$93,J9) -> 1 | L9: =K9/$K$22 -> 0.083333333
A10: Pivô 06 | J10: Erosão/Rastro | K10: =COUNTIF($B$5:$H$93,J10) -> 2 | L10: =K10/$K$22 -> 0.16666667
A11: Pivô 07 | J11: Mecânico/Trator | K11: =COUNTIF($B$5:$H$93,J11) -> 0 | L11: =K11/$K$22 -> 0
A12: Pivô 08 | J12: Transporte | K12: =COUNTIF($B$5:$H$93,J12) -> 0 | L12: =K12/$K$22 -> 0
A13: Pivô 09 | J13: Pivô Atolado | K13: =COUNTIF($B$5:$H$93,J13) -> 1 | L13: =K13/$K$22 -> 0.083333333
A14: Pivô 10 | J14: Entrega do Produto | K14: =COUNTIF($B$5:$H$93,J14) -> 0 | L14: =K14/$K$22 -> 0
A15: Pivô 11 | J15: Limpeza e aferições | K15: =COUNTIF($B$5:$H$93,J15) -> 2 | L15: =K15/$K$22 -> 0.16666667
A16: Pivô 12 | J16: Falta de Água | K16: =COUNTIF($B$5:$H$93,J16) -> 3 | L16: =K16/$K$22 -> 0.25
A17: Pivô 13 | J17: Desponte | K17: =COUNTIF($B$5:$H$93,J17) -> 0 | L17: =K17/$K$22 -> 0
A18: Pivô 14 | E18: Limpeza e aferições | F18: Falta de Água | J18: Gerador | K18: =COUNTIF($B$5:$H$93,J18) -> 0 | L18: =K18/$K$22 -> 0
A19: Pivô 15 | D19: Pivô Atolado | E19: Pulverização | J19: Injeferd | K19: =COUNTIF($B$5:$H$93,J19) -> 0 | L19: =K19/$K$22 -> 0
A20: Pivô 16 | J20: Syngenta | K20: =COUNTIF($B$5:$H$93,J20) -> 0 | L20: =K20/$K$22 -> 0
A21: Pivô 17 | E21: Pulverização | J21: Entupimento | K21: =COUNTIF($B$5:$H$93,J21) -> 0 | L21: =K21/$K$22 -> 0
A22: Pivô 18 | E22: Plantio | F22: Pulverização | J22: Total | K22: =SUM(K5:K21) -> 12
A23: Pivô 19
A24: Pivô 20
A25: Pivô 21 | D25: Erosão/Rastro | E25: Erosão/Rastro
A26: Pivô 22
A27: Pivô 23 | F27: Falta de Água
A28: Pivô 24 | F28: Falta de Água
A29: Pivô 25
A30: Pivô 26
A31: Pivô 27
A32: Pivô 28
A33: Pivô 29
A34: Pivô 30
A35: Pivô 31
A36: Pivô 32
A37: Pivô 33
A38: Pivô 34
A39: Pivô 35 | E39: Limpeza e aferições
A40: Pivô 36
A41: Pivô 37
A42: Pivô 38
A43: Pivô 39
A44: Pivô 40
A45: Pivô 41
A46: Pivô 42
A47: Pivô 43
A48: Pivô 44
A49: Pivô 45
A50: Pivô 46
A51: Pivô 47
... A93: Pivô 133

Sheet 23 01 2023
A1: Atendimento de irrigação (Imapacto Operacional Interno e Externo) - Semena 16/01/2023
A3: Data | B3: 44949 | C3: =B3+1 -> 44950 | D3: =C3+1 -> 44951 | E3: =D3+1 -> 44952 | F3: =E3+1 -> 44953 | G3: =F3+1 -> 44954 | H3: =G3+1 -> 44955
A4: Pivô | B4: =TEXT(B3,"ddd") -> seg | C4: =TEXT(C3,"ddd") -> ter | D4: =TEXT(D3,"ddd") -> qua | E4: =TEXT(E3,"ddd") -> qui | F4: =TEXT(F3,"ddd") -> sex | G4: =TEXT(G3,"ddd") -> sáb | H4: =TEXT(H3,"ddd") -> dom | J4: Parâmetros | K4: Contagem | L4: Porcentagem | M4: Semana
A5: Pivô 01 | J5: Pulverização | K5: =COUNTIF($B$5:$H$93,J5) -> 3 | L5: =K5/$K$22 -> 0.23076923 | M5: =B3 -> 44949
A6: Pivô 02 | J6: Adubação | K6: =COUNTIF($B$5:$H$93,J6) -> 0 | L6: =K6/$K$22 -> 0
A7: Pivô 03 | J7: Transplantio | K7: =COUNTIF($B$5:$H$93,J7) -> 1 | L7: =K7/$K$22 -> 0.076923077
A8: Pivô 04 | J8: Colheita Tabaco | K8: =COUNTIF($B$5:$H$93,J8) -> 0 | L8: =K8/$K$22 -> 0
A9: Pivô 05 | J9: Plantio | K9: =COUNTIF($B$5:$H$93,J9) -> 1 | L9: =K9/$K$22 -> 0.076923077
A10: Pivô 06 | J10: Erosão/Rastro | K10: =COUNTIF($B$5:$H$93,J10) -> 2 | L10: =K10/$K$22 -> 0.15384615
A11: Pivô 07 | J11: Mecânico/Trator | K11: =COUNTIF($B$5:$H$93,J11) -> 0 | L11: =K11/$K$22 -> 0
A12: Pivô 08 | J12: Transporte | K12: =COUNTIF($B$5:$H$93,J12) -> 0 | L12: =K12/$K$22 -> 0
A13: Pivô 09 | J13: Pivô Atolado | K13: =COUNTIF($B$5:$H$93,J13) -> 1 | L13: =K13/$K$22 -> 0.076923077
A14: Pivô 10 | J14: Entrega do Produto | K14: =COUNTIF($B$5:$H$93,J14) -> 0 | L14: =K14/$K$22 -> 0
A15: Pivô 11 | J15: Limpeza e aferições | K15: =COUNTIF($B$5:$H$93,J15) -> 2 | L15: =K15/$K$22 -> 0.15384615
A16: Pivô 12 | J16: Falta de Água | K16: =COUNTIF($B$5:$H$93,J16) -> 3 | L16: =K16/$K$22 -> 0.23076923
A17: Pivô 13 | J17: Desponte | K17: =COUNTIF($B$5:$H$93,J17) -> 0 | L17: =K17/$K$22 -> 0
A18: Pivô 14 | E18: Limpeza e aferições | F18: Falta de Água | J18: Gerador | K18: =COUNTIF($B$5:$H$93,J18) -> 0 | L18: =K18/$K$22 -> 0
A19: Pivô 15 | D19: Pivô Atolado | E19: Pulverização | J19: Injeferd | K19: =COUNTIF($B$5:$H$93,J19) -> 0 | L19: =K19/$K$22 -> 0
A20: Pivô 16 | J20: Syngenta | K20: =COUNTIF($B$5:$H$93,J20) -> 0 | L20: =K20/$K$22 -> 0
A21: Pivô 17 | E21: Pulverização | J21: Entupimento | K21: =COUNTIF($B$5:$H$93,J21) -> 0 | L21: =K21/$K$22 -> 0
A22: Pivô 18 | E22: Plantio | F22: Pulverização | J22: Total | K22: =SUM(K5:K21) -> 13
A23: Pivô 19
A24: Pivô 20
A25: Pivô 21 | D25: Erosão/Rastro | E25: Erosão/Rastro
A26: Pivô 22
A27: Pivô 23 | F27: Falta de Água
A28: Pivô 24 | F28: Falta de Água
A29: Pivô 25
A30: Pivô 26
A31: Pivô 27
A32: Pivô 28
A33: Pivô 29
A34: Pivô 30
A35: Pivô 31
A36: Pivô 32
A37: Pivô 33
A38: Pivô 34
A39: Pivô 35 | E39: Limpeza e aferições
A40: Pivô 36
A41: Pivô 37
A42: Pivô 38
A43: Pivô 39
A44: Pivô 40
A45: Pivô 41
A46: Pivô 42
A47: Pivô 43
A48: Pivô 44
A49: Pivô 45
A50: Pivô 46
A51: Pivô 47
... A89: Pivô 127
A90: Pivô 128 | F90: Transplantio
A91: Pivô 129
A92: Pivô 130
A93: Pivô 133

Sheet 30 01 2023
A1: Atendimento de irrigação (Imapacto Operacional Interno e Externo) - Semena 30/01/2023
A3: Data | B3: 44956 | C3: =B3+1 -> 44957 | D3: =C3+1 -> 44958 | E3: =D3+1 -> 44959 | F3: =E3+1 -> 44960 | G3: =F3+1 -> 44961 | H3: =G3+1 -> 44962
A4: Pivô | B4: =TEXT(B3,"ddd") -> seg | C4: =TEXT(C3,"ddd") -> ter | D4: =TEXT(D3,"ddd") -> qua | E4: =TEXT(E3,"ddd") -> qui | F4: =TEXT(F3,"ddd") -> sex | G4: =TEXT(G3,"ddd") -> sáb | H4: =TEXT(H3,"ddd") -> dom | J4: Parâmetros | K4: Contagem | L4: Porcentagem | M4: Semana
A5: Pivô 01 | J5: Pulverização | K5: =COUNTIF($B$5:$H$93,J5) -> 0 | L5: =K5/$K$22 -> 0 | M5: =B3 -> 44956
A6: Pivô 02 | J6: Adubação | K6: =COUNTIF($B$5:$H$93,J6) -> 0 | L6: =K6/$K$22 -> 0
A7: Pivô 03 | J7: Transplantio | K7: =COUNTIF($B$5:$H$93,J7) -> 0 | L7: =K7/$K$22 -> 0
A8: Pivô 04 | J8: Colheita Tabaco | K8: =COUNTIF($B$5:$H$93,J8) -> 0 | L8: =K8/$K$22 -> 0
A9: Pivô 05 | J9: Plantio | K9: =COUNTIF($B$5:$H$93,J9) -> 0 | L9: =K9/$K$22 -> 0
A10: Pivô 06 | J10: Erosão/Rastro | K10: =COUNTIF($B$5:$H$93,J10) -> 10 | L10: =K10/$K$22 -> 0.27027027
A11: Pivô 07 | D11: Falta de Água | J11: Mecânico/Trator | K11: =COUNTIF($B$5:$H$93,J11) -> 0 | L11: =K11/$K$22 -> 0
A12: Pivô 08 | J12: Transporte | K12: =COUNTIF($B$5:$H$93,J12) -> 0 | L12: =K12/$K$22 -> 0
A13: Pivô 09 | J13: Pivô Atolado | K13: =COUNTIF($B$5:$H$93,J13) -> 0 | L13: =K13/$K$22 -> 0
A14: Pivô 10 | J14: Entrega do Produto | K14: =COUNTIF($B$5:$H$93,J14) -> 0 | L14: =K14/$K$22 -> 0
A15: Pivô 11 | D15: Falta de Água | J15: Limpeza e aferições | K15: =COUNTIF($B$5:$H$93,J15) -> 0 | L15: =K15/$K$22 -> 0
A16: Pivô 12 | J16: Falta de Água | K16: =COUNTIF($B$5:$H$93,J16) -> 23 | L16: =K16/$K$22 -> 0.62162162
A17: Pivô 13 | J17: Desponte | K17: =COUNTIF($B$5:$H$93,J17) -> 0 | L17: =K17/$K$22 -> 0
A18: Pivô 14 | J18: Gerador | K18: =COUNTIF($B$5:$H$93,J18) -> 4 | L18: =K18/$K$22 -> 0.10810811
A19: Pivô 15 | D19: Erosão/Rastro | J19: Injeferd | K19: =COUNTIF($B$5:$H$93,J19) -> 0 | L19: =K19/$K$22 -> 0
A20: Pivô 16 | J20: Syngenta | K20: =COUNTIF($B$5:$H$93,J20) -> 0 | L20: =K20/$K$22 -> 0
A21: Pivô 17 | E21: Gerador | H21: Gerador | J21: Entupimento | K21: =COUNTIF($B$5:$H$93,J21) -> 0 | L21: =K21/$K$22 -> 0
A22: Pivô 18 | D22: Gerador | G22: Gerador | J22: Total | K22: =SUM(K5:K21) -> 37
A23: Pivô 19
A24: Pivô 20
A25: Pivô 21 | C25: Falta de Água
A26: Pivô 22
A27: Pivô 23
A28: Pivô 24
A29: Pivô 25
A30: Pivô 26 | D30: Falta de Água
A31: Pivô 27
A32: Pivô 28
A33: Pivô 29
A34: Pivô 30
A35: Pivô 31
A36: Pivô 32 | C36: Erosão/Rastro
A37: Pivô 33 | D37: Erosão/Rastro
A38: Pivô 34
A39: Pivô 35 | D39: Falta de Água
A40: Pivô 36 | D40: Falta de Água
A41: Pivô 37
A42: Pivô 38
A43: Pivô 39
A44: Pivô 40 | D44: Falta de Água
A45: Pivô 41 | E45: Erosão/Rastro | F45: Erosão/Rastro
A46: Pivô 42
A47: Pivô 43 | E47: Erosão/Rastro | F47: Erosão/Rastro | H47: Erosão/Rastro
A48: Pivô 44
A49: Pivô 45
A50: Pivô 46 | D50: Falta de Água
A51: Pivô 47
A52: Pivô 48
A53: Pivô 49
A54: Pivô 50
A55: Pivô 51
A56: Pivô 52
A57: Pivô 53
A58: Pivô 54
A59: Pivô 55
A60: Pivô 56
A61: Pivô 73 | D61: Falta de Água
A62: Pivô 74 | E62: Erosão/Rastro | F62: Erosão/Rastro
A63: Pivô 101
A64: Pivô 102
A65: Pivô 103
A66: Pivô 104
A67: Pivô 105
A68: Pivô 106
A69: Pivô 107
A70: Pivô 108
A71: Pivô 109
A72: Pivô 110
A73: Pivô 111
A74: Pivô 112 | E74: Falta de Água | H74: Falta de Água
A75: Pivô 113 | G75: Falta de Água
A76: Pivô 114
A77: Pivô 115 | E77: Falta de Água
A78: Pivô 116 | G78: Falta de Água
A79: Pivô 117
A80: Pivô 118 | G80: Falta de Água
A81: Pivô 119 | E81: Falta de Água | H81: Falta de Água
A82: Pivô 120
A83: Pivô 121
A84: Pivô 122 | G84: Falta de Água
A85: Pivô 123
A86: Pivô 124 | E86: Falta de Água | H86: Falta de Água
A87: Pivô 125
A88: Pivô 126
A89: Pivô 127 | G89: Falta de Água
A90: Pivô 128
A91: Pivô 129
A92: Pivô 130 | E92: Falta de Água
A93: Pivô 133 | G93: Falta de Água

Sheet 06 02 2023
A1: Atendimento de irrigação (Imapacto Operacional Interno e Externo) - Semena 06/02/2023
A3: Data | B3: 44963 | C3: =B3+1 -> 44964 | D3: =C3+1 -> 44965 | E3: =D3+1 -> 44966 | F3: =E3+1 -> 44967 | G3: =F3+1 -> 44968 | H3: =G3+1 -> 44969
A4: Pivô | B4: =TEXT(B3,"ddd") -> seg | C4: =TEXT(C3,"ddd") -> ter | D4: =TEXT(D3,"ddd") -> qua | E4: =TEXT(E3,"ddd") -> qui | F4: =TEXT(F3,"ddd") -> sex | G4: =TEXT(G3,"ddd") -> sáb | H4: =TEXT(H3,"ddd") -> dom | J4: Parâmetros | K4: Contagem | L4: Porcentagem | M4: Semana
A5: Pivô 01 | J5: Pulverização | K5: =COUNTIF($B$5:$H$109,J5) -> 1 | L5: =K5/$K$22 -> 0.029411765 | M5: =B3 -> 44963
A6: Pivô 02 | J6: Adubação | K6: =COUNTIF($B$5:$H$109,J6) -> 2 | L6: =K6/$K$22 -> 0.058823529
A7: Pivô 03 | J7: Transplantio | K7: =COUNTIF($B$5:$H$109,J7) -> 0 | L7: =K7/$K$22 -> 0
A8: Pivô 04 | J8: Colheita Tabaco | K8: =COUNTIF($B$5:$H$109,J8) -> 0 | L8: =K8/$K$22 -> 0
A9: Pivô 05 | J9: Plantio | K9: =COUNTIF($B$5:$H$109,J9) -> 0 | L9: =K9/$K$22 -> 0
A10: Pivô 06 | J10: Erosão/Rastro | K10: =COUNTIF($B$5:$H$109,J10) -> 1 | L10: =K10/$K$22 -> 0.029411765
A11: Pivô 07 | J11: Mecânico/Trator | K11: =COUNTIF($B$5:$H$109,J11) -> 0 | L11: =K11/$K$22 -> 0
A12: Pivô 08 | J12: Transporte | K12: =COUNTIF($B$5:$H$109,J12) -> 0 | L12: =K12/$K$22 -> 0
A13: Pivô 09 | J13: Pivô Atolado | K13: =COUNTIF($B$5:$H$109,J13) -> 6 | L13: =K13/$K$22 -> 0.17647059
A14: Pivô 10 | J14: Entrega do Produto | K14: =COUNTIF($B$5:$H$109,J14) -> 0 | L14: =K14/$K$22 -> 0
A15: Pivô 11 | J15: Limpeza e aferições | K15: =COUNTIF($B$5:$H$109,J15) -> 1 | L15: =K15/$K$22 -> 0.029411765
A16: Pivô 12 | J16: Falta de Água | K16: =COUNTIF($B$5:$H$109,J16) -> 20 | L16: =K16/$K$22 -> 0.58823529
A17: Pivô 13 | J17: Desponte | K17: =COUNTIF($B$5:$H$109,J17) -> 0 | L17: =K17/$K$22 -> 0
A18: Pivô 14 | E18: Adubação | J18: Gerador | K18: =COUNTIF($B$5:$H$109,J18) -> 2 | L18: =K18/$K$22 -> 0.058823529
A19: Pivô 15 | J19: Injeferd | K19: =COUNTIF($B$5:$H$109,J19) -> 0 | L19: =K19/$K$22 -> 0
A20: Pivô 16 | J20: Syngenta | K20: =COUNTIF($B$5:$H$109,J20) -> 0 | L20: =K20/$K$22 -> 0
A21: Pivô 17 | G21: Gerador | J21: Entupimento | K21: =COUNTIF($B$5:$H$109,J21) -> 1 | L21: =K21/$K$22 -> 0.029411765
A22: Pivô 18 | F22: Gerador | J22: Total | K22: =SUM(K5:K21) -> 34
A23: Pivô 19
A24: Pivô 20
A25: Pivô 21
A26: Pivô 22
A27: Pivô 23 | E27: Pulverização
A28: Pivô 24
A29: Pivô 25
A30: Pivô 26
A31: Pivô 27
A32: Pivô 28
A33: Pivô 29
A34: Pivô 30
A35: Pivô 31 | E35: Falta de Água
A36: Pivô 32 | B36: Pivô Atolado | C36: Pivô Atolado
A37: Pivô 33
A38: Pivô 34 | E38: Falta de Água
A39: Pivô 35
A40: Pivô 36
A41: Pivô 37
A42: Pivô 38
A43: Pivô 39
A44: Pivô 40
A45: Pivô 41
A46: Pivô 42
A47: Pivô 43 | B47: Pivô Atolado | C47: Pivô Atolado
A48: Pivô 44 | E48: Pivô Atolado | F48: Pivô Atolado | H48: Erosão/Rastro
A49: Pivô 45
A50: Pivô 46
A51: Pivô 47
A52: Pivô 48
A53: Pivô 49
A54: Pivô 50
A55: Pivô 51 | E55: Falta de Água
A56: Pivô 52 | G56: Falta de Água | H56: Entupimento
A57: Pivô 53
A58: Pivô 54 | E58: Falta de Água
A59: Pivô 55
A60: Pivô 56
A61: Pivô 57
A62: Pivô 58
A63: Pivô 59
A64: Pivô 60
A65: Pivô 61
A66: Pivô 62
A67: Pivô 63
A68: Pivô 64
A69: Pivô 65
A70: Pivô 66
... A72: Pivô 68
A73: Pivô 69 | F73: Falta de Água | G73: Falta de Água | H73: Falta de Água
A74: Pivô 70
A75: Pivô 71
A76: Pivô 72 | H76: Limpeza e aferições
A77: Pivô 73
A78: Pivô 74 | F78: Falta de Água
A79: Pivô 101
A80: Pivô 102
A81: Pivô 103
A82: Pivô 104
A83: Pivô 105
A84: Pivô 106
A85: Pivô 107
A86: Pivô 108
A87: Pivô 109
A88: Pivô 110
A89: Pivô 111
A90: Pivô 112 | D90: Falta de Água
A91: Pivô 113 | E91: Falta de Água | F91: Falta de Água
A92: Pivô 114 | B92: Falta de Água | D92: Falta de Água | E92: Falta de Água
A93: Pivô 115 | F93: Falta de Água
A94: Pivô 116
A95: Pivô 117 | D95: Falta de Água | G95: Falta de Água
A96: Pivô 118
A97: Pivô 119 | D97: Falta de Água | F97: Adubação | H97: Falta de Água
A98: Pivô 120
A99: Pivô 121
A100: Pivô 122
A101: Pivô 123
A102: Pivô 124
...

Sheet 13 02 2023
A1: Atendimento de irrigação (Imapacto Operacional Interno e Externo) - Semena 13/02/2023
A3: Data | B3: 44970 | C3: =B3+1 -> 44971 | D3: =C3+1 -> 44972 | E3: =D3+1 -> 44973 | F3: =E3+1 -> 44974 | G3: =F3+1 -> 44975 | H3: =G3+1 -> 44976
A4: Pivô | B4: =TEXT(B3,"ddd") -> seg | C4: =TEXT(C3,"ddd") -> ter | D4: =TEXT(D3,"ddd") -> qua | E4: =TEXT(E3,"ddd") -> qui | F4: =TEXT(F3,"ddd") -> sex | G4: =TEXT(G3,"ddd") -> sáb | H4: =TEXT(H3,"ddd") -> dom | J4: Parâmetros | K4: Contagem | L4: Porcentagem | M4: Semana
A5: Pivô 01 | J5: Pulverização | K5: =COUNTIF($B$5:$H$109,J5) -> 0 | L5: =K5/$K$22 -> 0 | M5: =B3 -> 44970
A6: Pivô 02 | J6: Adubação | K6: =COUNTIF($B$5:$H$109,J6) -> 2 | L6: =K6/$K$22 -> 0.095238095
A7: Pivô 03 | J7: Transplantio | K7: =COUNTIF($B$5:$H$109,J7) -> 0 | L7: =K7/$K$22 -> 0
A8: Pivô 04 | J8: Colheita Tabaco | K8: =COUNTIF($B$5:$H$109,J8) -> 0 | L8: =K8/$K$22 -> 0
A9: Pivô 05 | J9: Plantio | K9: =COUNTIF($B$5:$H$109,J9) -> 0 | L9: =K9/$K$22 -> 0
A10: Pivô 06 | J10: Erosão/Rastro | K10: =COUNTIF($B$5:$H$109,J10) -> 0 | L10: =K10/$K$22 -> 0
A11: Pivô 07 | J11: Mecânico/Trator | K11: =COUNTIF($B$5:$H$109,J11) -> 1 | L11: =K11/$K$22 -> 0.047619048
A12: Pivô 08 | J12: Transporte | K12: =COUNTIF($B$5:$H$109,J12) -> 0 | L12: =K12/$K$22 -> 0
A13: Pivô 09 | J13: Pivô Atolado | K13: =COUNTIF($B$5:$H$109,J13) -> 0 | L13: =K13/$K$22 -> 0
A14: Pivô 10 | J14: Entrega do Produto | K14: =COUNTIF($B$5:$H$109,J14) -> 2 | L14: =K14/$K$22 -> 0.095238095
A15: Pivô 11 | J15: Limpeza e aferições | K15: =COUNTIF($B$5:$H$109,J15) -> 1 | L15: =K15/$K$22 -> 0.047619048
A16: Pivô 12 | J16: Falta de Água | K16: =COUNTIF($B$5:$H$109,J16) -> 10 | L16: =K16/$K$22 -> 0.47619048
A17: Pivô 13 | J17: Desponte | K17: =COUNTIF($B$5:$H$109,J17) -> 0 | L17: =K17/$K$22 -> 0
... A20: Pivô 16 | J20: Syngenta | K20: =COUNTIF($B$5:$H$109,J20) -> 0 | L20: =K20/$K$22 -> 0
A21: Pivô 17 | G21: Gerador | J21: Entupimento | K21: =COUNTIF($B$5:$H$109,J21) -> 1 | L21: =K21/$K$22 -> 0.047619048
A22: Pivô 18 | B22: Gerador | C22: Gerador | E22: Gerador | J22: Total | K22: =SUM(K5:K21) -> 21
A23: Pivô 19
A24: Pivô 20
A25: Pivô 21
A26: Pivô 22 | F26: Entrega do Produto
A27: Pivô 23
A28: Pivô 24
A29: Pivô 25 | F29: Entupimento
A30: Pivô 26
A31: Pivô 27
A32: Pivô 28
A33: Pivô 29
A34: Pivô 30
A35: Pivô 31
A36: Pivô 32
A37: Pivô 33
A38: Pivô 34
A39: Pivô 35
A40: Pivô 36
A41: Pivô 37
... A46: Pivô 42
A47: Pivô 43 | B47: Adubação | D47: Mecânico/Trator
A48: Pivô 44
A49: Pivô 45
A50: Pivô 46 | C50: Adubação
A51: Pivô 47
A52: Pivô 48
A53: Pivô 49
A54: Pivô 50
A55: Pivô 51
A56: Pivô 52
A57: Pivô 53
A58: Pivô 54
A59: Pivô 55
A60: Pivô 56
A61: Pivô 57
A62: Pivô 58 | G62: Falta de Água
A63: Pivô 59
A64: Pivô 60
A65: Pivô 61
A66: Pivô 62 | E66: Falta de Água
A67: Pivô 63
A68: Pivô 64
A69: Pivô 65
A70: Pivô 66
A71: Pivô 67 | E71: Falta de Água | G71: Falta de Água
A72: Pivô 68
A73: Pivô 69
A74: Pivô 70
A75: Pivô 71
A76: Pivô 72
A77: Pivô 73 | B77: Limpeza e aferições
A78: Pivô 74
A79: Pivô 101
A80: Pivô 102
A81: Pivô 103
A82: Pivô 104
A83: Pivô 105
A84: Pivô 106
A85: Pivô 107
A86: Pivô 108
A87: Pivô 109
A88: Pivô 110
A89: Pivô 111
... A91: Pivô 113
A92: Pivô 114 | B92: Falta de Água
A93: Pivô 115
A94: Pivô 116
A95: Pivô 117 | C95: Falta de Água | D95: Falta de Água
A96: Pivô 118
A97: Pivô 119 | C97: Falta de Água | D97: Falta de Água
A98: Pivô 120
A99: Pivô 121
A100: Pivô 122
A101: Pivô 123
A102: Pivô 124 | H102: Falta de Água
A103: Pivô 125
A104: Pivô 126
A105: Pivô 127
A106: Pivô 128
A107: Pivô 129
A108: Pivô 130 | C108: Entrega do Produto
...

Sheet 20 02 2023
A1: Atendimento de irrigação (Imapacto Operacional Interno e Externo) - Semena 13/02/2023
A3: Data | B3: 44977 | C3: =B3+1 -> 44978 | D3: =C3+1 -> 44979 | E3: =D3+1 -> 44980 | F3: =E3+1 -> 44981 | G3: =F3+1 -> 44982 | H3: =G3+1 -> 44983
A4: Pivô | B4: =TEXT(B3,"ddd") -> seg | C4: =TEXT(C3,"ddd") -> ter | D4: =TEXT(D3,"ddd") -> qua | E4: =TEXT(E3,"ddd") -> qui | F4: =TEXT(F3,"ddd") -> sex | G4: =TEXT(G3,"ddd") -> sáb | H4: =TEXT(H3,"ddd") -> dom | J4: Parâmetros | K4: Contagem | L4: Porcentagem | M4: Semana
A5: Pivô 01 | E5: Pulverização | J5: Pulverização | K5: =COUNTIF($B$5:$H$109,J5) -> 1 | L5: =K5/$K$22 -> 0.038461538 | M5: =B3 -> 44977
A6: Pivô 02 | J6: Adubação | K6: =COUNTIF($B$5:$H$109,J6) -> 4 | L6: =K6/$K$22 -> 0.15384615
A7: Pivô 03 | J7: Transplantio | K7: =COUNTIF($B$5:$H$109,J7) -> 2 | L7: =K7/$K$22 -> 0.076923077
A8: Pivô 04 | J8: Colheita Tabaco | K8: =COUNTIF($B$5:$H$109,J8) -> 0 | L8: =K8/$K$22 -> 0
A9: Pivô 05 | J9: Plantio | K9: =COUNTIF($B$5:$H$109,J9) -> 0 | L9: =K9/$K$22 -> 0
A10: Pivô 06 | J10: Erosão/Rastro | K10: =COUNTIF($B$5:$H$109,J10) -> 0 | L10: =K10/$K$22 -> 0
A11: Pivô 07 | J11: Mecânico/Trator | K11: =COUNTIF($B$5:$H$109,J11) -> 0 | L11: =K11/$K$22 -> 0
A12: Pivô 08 | J12: Transporte | K12: =COUNTIF($B$5:$H$109,J12) -> 0 | L12: =K12/$K$22 -> 0
A13: Pivô 09 | J13: Pivô Atolado | K13: =COUNTIF($B$5:$H$109,J13) -> 0 | L13: =K13/$K$22 -> 0
A14: Pivô 10 | J14: Entrega do Produto | K14: =COUNTIF($B$5:$H$109,J14) -> 1 | L14: =K14/$K$22 -> 0.038461538
A15: Pivô 11 | J15: Limpeza e aferições | K15: =COUNTIF($B$5:$H$109,J15) -> 0 | L15: =K15/$K$22 -> 0
A16: Pivô 12 | J16: Falta de Água | K16: =COUNTIF($B$5:$H$109,J16) -> 17 | L16: =K16/$K$22 -> 0.65384615
A17: Pivô 13 | J17: Desponte | K17: =COUNTIF($B$5:$H$109,J17) -> 0 | L17: =K17/$K$22 -> 0
... A21: Pivô 17 | J21: Entupimento | K21: =COUNTIF($B$5:$H$109,J21) -> 1 | L21: =K21/$K$22 -> 0.038461538
A22: Pivô 18 | J22: Total | K22: =SUM(K5:K21) -> 26
A23: Pivô 19
A24: Pivô 20
A25: Pivô 21 | E25: Falta de Água
A26: Pivô 22
A27: Pivô 23 | C27: Falta de Água | F27: Falta de Água
A28: Pivô 24 | C28: Falta de Água
A29: Pivô 25
A30: Pivô 26 | C30: Falta de Água
A31: Pivô 27
A32: Pivô 28 | E32: Adubação | F32: Falta de Água
A33: Pivô 29
A34: Pivô 30 | C34: Falta de Água
A35: Pivô 31 | C35: Falta de Água
A36: Pivô 32
A37: Pivô 33 | C37: Falta de Água | D37: Falta de Água
A38: Pivô 34 | F38: Falta de Água
A39: Pivô 35
A40: Pivô 36
A41: Pivô 37
A42: Pivô 38
A43: Pivô 39
A44: Pivô 40 | E44: Entrega do Produto
A45: Pivô 41 | C45: Adubação
A46: Pivô 42
A47: Pivô 43
A48: Pivô 44 | B48: Adubação
A49: Pivô 45
A50: Pivô 46
A51: Pivô 47
A52: Pivô 48 | C52: Entupimento
A53: Pivô 49
A54: Pivô 50
A55: Pivô 51
A56: Pivô 52
A57: Pivô 53
A58: Pivô 54
A59: Pivô 55
A60: Pivô 56
A61: Pivô 57
A62: Pivô 58
A63: Pivô 59
A64: Pivô 60
... A70: Pivô 66
A71: Pivô 67 | D71: Falta de Água
A72: Pivô 68
A73: Pivô 69
A74: Pivô 70
A75: Pivô 71
A76: Pivô 72
A77: Pivô 73
A78: Pivô 74 | F78: Adubação
A79: Pivô 101 | G79: Falta de Água
A80: Pivô 102
A81: Pivô 103
A82: Pivô 104 | G82: Falta de Água
A83: Pivô 105
A84: Pivô 106
A85: Pivô 107
A86: Pivô 108
A87: Pivô 109
A88: Pivô 110
A89: Pivô 111
A90: Pivô 112
A91: Pivô 113
A92: Pivô 114
A93: Pivô 115
A94: Pivô 116
... A98: Pivô 120
A99: Pivô 121 | B99: Transplantio | H99: Transplantio
A100: Pivô 122 | C100: Falta de Água | F100: Falta de Água
A101: Pivô 123
A102: Pivô 124 | E102: Falta de Água
A103: Pivô 125
A104: Pivô 126
A105: Pivô 127
A106: Pivô 128
A107: Pivô 129
A108: Pivô 130
A109: Pivô 133

Sheet 27 02 2023
A1: Atendimento de irrigação (Imapacto Operacional Interno e Externo) - Semena 13/02/2023
A3: Data | B3: 44984 | C3: =B3+1 -> 44985 | D3: =C3+1 -> 44986 | E3: =D3+1 -> 44987 | F3: =E3+1 -> 44988 | G3: =F3+1 -> 44989 | H3: =G3+1 -> 44990
A4: Pivô | B4: =TEXT(B3,"ddd") -> seg | C4: =TEXT(C3,"ddd") -> ter | D4: =TEXT(D3,"ddd") -> qua | E4: =TEXT(E3,"ddd") -> qui | F4: =TEXT(F3,"ddd") -> sex | G4: =TEXT(G3,"ddd") -> sáb | H4: =TEXT(H3,"ddd") -> dom | J4: Parâmetros | K4: Contagem | L4: Porcentagem | M4: Semana
A5: Pivô 01 | J5: Pulverização | K5: =COUNTIF($B$5:$H$109,J5) -> 0 | L5: =K5/$K$22 -> 0 | M5: =B3 -> 44984
A6: Pivô 02 | J6: Adubação | K6: =COUNTIF($B$5:$H$109,J6) -> 0 | L6: =K6/$K$22 -> 0
A7: Pivô 03 | J7: Transplantio | K7: =COUNTIF($B$5:$H$109,J7) -> 0 | L7: =K7/$K$22 -> 0
A8: Pivô 04 | J8: Colheita Tabaco | K8: =COUNTIF($B$5:$H$109,J8) -> 0 | L8: =K8/$K$22 -> 0
A9: Pivô 05 | J9: Plantio | K9: =COUNTIF($B$5:$H$109,J9) -> 0 | L9: =K9/$K$22 -> 0
A10: Pivô 06 | J10: Erosão/Rastro | K10: =COUNTIF($B$5:$H$109,J10) -> 0 | L10: =K10/$K$22 -> 0
A11: Pivô 07 | J11: Mecânico/Trator | K11: =COUNTIF($B$5:$H$109,J11) -> 0 | L11: =K11/$K$22 -> 0
A12: Pivô 08 | J12: Transporte | K12: =COUNTIF($B$5:$H$109,J12) -> 0 | L12: =K12/$K$22 -> 0
A13: Pivô 09 | J13: Pivô Atolado | K13: =COUNTIF($B$5:$H$109,J13) -> 1 | L13: =K13/$K$22 -> 0.0625
A14: Pivô 10 | J14: Entrega do Produto | K14: =COUNTIF($B$5:$H$109,J14) -> 1 | L14: =K14/$K$22 -> 0.0625
A15: Pivô 11 | J15: Limpeza e aferições | K15: =COUNTIF($B$5:$H$109,J15) -> 0 | L15: =K15/$K$22 -> 0
A16: Pivô 12 | J16: Falta de Água | K16: =COUNTIF($B$5:$H$109,J16) -> 12 | L16: =K16/$K$22 -> 0.75
A17: Pivô 13 | J17: Desponte | K17: =COUNTIF($B$5:$H$109,J17) -> 0 | L17: =K17/$K$22 -> 0
A18: Pivô 14 | H18: Entupimento | J18: Gerador | K18: =COUNTIF($B$5:$H$109,J18) -> 0 | L18: =K18/$K$22 -> 0
A19: Pivô 15 | J19: Injeferd | K19: =COUNTIF($B$5:$H$109,J19) -> 0 | L19: =K19/$K$22 -> 0
A20: Pivô 16 | J20: Syngenta | K20: =COUNTIF($B$5:$H$109,J20) -> 0 | L20: =K20/$K$22 -> 0
A21: Pivô 17 | J21: Entupimento | K21: =COUNTIF($B$5:$H$109,J21) -> 2 | L21: =K21/$K$22 -> 0.125
A22: Pivô 18 | C22: Pivô Atolado | J22: Total | K22: =SUM(K5:K21) -> 16
A23: Pivô 19
A24: Pivô 20
A25: Pivô 21
A26: Pivô 22
A27: Pivô 23
A28: Pivô 24 | H28: Entupimento
A29: Pivô 25
A30: Pivô 26
A31: Pivô 27
A32: Pivô 28
A33: Pivô 29
A34: Pivô 30 | C34: Falta de Água
A35: Pivô 31
A36: Pivô 32
A37: Pivô 33
A38: Pivô 34
A39: Pivô 35
A40: Pivô 36
A41: Pivô 37
A42: Pivô 38
A43: Pivô 39
A44: Pivô 40
A45: Pivô 41 | C45: Entrega do Produto
A46: Pivô 42
A47: Pivô 43
A48: Pivô 44
A49: Pivô 45
A50: Pivô 46
A51: Pivô 47
A52: Pivô 48
A53: Pivô 49
A54: Pivô 50
A55: Pivô 51
A56: Pivô 52
A57: Pivô 53
... A61: Pivô 57
A62: Pivô 58 | E62: Falta de Água
A63: Pivô 59
A64: Pivô 60 | E64: Falta de Água
A65: Pivô 61 | D65: Falta de Água
A66: Pivô 62 | D66: Falta de Água
A67: Pivô 63
A68: Pivô 64
A69: Pivô 65
A70: Pivô 66
A71: Pivô 67
A72: Pivô 68
A73: Pivô 69
A74: Pivô 70
A75: Pivô 71
A76: Pivô 72
A77: Pivô 73
A78: Pivô 74
... A82: Pivô 104
A83: Pivô 105 | E83: Falta de Água
A84: Pivô 106
A85: Pivô 107
A86: Pivô 108
A87: Pivô 109
A88: Pivô 110
A89: Pivô 111
A90: Pivô 112 | E90: Falta de Água
A91: Pivô 113 | H91: Falta de Água
A92: Pivô 114
A93: Pivô 115 | H93: Falta de Água
A94: Pivô 116
A95: Pivô 117
A96: Pivô 118
A97: Pivô 119 | C97: Falta de Água
A98: Pivô 120
A99: Pivô 121
A100: Pivô 122 | H100: Falta de Água
A101: Pivô 123
A102: Pivô 124 | F102: Falta de Água
A103: Pivô 125
A104: Pivô 126
A105: Pivô 127
A106: Pivô 128
A107: Pivô 129
...

Sheet 06 03 2023
A1: Atendimento de irrigação (Imapacto Operacional Interno e Externo) - Semena 13/02/2023
A3: Data | B3: 44991 | C3: =B3+1 -> 44992 | D3: =C3+1 -> 44993 | E3: =D3+1 -> 44994 | F3: =E3+1 -> 44995 | G3: =F3+1 -> 44996 | H3: =G3+1 -> 44997
A4: Pivô | B4: =TEXT(B3,"ddd") -> seg | C4: =TEXT(C3,"ddd") -> ter | D4: =TEXT(D3,"ddd") -> qua | E4: =TEXT(E3,"ddd") -> qui | F4: =TEXT(F3,"ddd") -> sex | G4: =TEXT(G3,"ddd") -> sáb | H4: =TEXT(H3,"ddd") -> dom | J4: Parâmetros | K4: Contagem | L4: Porcentagem | M4: Semana
A5: Pivô 01 | G5: Pivô Atolado | H5: Pivô Atolado | J5: Pulverização | K5: =COUNTIF($B$5:$H$109,J5) -> 1 | L5: =K5/$K$22 -> 0.034482759 | M5: =B3 -> 44991
A6: Pivô 02 | J6: Adubação | K6: =COUNTIF($B$5:$H$109,J6) -> 0 | L6: =K6/$K$22 -> 0
A7: Pivô 03 | J7: Transplantio | K7: =COUNTIF($B$5:$H$109,J7) -> 0 | L7: =K7/$K$22 -> 0
A8: Pivô 04 | J8: Colheita Tabaco | K8: =COUNTIF($B$5:$H$109,J8) -> 0 | L8: =K8/$K$22 -> 0
A9: Pivô 05 | J9: Plantio | K9: =COUNTIF($B$5:$H$109,J9) -> 0 | L9: =K9/$K$22 -> 0
A10: Pivô 06 | J10: Erosão/Rastro | K10: =COUNTIF($B$5:$H$109,J10) -> 1 | L10: =K10/$K$22 -> 0.034482759
A11: Pivô 07 | J11: Mecânico/Trator | K11: =COUNTIF($B$5:$H$109,J11) -> 0 | L11: =K11/$K$22 -> 0
A12: Pivô 08 | J12: Transporte | K12: =COUNTIF($B$5:$H$109,J12) -> 0 | L12: =K12/$K$22 -> 0
A13: Pivô 09 | J13: Pivô Atolado | K13: =COUNTIF($B$5:$H$109,J13) -> 3 | L13: =K13/$K$22 -> 0.10344828
A14: Pivô 10 | J14: Entrega do Produto | K14: =COUNTIF($B$5:$H$109,J14) -> 0 | L14: =K14/$K$22 -> 0
A15: Pivô 11 | J15: Limpeza e aferições | K15: =COUNTIF($B$5:$H$109,J15) -> 0 | L15: =K15/$K$22 -> 0
A16: Pivô 12 | J16: Falta de Água | K16: =COUNTIF($B$5:$H$109,J16) -> 20 | L16: =K16/$K$22 -> 0.68965517
A17: Pivô 13 | J17: Desponte | K17: =COUNTIF($B$5:$H$109,J17) -> 0 | L17: =K17/$K$22 -> 0
A18: Pivô 14 | B18: Entupimento | C18: Entupimento | J18: Gerador | K18: =COUNTIF($B$5:$H$109,J18) -> 0 | L18: =K18/$K$22 -> 0
A19: Pivô 15 | H19: Pivô Atolado | J19: Injeferd | K19: =COUNTIF($B$5:$H$109,J19) -> 0 | L19: =K19/$K$22 -> 0
A20: Pivô 16 | J20: Syngenta | K20: =COUNTIF($B$5:$H$109,J20) -> 0 | L20: =K20/$K$22 -> 0
A21: Pivô 17 | J21: Entupimento | K21: =COUNTIF($B$5:$H$109,J21) -> 4 | L21: =K21/$K$22 -> 0.13793103
A22: Pivô 18 | J22: Total | K22: =SUM(K5:K21) -> 29
A23: Pivô 19
A24: Pivô 20
A25: Pivô 21
A26: Pivô 22 | F26: Pulverização
A27: Pivô 23 | C27: Falta de Água
A28: Pivô 24 | B28: Entupimento | C28: Entupimento
A29: Pivô 25
A30: Pivô 26
A31: Pivô 27
A32: Pivô 28
A33: Pivô 29
A34: Pivô 30
A35: Pivô 31
A36: Pivô 32
A37: Pivô 33
A38: Pivô 34
A39: Pivô 35
A40: Pivô 36
... A47: Pivô 43
A48: Pivô 44 | H48: Erosão/Rastro
A49: Pivô 45
A50: Pivô 46
A51: Pivô 47
A52: Pivô 48
A53: Pivô 49
A54: Pivô 50
A55: Pivô 51
A56: Pivô 52
A57: Pivô 53
A58: Pivô 54
A59: Pivô 55
A60: Pivô 56
... A80: Pivô 102
A81: Pivô 103 | G81: Falta de Água
A82: Pivô 104 | G82: Falta de Água
A83: Pivô 105
A84: Pivô 106
A85: Pivô 107
A86: Pivô 108
A87: Pivô 109 | G87: Falta de Água
A88: Pivô 110
A89: Pivô 111
A90: Pivô 112 | F90: Falta de Água
A91: Pivô 113 | B91: Falta de Água | H91: Falta de Água
A92: Pivô 114 | F92: Falta de Água | G92: Falta de Água
A93: Pivô 115 | E93: Falta de Água | G93: Falta de Água
A94: Pivô 116
A95: Pivô 117 | B95: Falta de Água | G95: Falta de Água | H95: Falta de Água
A96: Pivô 118
A97: Pivô 119 | E97: Falta de Água | F97: Falta de Água | G97: Falta de Água | H97: Falta de Água
A98: Pivô 120 | G98: Falta de Água | H98: Falta de Água
A99: Pivô 121
A100: Pivô 122
A101: Pivô 123
A102: Pivô 124
A103: Pivô 125
A104: Pivô 126
A105: Pivô 127
A106: Pivô 128
A107: Pivô 129
A108: Pivô 130
A109: Pivô 133

Sheet 13 03 2023
A1: Atendimento de irrigação (Imapacto Operacional Interno e Externo)
A3: Data | B3: 44998 | C3: =B3+1 -> 44999 | D3: =C3+1 -> 45000 | E3: =D3+1 -> 45001 | F3: =E3+1 -> 45002 | G3: =F3+1 -> 45003 | H3: =G3+1 -> 45004
A4: Pivô | B4: =TEXT(B3,"ddd") -> seg | C4: =TEXT(C3,"ddd") -> ter | D4: =TEXT(D3,"ddd") -> qua | E4: =TEXT(E3,"ddd") -> qui | F4: =TEXT(F3,"ddd") -> sex | G4: =TEXT(G3,"ddd") -> sáb | H4: =TEXT(H3,"ddd") -> dom | J4: Parâmetros | K4: Contagem | L4: Porcentagem | M4: Semana
A5: Pivô 01 | B5: Pivô Atolado | C5: Pivô Atolado | D5: Pivô Atolado | J5: Pulverização | K5: =COUNTIF($B$5:$H$109,J5) -> 3 | L5: =K5/$K$22 -> 0.068181818 | M5: =B3 -> 44998
A6: Pivô 02 | C6: Transplantio | J6: Adubação | K6: =COUNTIF($B$5:$H$109,J6) -> 1 | L6: =K6/$K$22 -> 0.022727273
A7: Pivô 03 | B7: Limpeza e aferições | J7: Transplantio | K7: =COUNTIF($B$5:$H$109,J7) -> 1 | L7: =K7/$K$22 -> 0.022727273
A8: Pivô 04 | J8: Colheita Tabaco | K8: =COUNTIF($B$5:$H$109,J8) -> 0 | L8: =K8/$K$22 -> 0
A9: Pivô 05 | J9: Plantio | K9: =COUNTIF($B$5:$H$109,J9) -> 0 | L9: =K9/$K$22 -> 0
A10: Pivô 06 | J10: Erosão/Rastro | K10: =COUNTIF($B$5:$H$109,J10) -> 3 | L10: =K10/$K$22 -> 0.068181818
A11: Pivô 07 | J11: Mecânico/Trator | K11: =COUNTIF($B$5:$H$109,J11) -> 0 | L11: =K11/$K$22 -> 0
A12: Pivô 08 | J12: Operação Ferti | K12: =COUNTIF($B$5:$H$109,J12) -> 4 | L12: =K12/$K$22 -> 0.090909091
A13: Pivô 09 | J13: Pivô Atolado | K13: =COUNTIF($B$5:$H$109,J13) -> 3 | L13: =K13/$K$22 -> 0.068181818
A14: Pivô 10 | J14: Entrega do Produto | K14: =COUNTIF($B$5:$H$109,J14) -> 0 | L14: =K14/$K$22 -> 0
A15: Pivô 11 | B15: Limpeza e aferições | J15: Limpeza e aferições | K15: =COUNTIF($B$5:$H$109,J15) -> 4 | L15: =K15/$K$22 -> 0.090909091
A16: Pivô 12 | J16: Falta de Água | K16: =COUNTIF($B$5:$H$109,J16) -> 17 | L16: =K16/$K$22 -> 0.38636364
A17: Pivô 13 | B17: Limpeza e aferições | J17: Desponte | K17: =COUNTIF($B$5:$H$109,J17) -> 0 | L17: =K17/$K$22 -> 0
A18: Pivô 14 | B18: Limpeza e aferições | J18: Gerador | K18: =COUNTIF($B$5:$H$109,J18) -> 8 | L18: =K18/$K$22 -> 0.18181818
A19: Pivô 15 | J19: Injeferd | K19: =COUNTIF($B$5:$H$109,J19) -> 0 | L19: =K19/$K$22 -> 0
A20: Pivô 16 | J20: Syngenta | K20: =COUNTIF($B$5:$H$109,J20) -> 0 | L20: =K20/$K$22 -> 0
A21: Pivô 17 | F21: Operação Ferti | J21: Entupimento | K21: =COUNTIF($B$5:$H$109,J21) -> 0 | L21: =K21/$K$22 -> 0
A22: Pivô 18 | J22: Total | K22: =SUM(K5:K21) -> 44
A23: Pivô 19 | E23: Operação Ferti
A24: Pivô 20
A25: Pivô 21
A26: Pivô 22
A27: Pivô 23 | C27: Falta de Água
A28: Pivô 24 | C28: Falta de Água
A29: Pivô 25
A30: Pivô 26
A31: Pivô 27
A32: Pivô 28
A33: Pivô 29
A34: Pivô 30 | C34: Gerador | D34: Gerador | E34: Gerador | G34: Gerador | H34: Gerador
A35: Pivô 31 | C35: Falta de Água
A36: Pivô 32 | C36: Adubação
A37: Pivô 33
A38: Pivô 34
A39: Pivô 35
A40: Pivô 36
A41: Pivô 37
A42: Pivô 38
A43: Pivô 39
A44: Pivô 40
A45: Pivô 41
A46: Pivô 42
A47: Pivô 43
A48: Pivô 44 | B48: Erosão/Rastro | C48: Erosão/Rastro | D48: Erosão/Rastro
A49: Pivô 45 | F49: Gerador
A50: Pivô 46
A51: Pivô 47
A52: Pivô 48
A53: Pivô 49
A54: Pivô 50
A55: Pivô 51
A56: Pivô 52
A57: Pivô 53
A58: Pivô 54
A59: Pivô 55
A60: Pivô 56
A61: Pivô 57
A62: Pivô 58 | E62: Gerador
A63: Pivô 59
A64: Pivô 60
A65: Pivô 61 | E65: Gerador
A66: Pivô 62
A67: Pivô 63
A68: Pivô 64
A69: Pivô 65
A70: Pivô 66
A71: Pivô 67
A72: Pivô 68
A73: Pivô 69
A74: Pivô 70
A75: Pivô 71
A76: Pivô 72
A77: Pivô 73 | B77: Pulverização
A78: Pivô 74
A79: Pivô 101
A80: Pivô 102
A81: Pivô 103
A82: Pivô 104
A83: Pivô 105
A84: Pivô 106
A85: Pivô 107
A86: Pivô 108
A87: Pivô 109
A88: Pivô 110
A89: Pivô 111
A90: Pivô 112 | B90: Falta de Água | H90: Falta de Água
A91: Pivô 113 | D91: Falta de Água | G91: Falta de Água
A92: Pivô 114 | H92: Falta de Água
A93: Pivô 115 | C93: Falta de Água | G93: Falta de Água | H93: Falta de Água
A94: Pivô 116
A95: Pivô 117 | B95: Falta de Água | C95: Falta de Água | D95: Falta de Água | G95: Falta de Água
A96: Pivô 118
A97: Pivô 119
A98: Pivô 120
A99: Pivô 121
A100: Pivô 122 | B100: Falta de Água
A101: Pivô 123 | F101: Operação Ferti
...

Sheet 20 03 2023
A1: Atendimento de irrigação (Imapacto Operacional Interno e Externo)
A3: Data | B3: 45005 | C3: =B3+1 -> 45006 | D3: =C3+1 -> 45007 | E3: =D3+1 -> 45008 | F3: =E3+1 -> 45009 | G3: =F3+1 -> 45010 | H3: =G3+1 -> 45011
A4: Pivô | B4: =TEXT(B3,"ddd") -> seg | C4: =TEXT(C3,"ddd") -> ter | D4: =TEXT(D3,"ddd") -> qua | E4: =TEXT(E3,"ddd") -> qui | F4: =TEXT(F3,"ddd") -> sex | G4: =TEXT(G3,"ddd") -> sáb | H4: =TEXT(H3,"ddd") -> dom | J4: Parâmetros | K4: Contagem | L4: Porcentagem | M4: Semana
A5: Pivô 01 | J5: Pulverização | K5: =COUNTIF($B$5:$H$109,J5) -> 3 | L5: =K5/$K$22 -> 0.071428571 | M5: =B3 -> 45005
A6: Pivô 02 | C6: Adubação | J6: Adubação | K6: =COUNTIF($B$5:$H$109,J6) -> 8 | L6: =K6/$K$22 -> 0.19047619
A7: Pivô 03 | J7: Transplantio | K7: =COUNTIF($B$5:$H$109,J7) -> 2 | L7: =K7/$K$22 -> 0.047619048
A8: Pivô 04 | B8: Transplantio | D8: Transplantio | J8: Colheita Tabaco | K8: =COUNTIF($B$5:$H$109,J8) -> 0 | L8: =K8/$K$22 -> 0
A9: Pivô 05 | J9: Plantio | K9: =COUNTIF($B$5:$H$109,J9) -> 0 | L9: =K9/$K$22 -> 0
A10: Pivô 06 | J10: Erosão/Rastro | K10: =COUNTIF($B$5:$H$109,J10) -> 1 | L10: =K10/$K$22 -> 0.023809524
A11: Pivô 07 | J11: Mecânico/Trator | K11: =COUNTIF($B$5:$H$109,J11) -> 0 | L11: =K11/$K$22 -> 0
A12: Pivô 08 | J12: Operação Ferti | K12: =COUNTIF($B$5:$H$109,J12) -> 1 | L12: =K12/$K$22 -> 0.023809524
A13: Pivô 09 | J13: Pivô Atolado | K13: =COUNTIF($B$5:$H$109,J13) -> 2 | L13: =K13/$K$22 -> 0.047619048
A14: Pivô 10 | J14: Entrega do Produto | K14: =COUNTIF($B$5:$H$109,J14) -> 0 | L14: =K14/$K$22 -> 0
A15: Pivô 11 | J15: Limpeza e aferições | K15: =COUNTIF($B$5:$H$109,J15) -> 2 | L15: =K15/$K$22 -> 0.047619048
A16: Pivô 12 | J16: Falta de Água | K16: =COUNTIF($B$5:$H$109,J16) -> 21 | L16: =K16/$K$22 -> 0.5
A17: Pivô 13 | J17: Desponte | K17: =COUNTIF($B$5:$H$109,J17) -> 0 | L17: =K17/$K$22 -> 0
A18: Pivô 14 | J18: Gerador | K18: =COUNTIF($B$5:$H$109,J18) -> 2 | L18: =K18/$K$22 -> 0.047619048
A19: Pivô 15 | G19: Erosão/Rastro | J19: Injeferd | K19: =COUNTIF($B$5:$H$109,J19) -> 0 | L19: =K19/$K$22 -> 0
A20: Pivô 16 | H20: Pivô Atolado | J20: Syngenta | K20: =COUNTIF($B$5:$H$109,J20) -> 0 | L20: =K20/$K$22 -> 0
A21: Pivô 17 | J21: Entupimento | K21: =COUNTIF($B$5:$H$109,J21) -> 0 | L21: =K21/$K$22 -> 0
A22: Pivô 18 | B22: Pivô Atolado | J22: Total | K22: =SUM(K5:K21) -> 42
A23: Pivô 19
A24: Pivô 20
A25: Pivô 21
A26: Pivô 22 | H26: Adubação
A27: Pivô 23 | D27: Falta de Água
A28: Pivô 24 | D28: Falta de Água
A29: Pivô 25
A30: Pivô 26
A31: Pivô 27
A32: Pivô 28 | C32: Limpeza e aferições | F32: Adubação
A33: Pivô 29
A34: Pivô 30 | B34: Gerador | C34: Gerador
A35: Pivô 31
A36: Pivô 32
A37: Pivô 33 | C37: Limpeza e aferições | H37: Pulverização
A38: Pivô 34
A39: Pivô 35
A40: Pivô 36
A41: Pivô 37
A42: Pivô 38
A43: Pivô 39
A44: Pivô 40
A45: Pivô 41
A46: Pivô 42
A47: Pivô 43
A48: Pivô 44
A49: Pivô 45
A50: Pivô 46 | H50: Adubação
A51: Pivô 47
A52: Pivô 48
A53: Pivô 49
A54: Pivô 50
A55: Pivô 51
A56: Pivô 52
A57: Pivô 53
A58: Pivô 54
A59: Pivô 55
A60: Pivô 56
A61: Pivô 57
A62: Pivô 58
A63: Pivô 59
A64: Pivô 60 | G64: Pulverização
A65: Pivô 61
A66: Pivô 62
A67: Pivô 63
A68: Pivô 64
A69: Pivô 65
A70: Pivô 66
A71: Pivô 67
A72: Pivô 68 | F72: Pulverização
A73: Pivô 69
A74: Pivô 70
A75: Pivô 71
A76: Pivô 72
A77: Pivô 73
A78: Pivô 74
A79: Pivô 101 | D79: Adubação | G79: Falta de Água
A80: Pivô 102
A81: Pivô 103
A82: Pivô 104
A83: Pivô 105
A84: Pivô 106
A85: Pivô 107 | H85: Falta de Água
A86: Pivô 108
A87: Pivô 109 | F87: Adubação
A88: Pivô 110 | C88: Adubação
A89: Pivô 111
A90: Pivô 112 | D90: Falta de Água | G90: Falta de Água | H90: Falta de Água
A91: Pivô 113 | C91: Falta de Água | H91: Falta de Água
A92: Pivô 114
A93: Pivô 115
A94: Pivô 116
A95: Pivô 117 | D95: Falta de Água | G95: Falta de Água | H95: Falta de Água
A96: Pivô 118
A97: Pivô 119 | B97: Falta de Água | D97: Falta de Água | H97: Falta de Água
A98: Pivô 120 | D98: Falta de Água
A99: Pivô 121 | C99: Operação Ferti
A100: Pivô 122 | F100: Falta de Água | G100: Falta de Água
A101: Pivô 123 | E101: Adubação
...

Sheet 27 03 2023
A1: Atendimento de irrigação (Imapacto Operacional Interno e Externo)
A3: Data | B3: 45012 | C3: =B3+1 -> 45013 | D3: =C3+1 -> 45014 | E3: =D3+1 -> 45015 | F3: =E3+1 -> 45016 | G3: =F3+1 -> 45017 | H3: =G3+1 -> 45018
A4: Pivô | B4: =TEXT(B3,"ddd") -> seg | C4: =TEXT(C3,"ddd") -> ter | D4: =TEXT(D3,"ddd") -> qua | E4: =TEXT(E3,"ddd") -> qui | F4: =TEXT(F3,"ddd") -> sex | G4: =TEXT(G3,"ddd") -> sáb | H4: =TEXT(H3,"ddd") -> dom | J4: Parâmetros | K4: Contagem | L4: Porcentagem | M4: Semana
A5: Pivô 01 | J5: Pulverização | K5: =COUNTIF($B$5:$H$109,J5) -> 0 | L5: =K5/$K$22 -> 0 | M5: =B3 -> 45012
A6: Pivô 02 | J6: Adubação | K6: =COUNTIF($B$5:$H$109,J6) -> 1 | L6: =K6/$K$22 -> 0.047619048
A7: Pivô 03 | D7: Adubação | J7: Transplantio | K7: =COUNTIF($B$5:$H$109,J7) -> 1 | L7: =K7/$K$22 -> 0.047619048
A8: Pivô 04 | C8: Transplantio | J8: Colheita Tabaco | K8: =COUNTIF($B$5:$H$109,J8) -> 0 | L8: =K8/$K$22 -> 0
A9: Pivô 05 | J9: Plantio | K9: =COUNTIF($B$5:$H$109,J9) -> 0 | L9: =K9/$K$22 -> 0
A10: Pivô 06 | J10: Erosão/Rastro | K10: =COUNTIF($B$5:$H$109,J10) -> 0 | L10: =K10/$K$22 -> 0
A11: Pivô 07 | J11: Mecânico/Trator | K11: =COUNTIF($B$5:$H$109,J11) -> 0 | L11: =K11/$K$22 -> 0
A12: Pivô 08 | J12: Operação Ferti | K12: =COUNTIF($B$5:$H$109,J12) -> 0 | L12: =K12/$K$22 -> 0
A13: Pivô 09 | J13: Pivô Atolado | K13: =COUNTIF($B$5:$H$109,J13) -> 0 | L13: =K13/$K$22 -> 0
A14: Pivô 10 | J14: Entrega do Produto | K14: =COUNTIF($B$5:$H$109,J14) -> 2 | L14: =K14/$K$22 -> 0.095238095
A15: Pivô 11 | J15: Limpeza e aferições | K15: =COUNTIF($B$5:$H$109,J15) -> 1 | L15: =K15/$K$22 -> 0.047619048
A16: Pivô 12 | J16: Falta de Água | K16: =COUNTIF($B$5:$H$109,J16) -> 16 | L16: =K16/$K$22 -> 0.76190476
A17: Pivô 13 | J17: Desponte | K17: =COUNTIF($B$5:$H$109,J17) -> 0 | L17: =K17/$K$22 -> 0
A18: Pivô 14 | J18: Gerador | K18: =COUNTIF($B$5:$H$109,J18) -> 0 | L18: =K18/$K$22 -> 0
A19: Pivô 15 | J19: Injeferd | K19: =COUNTIF($B$5:$H$109,J19) -> 0 | L19: =K19/$K$22 -> 0
A20: Pivô 16 | J20: Syngenta | K20: =COUNTIF($B$5:$H$109,J20) -> 0 | L20: =K20/$K$22 -> 0
A21: Pivô 17 | J21: Entupimento | K21: =COUNTIF($B$5:$H$109,J21) -> 0 | L21: =K21/$K$22 -> 0
A22: Pivô 18 | J22: Total | K22: =SUM(K5:K21) -> 21
A23: Pivô 19
A24: Pivô 20
A25: Pivô 21 | C25: Limpeza e aferições
A26: Pivô 22
A27: Pivô 23
A28: Pivô 24
A29: Pivô 25
A30: Pivô 26
A31: Pivô 27
A32: Pivô 28
A33: Pivô 29
A34: Pivô 30
A35: Pivô 31
A36: Pivô 32
A37: Pivô 33
... A51: Pivô 47
A52: Pivô 48 | C52: Entrega do Produto
A53: Pivô 49
A54: Pivô 50
A55: Pivô 51
A56: Pivô 52
A57: Pivô 53
A58: Pivô 54
A59: Pivô 55
A60: Pivô 56
A61: Pivô 57
A62: Pivô 58
A63: Pivô 59
A64: Pivô 60
... A77: Pivô 73
A78: Pivô 74 | F78: Falta de Água
A79: Pivô 101
A80: Pivô 102
A81: Pivô 103
A82: Pivô 104
A83: Pivô 105
A84: Pivô 106
A85: Pivô 107
A86: Pivô 108
A87: Pivô 109 | B87: Falta de Água | C87: Falta de Água | D87: Falta de Água | E87: Falta de Água
A88: Pivô 110
A89: Pivô 111
A90: Pivô 112 | D90: Falta de Água
A91: Pivô 113 | E91: Falta de Água
A92: Pivô 114 | B92: Falta de Água | F92: Falta de Água
A93: Pivô 115 | C93: Falta de Água | G93: Falta de Água
A94: Pivô 116
A95: Pivô 117 | C95: Falta de Água | F95: Falta de Água
A96: Pivô 118
A97: Pivô 119
A98: Pivô 120 | G98: Falta de Água
A99: Pivô 121 | B99: Entrega do Produto
A100: Pivô 122 | C100: Falta de Água
A101: Pivô 123
A102: Pivô 124 | B102: Falta de Água
A103: Pivô 125
A104: Pivô 126
A105: Pivô 127
A106: Pivô 128
A107: Pivô 129
A108: Pivô 130
A109: Pivô 133

Sheet 03 04 2023
A1: Atendimento de irrigação (Imapacto Operacional Interno e Externo)
A3: Data | B3: 45019 | C3: =B3+1 -> 45020 | D3: =C3+1 -> 45021 | E3: =D3+1 -> 45022 | F3: =E3+1 -> 45023 | G3: =F3+1 -> 45024 | H3: =G3+1 -> 45025
A4: Pivô | B4: =TEXT(B3,"ddd") -> seg | C4: =TEXT(C3,"ddd") -> ter | D4: =TEXT(D3,"ddd") -> qua | E4: =TEXT(E3,"ddd") -> qui | F4: =TEXT(F3,"ddd") -> sex | G4: =TEXT(G3,"ddd") -> sáb | H4: =TEXT(H3,"ddd") -> dom | J4: Parâmetros | K4: Contagem | L4: Porcentagem | M4: Semana
A5: Pivô 01 | J5: Pulverização | K5: =COUNTIF($B$5:$H$109,J5) -> 0 | L5: =K5/$K$22 -> 0 | M5: =B3 -> 45019
A6: Pivô 02 | J6: Adubação | K6: =COUNTIF($B$5:$H$109,J6) -> 0 | L6: =K6/$K$22 -> 0
A7: Pivô 03 | J7: Transplantio | K7: =COUNTIF($B$5:$H$109,J7) -> 0 | L7: =K7/$K$22 -> 0
A8: Pivô 04 | J8: Colheita Tabaco | K8: =COUNTIF($B$5:$H$109,J8) -> 0 | L8: =K8/$K$22 -> 0
A9: Pivô 05 | J9: Plantio | K9: =COUNTIF($B$5:$H$109,J9) -> 0 | L9: =K9/$K$22 -> 0
A10: Pivô 06 | J10: Erosão/Rastro | K10: =COUNTIF($B$5:$H$109,J10) -> 0 | L10: =K10/$K$22 -> 0
A11: Pivô 07 | J11: Mecânico/Trator | K11: =COUNTIF($B$5:$H$109,J11) -> 0 | L11: =K11/$K$22 -> 0
A12: Pivô 08 | J12: Operação Ferti | K12: =COUNTIF($B$5:$H$109,J12) -> 2 | L12: =K12/$K$22 -> 0.4
A13: Pivô 09 | J13: Pivô Atolado | K13: =COUNTIF($B$5:$H$109,J13) -> 1 | L13: =K13/$K$22 -> 0.2
A14: Pivô 10 | J14: Entrega do Produto | K14: =COUNTIF($B$5:$H$109,J14) -> 0 | L14: =K14/$K$22 -> 0
A15: Pivô 11 | J15: Limpeza e aferições | K15: =COUNTIF($B$5:$H$109,J15) -> 0 | L15: =K15/$K$22 -> 0
A16: Pivô 12 | J16: Falta de Água | K16: =COUNTIF($B$5:$H$109,J16) -> 2 | L16: =K16/$K$22 -> 0.4
A17: Pivô 13 | J17: Desponte | K17: =COUNTIF($B$5:$H$109,J17) -> 0 | L17: =K17/$K$22 -> 0
A18: Pivô 14 | B18: Falta de Água | J18: Gerador | K18: =COUNTIF($B$5:$H$109,J18) -> 0 | L18: =K18/$K$22 -> 0
A19: Pivô 15 | J19: Injeferd | K19: =COUNTIF($B$5:$H$109,J19) -> 0 | L19: =K19/$K$22 -> 0
A20: Pivô 16 | J20: Syngenta | K20: =COUNTIF($B$5:$H$109,J20) -> 0 | L20: =K20/$K$22 -> 0
A21: Pivô 17 | J21: Entupimento | K21: =COUNTIF($B$5:$H$109,J21) -> 0 | L21: =K21/$K$22 -> 0
A22: Pivô 18 | J22: Total | K22: =SUM(K5:K21) -> 5
A23: Pivô 19
A24: Pivô 20
A25: Pivô 21
A26: Pivô 22
A27: Pivô 23
A28: Pivô 24 | B28: Falta de Água
A29: Pivô 25
A30: Pivô 26
A31: Pivô 27
A32: Pivô 28
A33: Pivô 29
A34: Pivô 30
A35: Pivô 31
A36: Pivô 32
A37: Pivô 33
A38: Pivô 34
A39: Pivô 35
A40: Pivô 36
... A51: Pivô 47
A52: Pivô 48 | F52: Pivô Atolado
A53: Pivô 49
A54: Pivô 50
A55: Pivô 51
A56: Pivô 52
A57: Pivô 53
A58: Pivô 54
A59: Pivô 55
A60: Pivô 56
A61: Pivô 57
A62: Pivô 58
A63: Pivô 59
A64: Pivô 60
... A98: Pivô 120
A99: Pivô 121 | D99: Operação Ferti
A100: Pivô 122
A101: Pivô 123
A102: Pivô 124
A103: Pivô 125
A104: Pivô 126 | D104: Operação Ferti
A105: Pivô 127
A106: Pivô 128
A107: Pivô 129
A108: Pivô 130
A109: Pivô 133

Sheet 10 04 2023
A1: Atendimento de irrigação (Imapacto Operacional Interno e Externo)
A3: Data | B3: 45026 | C3: =B3+1 -> 45027 | D3: =C3+1 -> 45028 | E3: =D3+1 -> 45029 | F3: =E3+1 -> 45030 | G3: =F3+1 -> 45031 | H3: =G3+1 -> 45032
A4: Pivô | B4: =TEXT(B3,"ddd") -> seg | C4: =TEXT(C3,"ddd") -> ter | D4: =TEXT(D3,"ddd") -> qua | E4: =TEXT(E3,"ddd") -> qui | F4: =TEXT(F3,"ddd") -> sex | G4: =TEXT(G3,"ddd") -> sáb | H4: =TEXT(H3,"ddd") -> dom | J4: Parâmetros | K4: Contagem | L4: Porcentagem | M4: Semana
A5: Pivô 01 | J5: Pulverização | K5: =COUNTIF($B$5:$H$109,J5) -> 2 | L5: =K5/$K$22 -> 0.33333333 | M5: =B3 -> 45026
A6: Pivô 02 | J6: Adubação | K6: =COUNTIF($B$5:$H$109,J6) -> 0 | L6: =K6/$K$22 -> 0
A7: Pivô 03 | J7: Transplantio | K7: =COUNTIF($B$5:$H$109,J7) -> 0 | L7: =K7/$K$22 -> 0
A8: Pivô 04 | J8: Colheita Tabaco | K8: =COUNTIF($B$5:$H$109,J8) -> 0 | L8: =K8/$K$22 -> 0
A9: Pivô 05 | J9: Plantio | K9: =COUNTIF($B$5:$H$109,J9) -> 0 | L9: =K9/$K$22 -> 0
A10: Pivô 06 | J10: Erosão/Rastro | K10: =COUNTIF($B$5:$H$109,J10) -> 0 | L10: =K10/$K$22 -> 0
A11: Pivô 07 | J11: Mecânico/Trator | K11: =COUNTIF($B$5:$H$109,J11) -> 0 | L11: =K11/$K$22 -> 0
A12: Pivô 08 | J12: Operação Ferti | K12: =COUNTIF($B$5:$H$109,J12) -> 0 | L12: =K12/$K$22 -> 0
A13: Pivô 09 | J13: Pivô Atolado | K13: =COUNTIF($B$5:$H$109,J13) -> 0 | L13: =K13/$K$22 -> 0
A14: Pivô 10 | J14: Entrega do Produto | K14: =COUNTIF($B$5:$H$109,J14) -> 0 | L14: =K14/$K$22 -> 0
A15: Pivô 11 | J15: Limpeza e aferições | K15: =COUNTIF($B$5:$H$109,J15) -> 2 | L15: =K15/$K$22 -> 0.33333333
A16: Pivô 12 | J16: Falta de Água | K16: =COUNTIF($B$5:$H$109,J16) -> 2 | L16: =K16/$K$22 -> 0.33333333
A17: Pivô 13 | J17: Desponte | K17: =COUNTIF($B$5:$H$109,J17) -> 0 | L17: =K17/$K$22 -> 0
A18: Pivô 14 | J18: Gerador | K18: =COUNTIF($B$5:$H$109,J18) -> 0 | L18: =K18/$K$22 -> 0
A19: Pivô 15 | F19: Pulverização | J19: Injeferd | K19: =COUNTIF($B$5:$H$109,J19) -> 0 | L19: =K19/$K$22 -> 0
A20: Pivô 16 | J20: Syngenta | K20: =COUNTIF($B$5:$H$109,J20) -> 0 | L20: =K20/$K$22 -> 0
A21: Pivô 17 | J21: Entupimento | K21: =COUNTIF($B$5:$H$109,J21) -> 0 | L21: =K21/$K$22 -> 0
A22: Pivô 18 | J22: Total | K22: =SUM(K5:K21) -> 6
A23: Pivô 19 | B23: Falta de Água
A24: Pivô 20
A25: Pivô 21
A26: Pivô 22
A27: Pivô 23
A28: Pivô 24
A29: Pivô 25
A30: Pivô 26 | D30: Falta de Água
A31: Pivô 27
A32: Pivô 28
A33: Pivô 29
A34: Pivô 30 | B34: Limpeza e aferições
A35: Pivô 31
A36: Pivô 32
A37: Pivô 33
A38: Pivô 34 | C38: Limpeza e aferições
A39: Pivô 35
A40: Pivô 36 | F40: Pulverização
A41: Pivô 37
A42: Pivô 38
A43: Pivô 39
A44: Pivô 40
A45: Pivô 41
A46: Pivô 42
A47: Pivô 43
A48: Pivô 44
A49: Pivô 45
A50: Pivô 46
A51: Pivô 47
A52: Pivô 48
... A109: Pivô 133

Sheet 17 04 2023
A1: Atendimento de irrigação (Imapacto Operacional Interno e Externo)
A3: Data | B3: 45033 | C3: =B3+1 -> 45034 | D3: =C3+1 -> 45035 | E3: =D3+1 -> 45036 | F3: =E3+1 -> 45037 | G3: =F3+1 -> 45038 | H3: =G3+1 -> 45039
A4: Pivô | B4: =TEXT(B3,"ddd") -> seg | C4: =TEXT(C3,"ddd") -> ter | D4: =TEXT(D3,"ddd") -> qua | E4: =TEXT(E3,"ddd") -> qui | F4: =TEXT(F3,"ddd") -> sex | G4: =TEXT(G3,"ddd") -> sáb | H4: =TEXT(H3,"ddd") -> dom | J4: Parâmetros | K4: Contagem | L4: Porcentagem | M4: Semana
A5: Pivô 01 | J5: Pulverização | K5: =COUNTIF($B$5:$H$109,J5) -> 0 | L5: =K5/$K$22 -> 0 | M5: =B3 -> 45033
A6: Pivô 02 | J6: Adubação | K6: =COUNTIF($B$5:$H$109,J6) -> 0 | L6: =K6/$K$22 -> 0
A7: Pivô 03 | J7: Transplantio | K7: =COUNTIF($B$5:$H$109,J7) -> 0 | L7: =K7/$K$22 -> 0
A8: Pivô 04 | J8: Colheita Tabaco | K8: =COUNTIF($B$5:$H$109,J8) -> 0 | L8: =K8/$K$22 -> 0
A9: Pivô 05 | J9: Plantio | K9: =COUNTIF($B$5:$H$109,J9) -> 0 | L9: =K9/$K$22 -> 0
A10: Pivô 06 | J10: Erosão/Rastro | K10: =COUNTIF($B$5:$H$109,J10) -> 1 | L10: =K10/$K$22 -> 0.038461538
A11: Pivô 07 | J11: Mecânico/Trator | K11: =COUNTIF($B$5:$H$109,J11) -> 0 | L11: =K11/$K$22 -> 0
A12: Pivô 08 | J12: Operação Ferti | K12: =COUNTIF($B$5:$H$109,J12) -> 0 | L12: =K12/$K$22 -> 0
A13: Pivô 09 | J13: Pivô Atolado | K13: =COUNTIF($B$5:$H$109,J13) -> 0 | L13: =K13/$K$22 -> 0
A14: Pivô 10 | J14: Entrega do Produto | K14: =COUNTIF($B$5:$H$109,J14) -> 0 | L14: =K14/$K$22 -> 0
A15: Pivô 11 | J15: Limpeza e aferições | K15: =COUNTIF($B$5:$H$109,J15) -> 2 | L15: =K15/$K$22 -> 0.076923077
A16: Pivô 12 | J16: Falta de Água | K16: =COUNTIF($B$5:$H$109,J16) -> 23 | L16: =K16/$K$22 -> 0.88461538
A17: Pivô 13 | J17: Desponte | K17: =COUNTIF($B$5:$H$109,J17) -> 0 | L17: =K17/$K$22 -> 0
... A21: Pivô 17 | J21: Entupimento | K21: =COUNTIF($B$5:$H$109,J21) -> 0 | L21: =K21/$K$22 -> 0
A22: Pivô 18 | J22: Total | K22: =SUM(K5:K21) -> 26
A23: Pivô 19
A24: Pivô 20
A25: Pivô 21
A26: Pivô 22
A27: Pivô 23
A28: Pivô 24
A29: Pivô 25
A30: Pivô 26
A31: Pivô 27 | B31: Erosão/Rastro
A32: Pivô 28
A33: Pivô 29
A34: Pivô 30 | G34: Limpeza e aferições
A35: Pivô 31
A36: Pivô 32
A37: Pivô 33
A38: Pivô 34
A39: Pivô 35
A40: Pivô 36
A41: Pivô 37
A42: Pivô 38
A43: Pivô 39
A44: Pivô 40
A45: Pivô 41
A46: Pivô 42
... A48: Pivô 44
A49: Pivô 45 | C49: Limpeza e aferições
A50: Pivô 46
A51: Pivô 47
A52: Pivô 48
A53: Pivô 49
A54: Pivô 50 | C54: Falta de Água | F54: Falta de Água
A55: Pivô 51 | C55: Falta de Água | F55: Falta de Água
A56: Pivô 52
A57: Pivô 53
A58: Pivô 54
A59: Pivô 55 | C59: Falta de Água | E59: Falta de Água
A60: Pivô 56 | C60: Falta de Água | E60: Falta de Água
A61: Pivô 57 | E61: Falta de Água
A62: Pivô 58 | E62: Falta de Água
A63: Pivô 59 | E63: Falta de Água
A64: Pivô 60 | D64: Falta de Água | F64: Falta de Água
A65: Pivô 61 | E65: Falta de Água
A66: Pivô 62 | E66: Falta de Água
A67: Pivô 63
A68: Pivô 64
A69: Pivô 65
A70: Pivô 66 | C70: Falta de Água | F70: Falta de Água
A71: Pivô 67 | F71: Falta de Água
A72: Pivô 68 | F72: Falta de Água
A73: Pivô 69
A74: Pivô 70 | B74: Falta de Água | D74: Falta de Água | E74: Falta de Água
A75: Pivô 71
A76: Pivô 72 | E76: Falta de Água
A77: Pivô 73
A78: Pivô 74
A79: Pivô 101
A80: Pivô 102
A81: Pivô 103
A82: Pivô 104
A83: Pivô 105
A84: Pivô 106
A85: Pivô 107
A86: Pivô 108
A87: Pivô 109
A88: Pivô 110
... A109: Pivô 133

Sheet 24 04 2023
A1: Atendimento de irrigação (Imapacto Operacional Interno e Externo)
A3: Data | B3: 45040 | C3: =B3+1 -> 45041 | D3: =C3+1 -> 45042 | E3: =D3+1 -> 45043 | F3: =E3+1 -> 45044 | G3: =F3+1 -> 45045 | H3: =G3+1 -> 45046
A4: Pivô | B4: =TEXT(B3,"ddd") -> seg | C4: =TEXT(C3,"ddd") -> ter | D4: =TEXT(D3,"ddd") -> qua | E4: =TEXT(E3,"ddd") -> qui | F4: =TEXT(F3,"ddd") -> sex | G4: =TEXT(G3,"ddd") -> sáb | H4: =TEXT(H3,"ddd") -> dom | J4: Parâmetros | K4: Contagem | L4: Porcentagem | M4: Semana
A5: Pivô 01 | J5: Pulverização | K5: =COUNTIF($B$5:$H$109,J5) -> 1 | L5: =K5/$K$22 -> 0.058823529 | M5: =B3 -> 45040
A6: Pivô 02 | J6: Adubação | K6: =COUNTIF($B$5:$H$109,J6) -> 0 | L6: =K6/$K$22 -> 0
A7: Pivô 03 | J7: Transplantio | K7: =COUNTIF($B$5:$H$109,J7) -> 0 | L7: =K7/$K$22 -> 0
A8: Pivô 04 | J8: Colheita Tabaco | K8: =COUNTIF($B$5:$H$109,J8) -> 0 | L8: =K8/$K$22 -> 0
A9: Pivô 05 | J9: Plantio | K9: =COUNTIF($B$5:$H$109,J9) -> 0 | L9: =K9/$K$22 -> 0
A10: Pivô 06 | J10: Erosão/Rastro | K10: =COUNTIF($B$5:$H$109,J10) -> 0 | L10: =K10/$K$22 -> 0
A11: Pivô 07 | J11: Mecânico/Trator | K11: =COUNTIF($B$5:$H$109,J11) -> 1 | L11: =K11/$K$22 -> 0.058823529
A12: Pivô 08 | J12: Operação Ferti | K12: =COUNTIF($B$5:$H$109,J12) -> 0 | L12: =K12/$K$22 -> 0
A13: Pivô 09 | J13: Pivô Atolado | K13: =COUNTIF($B$5:$H$109,J13) -> 0 | L13: =K13/$K$22 -> 0
A14: Pivô 10 | J14: Entrega do Produto | K14: =COUNTIF($B$5:$H$109,J14) -> 0 | L14: =K14/$K$22 -> 0
A15: Pivô 11 | J15: Limpeza e aferições | K15: =COUNTIF($B$5:$H$109,J15) -> 3 | L15: =K15/$K$22 -> 0.17647059
A16: Pivô 12 | J16: Falta de Água | K16: =COUNTIF($B$5:$H$109,J16) -> 12 | L16: =K16/$K$22 -> 0.70588235
A17: Pivô 13 | J17: Desponte | K17: =COUNTIF($B$5:$H$109,J17) -> 0 | L17: =K17/$K$22 -> 0
... A20: Pivô 16 | J20: Syngenta | K20: =COUNTIF($B$5:$H$109,J20) -> 0 | L20: =K20/$K$22 -> 0
A21: Pivô 17 | E21: Limpeza e aferições | J21: Entupimento | K21: =COUNTIF($B$5:$H$109,J21) -> 0 | L21: =K21/$K$22 -> 0
A22: Pivô 18 | J22: Total | K22: =SUM(K5:K21) -> 17
A23: Pivô 19
A24: Pivô 20
A25: Pivô 21
A26: Pivô 22
A27: Pivô 23
A28: Pivô 24
A29: Pivô 25
A30: Pivô 26 | E30: Limpeza e aferições
A31: Pivô 27
A32: Pivô 28
A33: Pivô 29
A34: Pivô 30 | C34: Limpeza e aferições | F34: Falta de Água
A35: Pivô 31 | F35: Falta de Água
A36: Pivô 32
A37: Pivô 33
A38: Pivô 34
A39: Pivô 35
A40: Pivô 36
A41: Pivô 37
A42: Pivô 38
A43: Pivô 39
A44: Pivô 40
A45: Pivô 41
A46: Pivô 42
A47: Pivô 43
... A52: Pivô 48
A53: Pivô 49 | D53: Mecânico/Trator
A54: Pivô 50
A55: Pivô 51
A56: Pivô 52
A57: Pivô 53
A58: Pivô 54
A59: Pivô 55
A60: Pivô 56
A61: Pivô 57 | H61: Falta de Água
A62: Pivô 58
A63: Pivô 59 | H63: Falta de Água
A64: Pivô 60 | G64: Falta de Água
A65: Pivô 61 | H65: Falta de Água
A66: Pivô 62
A67: Pivô 63
A68: Pivô 64
A69: Pivô 65
A70: Pivô 66 | G70: Falta de Água
A71: Pivô 67 | G71: Falta de Água
A72: Pivô 68 | G72: Falta de Água
A73: Pivô 69
A74: Pivô 70 | H74: Falta de Água
A75: Pivô 71
A76: Pivô 72 | G76: Falta de Água | H76: Falta de Água
A77: Pivô 73
A78: Pivô 74
A79: Pivô 101 | F79: Pulverização
A80: Pivô 102
A81: Pivô 103
A82: Pivô 104
A83: Pivô 105
A84: Pivô 106
A85: Pivô 107
A86: Pivô 108
A87: Pivô 109
A88: Pivô 110
A89: Pivô 111
A90: Pivô 112
A91: Pivô 113
... A109: Pivô 133

Sheet 01 05 2023
A1: Atendimento de irrigação (Imapacto Operacional Interno e Externo)
A3: Data | B3: 45047 | C3: =B3+1 -> 45048 | D3: =C3+1 -> 45049 | E3: =D3+1 -> 45050 | F3: =E3+1 -> 45051 | G3: =F3+1 -> 45052 | H3: =G3+1 -> 45053
A4: Pivô | B4: =TEXT(B3,"ddd") -> seg | C4: =TEXT(C3,"ddd") -> ter | D4: =TEXT(D3,"ddd") -> qua | E4: =TEXT(E3,"ddd") -> qui | F4: =TEXT(F3,"ddd") -> sex | G4: =TEXT(G3,"ddd") -> sáb | H4: =TEXT(H3,"ddd") -> dom | J4: Parâmetros | K4: Contagem | L4: Porcentagem | M4: Semana
A5: Pivô 01 | J5: Pulverização | K5: =COUNTIF($B$5:$H$109,J5) -> 0 | L5: =K5/$K$22 -> 0 | M5: =B3 -> 45047
A6: Pivô 02 | J6: Adubação | K6: =COUNTIF($B$5:$H$109,J6) -> 1 | L6: =K6/$K$22 -> 0.05
A7: Pivô 03 | J7: Transplantio | K7: =COUNTIF($B$5:$H$109,J7) -> 2 | L7: =K7/$K$22 -> 0.1
A8: Pivô 04 | J8: Colheita Tabaco | K8: =COUNTIF($B$5:$H$109,J8) -> 2 | L8: =K8/$K$22 -> 0.1
A9: Pivô 05 | C9: Transplantio | E9: Adubação | J9: Plantio | K9: =COUNTIF($B$5:$H$109,J9) -> 0 | L9: =K9/$K$22 -> 0
A10: Pivô 06 | J10: Erosão/Rastro | K10: =COUNTIF($B$5:$H$109,J10) -> 0 | L10: =K10/$K$22 -> 0
A11: Pivô 07 | J11: Mecânico/Trator | K11: =COUNTIF($B$5:$H$109,J11) -> 0 | L11: =K11/$K$22 -> 0
A12: Pivô 08 | J12: Operação Ferti | K12: =COUNTIF($B$5:$H$109,J12) -> 0 | L12: =K12/$K$22 -> 0
A13: Pivô 09 | J13: Pivô Atolado | K13: =COUNTIF($B$5:$H$109,J13) -> 2 | L13: =K13/$K$22 -> 0.1
A14: Pivô 10 | J14: Entrega do Produto | K14: =COUNTIF($B$5:$H$109,J14) -> 0 | L14: =K14/$K$22 -> 0
A15: Pivô 11 | E15: Limpeza e aferições | J15: Limpeza e aferições | K15: =COUNTIF($B$5:$H$109,J15) -> 3 | L15: =K15/$K$22 -> 0.15
A16: Pivô 12 | J16: Falta de Água | K16: =COUNTIF($B$5:$H$109,J16) -> 10 | L16: =K16/$K$22 -> 0.5
A17: Pivô 13 | J17: Desponte | K17: =COUNTIF($B$5:$H$109,J17) -> 0 | L17: =K17/$K$22 -> 0
A18: Pivô 14 | J18: Gerador | K18: =COUNTIF($B$5:$H$109,J18) -> 0 | L18: =K18/$K$22 -> 0
A19: Pivô 15 | J19: Injeferd | K19: =COUNTIF($B$5:$H$109,J19) -> 0 | L19: =K19/$K$22 -> 0
A20: Pivô 16 | J20: Syngenta | K20: =COUNTIF($B$5:$H$109,J20) -> 0 | L20: =K20/$K$22 -> 0
A21: Pivô 17 | J21: Entupimento | K21: =COUNTIF($B$5:$H$109,J21) -> 0 | L21: =K21/$K$22 -> 0
A22: Pivô 18 | G22: Pivô Atolado | H22: Pivô Atolado | J22: Total | K22: =SUM(K5:K21) -> 20
A23: Pivô 19
A24: Pivô 20
A25: Pivô 21
A26: Pivô 22
A27: Pivô 23
A28: Pivô 24
A29: Pivô 25
A30: Pivô 26 | E30: Falta de Água
A31: Pivô 27 | C31: Transplantio
A32: Pivô 28
A33: Pivô 29
A34: Pivô 30 | E34: Falta de Água
A35: Pivô 31 | E35: Falta de Água
A36: Pivô 32
A37: Pivô 33
A38: Pivô 34
A39: Pivô 35
A40: Pivô 36
A41: Pivô 37
A42: Pivô 38
A43: Pivô 39
A44: Pivô 40
A45: Pivô 41
A46: Pivô 42
A47: Pivô 43
... A55: Pivô 51
A56: Pivô 52 | E56: Falta de Água
A57: Pivô 53
A58: Pivô 54
A59: Pivô 55
A60: Pivô 56
A61: Pivô 57 | F61: Falta de Água
A62: Pivô 58 | F62: Falta de Água
A63: Pivô 59 | F63: Falta de Água
A64: Pivô 60 | F64: Falta de Água
A65: Pivô 61
A66: Pivô 62
A67: Pivô 63
A68: Pivô 64
A69: Pivô 65
A70: Pivô 66 | F70: Falta de Água
A71: Pivô 67 | F71: Falta de Água
A72: Pivô 68
A73: Pivô 69
A74: Pivô 70
A75: Pivô 71
A76: Pivô 72
A77: Pivô 73
A78: Pivô 74 | B78: Limpeza e aferições | E78: Limpeza e aferições
A79: Pivô 101
A80: Pivô 102
A81: Pivô 103
A82: Pivô 104
A83: Pivô 105
A84: Pivô 106
A85: Pivô 107
A86: Pivô 108
A87: Pivô 109
A88: Pivô 110
A89: Pivô 111
A90: Pivô 112
... A105: Pivô 127
A106: Pivô 128 | F106: Colheita Tabaco
A107: Pivô 129
A108: Pivô 130 | E108: Colheita Tabaco
A109: Pivô 133

Sheet 08 05 2023
A1: Atendimento de irrigação (Imapacto Operacional Interno e Externo)
A3: Data | B3: 45054 | C3: =B3+1 -> 45055 | D3: =C3+1 -> 45056 | E3: =D3+1 -> 45057 | F3: =E3+1 -> 45058 | G3: =F3+1 -> 45059 | H3: =G3+1 -> 45060
A4: Pivô | B4: =TEXT(B3,"ddd") -> seg | C4: =TEXT(C3,"ddd") -> ter | D4: =TEXT(D3,"ddd") -> qua | E4: =TEXT(E3,"ddd") -> qui | F4: =TEXT(F3,"ddd") -> sex | G4: =TEXT(G3,"ddd") -> sáb | H4: =TEXT(H3,"ddd") -> dom | J4: Parâmetros | K4: Contagem | L4: Porcentagem | M4: Semana
A5: Pivô 01 | J5: Pulverização | K5: =COUNTIF($B$5:$H$109,J5) -> 4 | L5: =K5/$K$22 -> 0.13333333 | M5: =B3 -> 45054
A6: Pivô 02 | J6: Adubação | K6: =COUNTIF($B$5:$H$109,J6) -> 0 | L6: =K6/$K$22 -> 0
A7: Pivô 03 | J7: Transplantio | K7: =COUNTIF($B$5:$H$109,J7) -> 0 | L7: =K7/$K$22 -> 0
A8: Pivô 04 | J8: Colheita Tabaco | K8: =COUNTIF($B$5:$H$109,J8) -> 1 | L8: =K8/$K$22 -> 0.033333333
A9: Pivô 05 | J9: Plantio | K9: =COUNTIF($B$5:$H$109,J9) -> 1 | L9: =K9/$K$22 -> 0.033333333
A10: Pivô 06 | D10: Pulverização | J10: Erosão/Rastro | K10: =COUNTIF($B$5:$H$109,J10) -> 2 | L10: =K10/$K$22 -> 0.066666667
A11: Pivô 07 | B11: Pulverização | C11: Pulverização | J11: Mecânico/Trator | K11: =COUNTIF($B$5:$H$109,J11) -> 0 | L11: =K11/$K$22 -> 0
A12: Pivô 08 | D12: Erosão/Rastro | J12: Operação Ferti | K12: =COUNTIF($B$5:$H$109,J12) -> 0 | L12: =K12/$K$22 -> 0
A13: Pivô 09 | G13: Erosão/Rastro | J13: Pivô Atolado | K13: =COUNTIF($B$5:$H$109,J13) -> 1 | L13: =K13/$K$22 -> 0.033333333
A14: Pivô 10 | J14: Entrega do Produto | K14: =COUNTIF($B$5:$H$109,J14) -> 0 | L14: =K14/$K$22 -> 0
A15: Pivô 11 | J15: Limpeza e aferições | K15: =COUNTIF($B$5:$H$109,J15) -> 0 | L15: =K15/$K$22 -> 0
A16: Pivô 12 | J16: Falta de Água | K16: =COUNTIF($B$5:$H$109,J16) -> 20 | L16: =K16/$K$22 -> 0.66666667
A17: Pivô 13 | J17: Desponte | K17: =COUNTIF($B$5:$H$109,J17) -> 0 | L17: =K17/$K$22 -> 0
A18: Pivô 14 | J18: Gerador | K18: =COUNTIF($B$5:$H$109,J18) -> 1 | L18: =K18/$K$22 -> 0.033333333
A19: Pivô 15 | J19: Injeferd | K19: =COUNTIF($B$5:$H$109,J19) -> 0 | L19: =K19/$K$22 -> 0
A20: Pivô 16 | J20: Syngenta | K20: =COUNTIF($B$5:$H$109,J20) -> 0 | L20: =K20/$K$22 -> 0
A21: Pivô 17 | J21: Entupimento | K21: =COUNTIF($B$5:$H$109,J21) -> 0 | L21: =K21/$K$22 -> 0
A22: Pivô 18 | B22: Pivô Atolado | J22: Total | K22: =SUM(K5:K21) -> 30
A23: Pivô 19
A24: Pivô 20
A25: Pivô 21
A26: Pivô 22
A27: Pivô 23
A28: Pivô 24
A29: Pivô 25
A30: Pivô 26 | D30: Falta de Água
A31: Pivô 27
A32: Pivô 28 | D32: Gerador
A33: Pivô 29
A34: Pivô 30 | F34: Falta de Água
A35: Pivô 31 | F35: Falta de Água
A36: Pivô 32
A37: Pivô 33
A38: Pivô 34
A39: Pivô 35
A40: Pivô 36
A41: Pivô 37
A42: Pivô 38
A43: Pivô 39
A44: Pivô 40
A45: Pivô 41
A46: Pivô 42
A47: Pivô 43
A48: Pivô 44 | C48: Pulverização
A49: Pivô 45
A50: Pivô 46
A51: Pivô 47
A52: Pivô 48
A53: Pivô 49
A54: Pivô 50
A55: Pivô 51 | E55: Falta de Água | H55: Falta de Água
A56: Pivô 52
A57: Pivô 53
A58: Pivô 54 | E58: Falta de Água | H58: Falta de Água
A59: Pivô 55
A60: Pivô 56
A61: Pivô 57 | E61: Falta de Água | H61: Falta de Água
A62: Pivô 58 | E62: Falta de Água | H62: Falta de Água
A63: Pivô 59 | E63: Falta de Água | H63: Falta de Água
A64: Pivô 60
A65: Pivô 61 | E65: Falta de Água | H65: Falta de Água
A66: Pivô 62 | E66: Falta de Água | H66: Falta de Água
A67: Pivô 63
A68: Pivô 64
A69: Pivô 65
A70: Pivô 66
A71: Pivô 67
A72: Pivô 68
A73: Pivô 69
A74: Pivô 70
A75: Pivô 71
A76: Pivô 72
A77: Pivô 73
A78: Pivô 74
... A98: Pivô 120
A99: Pivô 121 | G99: Falta de Água
A100: Pivô 122
A101: Pivô 123
A102: Pivô 124
A103: Pivô 125
A104: Pivô 126 | G104: Falta de Água
A105: Pivô 127 | B105: Plantio
A106: Pivô 128 | C106: Colheita Tabaco
A107: Pivô 129
A108: Pivô 130 | G108: Falta de Água
A109: Pivô 133

Sheet 15 05 2023
A1: Atendimento de irrigação (Imapacto Operacional Interno e Externo)
A3: Data | B3: 45061 | C3: =B3+1 -> 45062 | D3: =C3+1 -> 45063 | E3: =D3+1 -> 45064 | F3: =E3+1 -> 45065 | G3: =F3+1 -> 45066 | H3: =G3+1 -> 45067
A4: Pivô | B4: =TEXT(B3,"ddd") -> seg | C4: =TEXT(C3,"ddd") -> ter | D4: =TEXT(D3,"ddd") -> qua | E4: =TEXT(E3,"ddd") -> qui | F4: =TEXT(F3,"ddd") -> sex | G4: =TEXT(G3,"ddd") -> sáb | H4: =TEXT(H3,"ddd") -> dom | J4: Parâmetros | K4: Contagem | L4: Porcentagem | M4: Semana
A5: Pivô 01 | J5: Pulverização | K5: =COUNTIF($B$5:$H$109,J5) -> 1 | L5: =K5/$K$22 -> 0.015151515 | M5: =B3 -> 45061
A6: Pivô 02 | J6: Adubação | K6: =COUNTIF($B$5:$H$109,J6) -> 0 | L6: =K6/$K$22 -> 0
A7: Pivô 03 | J7: Transplantio | K7: =COUNTIF($B$5:$H$109,J7) -> 0 | L7: =K7/$K$22 -> 0
A8: Pivô 04 | J8: Colheita Tabaco | K8: =COUNTIF($B$5:$H$109,J8) -> 0 | L8: =K8/$K$22 -> 0
A9: Pivô 05 | E9: Operação Ferti | J9: Plantio | K9: =COUNTIF($B$5:$H$109,J9) -> 0 | L9: =K9/$K$22 -> 0
A10: Pivô 06 | E10: Operação Ferti | J10: Erosão/Rastro | K10: =COUNTIF($B$5:$H$109,J10) -> 1 | L10: =K10/$K$22 -> 0.015151515
A11: Pivô 07 | J11: Mecânico/Trator | K11: =COUNTIF($B$5:$H$109,J11) -> 0 | L11: =K11/$K$22 -> 0
A12: Pivô 08 | J12: Operação Ferti | K12: =COUNTIF($B$5:$H$109,J12) -> 2 | L12: =K12/$K$22 -> 0.03030303
A13: Pivô 09 | J13: Pivô Atolado | K13: =COUNTIF($B$5:$H$109,J13) -> 3 | L13: =K13/$K$22 -> 0.045454545
A14: Pivô 10 | J14: Entrega do Produto | K14: =COUNTIF($B$5:$H$109,J14) -> 0 | L14: =K14/$K$22 -> 0
A15: Pivô 11 | J15: Limpeza e aferições | K15: =COUNTIF($B$5:$H$109,J15) -> 1 | L15: =K15/$K$22 -> 0.015151515
A16: Pivô 12 | J16: Falta de Água | K16: =COUNTIF($B$5:$H$109,J16) -> 58 | L16: =K16/$K$22 -> 0.87878788
A17: Pivô 13 | J17: Desponte | K17: =COUNTIF($B$5:$H$109,J17) -> 0 | L17: =K17/$K$22 -> 0
A18: Pivô 14 | J18: Gerador | K18: =COUNTIF($B$5:$H$109,J18) -> 0 | L18: =K18/$K$22 -> 0
A19: Pivô 15 | J19: Injeferd | K19: =COUNTIF($B$5:$H$109,J19) -> 0 | L19: =K19/$K$22 -> 0
A20: Pivô 16 | J20: Syngenta | K20: =COUNTIF($B$5:$H$109,J20) -> 0 | L20: =K20/$K$22 -> 0
A21: Pivô 17 | J21: Entupimento | K21: =COUNTIF($B$5:$H$109,J21) -> 0 | L21: =K21/$K$22 -> 0
A22: Pivô 18 | D22: Pivô Atolado | J22: Total | K22: =SUM(K5:K21) -> 66
A23: Pivô 19
A24: Pivô 20
A25: Pivô 21
A26: Pivô 22
A27: Pivô 23 | D27: Falta de Água
A28: Pivô 24 | D28: Falta de Água
A29: Pivô 25
A30: Pivô 26 | B30: Falta de Água
A31: Pivô 27
A32: Pivô 28 | E32: Falta de Água
A33: Pivô 29
A34: Pivô 30 | D34: Falta de Água
A35: Pivô 31 | C35: Falta de Água | D35: Falta de Água
A36: Pivô 32 | B36: Falta de Água | E36: Falta de Água
A37: Pivô 33 | B37: Falta de Água
A38: Pivô 34 | D38: Falta de Água
A39: Pivô 35
A40: Pivô 36
A41: Pivô 37
A42: Pivô 38
A43: Pivô 39
A44: Pivô 40
A45: Pivô 41
A46: Pivô 42 | F46: Pulverização
A47: Pivô 43
A48: Pivô 44 | E48: Erosão/Rastro | G48: Pivô Atolado | H48: Pivô Atolado
A49: Pivô 45 | G49: Falta de Água
A50: Pivô 46 | H50: Falta de Água
A51: Pivô 47 | G51: Falta de Água
A52: Pivô 48 | G52: Falta de Água
A53: Pivô 49
A54: Pivô 50 | D54: Falta de Água | G54: Falta de Água
A55: Pivô 51 | D55: Falta de Água | G55: Falta de Água
A56: Pivô 52 | H56: Falta de Água
A57: Pivô 53 | G57: Falta de Água
A58: Pivô 54 | D58: Falta de Água
A59: Pivô 55 | B59: Falta de Água | E59: Falta de Água | H59: Falta de Água
A60: Pivô 56 | B60: Falta de Água | E60: Falta de Água | H60: Falta de Água
A61: Pivô 57 | C61: Falta de Água | E61: Falta de Água | H61: Falta de Água
A62: Pivô 58 | C62: Falta de Água | E62: Falta de Água | H62: Falta de Água
A63: Pivô 59 | C63: Falta de Água | E63: Falta de Água | H63: Falta de Água
A64: Pivô 60 | B64: Falta de Água | D64: Falta de Água | F64: Falta de Água
A65: Pivô 61 | C65: Falta de Água | E65: Falta de Água | H65: Falta de Água
A66: Pivô 62 | C66: Falta de Água | E66: Falta de Água | H66: Falta de Água
A67: Pivô 63 | C67: Falta de Água
A68: Pivô 64
A69: Pivô 65
A70: Pivô 66 | B70: Falta de Água | D70: Falta de Água | F70: Falta de Água
A71: Pivô 67 | D71: Falta de Água
A72: Pivô 68 | B72: Falta de Água | D72: Falta de Água | F72: Falta de Água
A73: Pivô 69
A74: Pivô 70 | B74: Falta de Água | F74: Falta de Água
A75: Pivô 71
A76: Pivô 72 | D76: Falta de Água
A77: Pivô 73 | F77: Limpeza e aferições
A78: Pivô 74 | H78: Falta de Água
A79: Pivô 101
A80: Pivô 102
A81: Pivô 103
A82: Pivô 104
A83: Pivô 105
A84: Pivô 106
A85: Pivô 107
A86: Pivô 108
A87: Pivô 109
A88: Pivô 110
A89: Pivô 111
A90: Pivô 112
... A109: Pivô 133

Sheet 22 05 2023
A1: Atendimento de irrigação (Imapacto Operacional Interno e Externo)
A3: Data | B3: 45068 | C3: =B3+1 -> 45069 | D3: =C3+1 -> 45070 | E3: =D3+1 -> 45071 | F3: =E3+1 -> 45072 | G3: =F3+1 -> 45073 | H3: =G3+1 -> 45074
A4: Pivô | B4: =TEXT(B3,"ddd") -> seg | C4: =TEXT(C3,"ddd") -> ter | D4: =TEXT(D3,"ddd") -> qua | E4: =TEXT(E3,"ddd") -> qui | F4: =TEXT(F3,"ddd") -> sex | G4: =TEXT(G3,"ddd") -> sáb | H4: =TEXT(H3,"ddd") -> dom | J4: Parâmetros | K4: Contagem | L4: Porcentagem | M4: Semana
A5: Pivô 01 | J5: Pulverização | K5: =COUNTIF($B$5:$H$109,J5) -> 1 | L5: =K5/$K$22 -> 0.038461538 | M5: =B3 -> 45068
A6: Pivô 02 | J6: Adubação | K6: =COUNTIF($B$5:$H$109,J6) -> 0 | L6: =K6/$K$22 -> 0
A7: Pivô 03 | J7: Transplantio | K7: =COUNTIF($B$5:$H$109,J7) -> 0 | L7: =K7/$K$22 -> 0
A8: Pivô 04 | J8: Colheita Tabaco | K8: =COUNTIF($B$5:$H$109,J8) -> 0 | L8: =K8/$K$22 -> 0
A9: Pivô 05 | J9: Plantio | K9: =COUNTIF($B$5:$H$109,J9) -> 0 | L9: =K9/$K$22 -> 0
A10: Pivô 06 | F10: Pulverização | J10: Erosão/Rastro | K10: =COUNTIF($B$5:$H$109,J10) -> 1 | L10: =K10/$K$22 -> 0.038461538
A11: Pivô 07 | J11: Mecânico/Trator | K11: =COUNTIF($B$5:$H$109,J11) -> 0 | L11: =K11/$K$22 -> 0
A12: Pivô 08 | J12: Operação Ferti | K12: =COUNTIF($B$5:$H$109,J12) -> 0 | L12: =K12/$K$22 -> 0
A13: Pivô 09 | J13: Pivô Atolado | K13: =COUNTIF($B$5:$H$109,J13) -> 2 | L13: =K13/$K$22 -> 0.076923077
A14: Pivô 10 | J14: Entrega do Produto | K14: =COUNTIF($B$5:$H$109,J14) -> 1 | L14: =K14/$K$22 -> 0.038461538
A15: Pivô 11 | J15: Limpeza e aferições | K15: =COUNTIF($B$5:$H$109,J15) -> 0 | L15: =K15/$K$22 -> 0
A16: Pivô 12 | J16: Falta de Água | K16: =COUNTIF($B$5:$H$109,J16) -> 19 | L16: =K16/$K$22 -> 0.73076923
A17: Pivô 13 | J17: Desponte | K17: =COUNTIF($B$5:$H$109,J17) -> 1 | L17: =K17/$K$22 -> 0.038461538
A18: Pivô 14 | J18: Gerador | K18: =COUNTIF($B$5:$H$109,J18) -> 0 | L18: =K18/$K$22 -> 0
A19: Pivô 15 | J19: Injeferd | K19: =COUNTIF($B$5:$H$109,J19) -> 0 | L19: =K19/$K$22 -> 0
A20: Pivô 16 | J20: Syngenta | K20: =COUNTIF($B$5:$H$109,J20) -> 0 | L20: =K20/$K$22 -> 0
A21: Pivô 17 | J21: Entupimento | K21: =COUNTIF($B$5:$H$109,J21) -> 1 | L21: =K21/$K$22 -> 0.038461538
A22: Pivô 18 | J22: Total | K22: =SUM(K5:K21) -> 26
A23: Pivô 19
A24: Pivô 20
A25: Pivô 21
A26: Pivô 22
A27: Pivô 23
A28: Pivô 24
A29: Pivô 25
A30: Pivô 26
A31: Pivô 27
A32: Pivô 28
A33: Pivô 29
A34: Pivô 30
A35: Pivô 31 | D35: Falta de Água
A36: Pivô 32 | D36: Falta de Água
A37: Pivô 33 | C37: Falta de Água
A38: Pivô 34 | E38: Falta de Água
A39: Pivô 35
A40: Pivô 36
A41: Pivô 37
A42: Pivô 38
A43: Pivô 39
A44: Pivô 40
A45: Pivô 41
A46: Pivô 42
A47: Pivô 43
A48: Pivô 44 | D48: Pivô Atolado
A49: Pivô 45
A50: Pivô 46
A51: Pivô 47
A52: Pivô 48 | H52: Erosão/Rastro
A53: Pivô 49
A54: Pivô 50
A55: Pivô 51
A56: Pivô 52 | F56: Entupimento
A57: Pivô 53 | C57: Falta de Água
A58: Pivô 54 | C58: Falta de Água | H58: Falta de Água
A59: Pivô 55
A60: Pivô 56
A61: Pivô 57 | C61: Falta de Água | E61: Falta de Água
A62: Pivô 58
A63: Pivô 59 | C63: Falta de Água | E63: Falta de Água
A64: Pivô 60 | B64: Falta de Água
A65: Pivô 61 | C65: Falta de Água | E65: Falta de Água
A66: Pivô 62 | C66: Falta de Água | E66: Falta de Água
A67: Pivô 63
A68: Pivô 64
A69: Pivô 65
A70: Pivô 66 | B70: Falta de Água
A71: Pivô 67
A72: Pivô 68
A73: Pivô 69
A74: Pivô 70 | E74: Falta de Água
A75: Pivô 71
A76: Pivô 72 | C76: Falta de Água
A77: Pivô 73
A78: Pivô 74 | C78: Pivô Atolado
A79: Pivô 101
A80: Pivô 102
A81: Pivô 103
A82: Pivô 104
A83: Pivô 105
A84: Pivô 106
A85: Pivô 107
A86: Pivô 108
A87: Pivô 109
A88: Pivô 110
A89: Pivô 111
A90: Pivô 112
... A100: Pivô 122
A101: Pivô 123 | C101: Entrega do Produto
A102: Pivô 124
A103: Pivô 125
A104: Pivô 126 | G104: Desponte
A105: Pivô 127
A106: Pivô 128
A107: Pivô 129
A108: Pivô 130
A109: Pivô 133

Sheet 29 05 2023
A1: Atendimento de irrigação (Imapacto Operacional Interno e Externo)
A3: Data | B3: 45075 | C3: =B3+1 -> 45076 | D3: =C3+1 -> 45077 | E3: =D3+1 -> 45078 | F3: =E3+1 -> 45079 | G3: =F3+1 -> 45080 | H3: =G3+1 -> 45081
A4: Pivô | B4: =TEXT(B3,"ddd") -> seg | C4: =TEXT(C3,"ddd") -> ter | D4: =TEXT(D3,"ddd") -> qua | E4: =TEXT(E3,"ddd") -> qui | F4: =TEXT(F3,"ddd") -> sex | G4: =TEXT(G3,"ddd") -> sáb | H4: =TEXT(H3,"ddd") -> dom | J4: Parâmetros | K4: Contagem | L4: Porcentagem | M4: Semana
A5: Pivô 01 | J5: Pulverização | K5: =COUNTIF($B$5:$H$109,J5) -> 0 | L5: =K5/$K$22 -> 0 | M5: =B3 -> 45075
A6: Pivô 02 | B6: Desponte | J6: Adubação | K6: =COUNTIF($B$5:$H$109,J6) -> 1 | L6: =K6/$K$22 -> 0.14285714
A7: Pivô 03 | J7: Transplantio | K7: =COUNTIF($B$5:$H$109,J7) -> 0 | L7: =K7/$K$22 -> 0
A8: Pivô 04 | J8: Colheita Tabaco | K8: =COUNTIF($B$5:$H$109,J8) -> 1 | L8: =K8/$K$22 -> 0.14285714
A9: Pivô 05 | J9: Plantio | K9: =COUNTIF($B$5:$H$109,J9) -> 0 | L9: =K9/$K$22 -> 0
A10: Pivô 06 | J10: Erosão/Rastro | K10: =COUNTIF($B$5:$H$109,J10) -> 0 | L10: =K10/$K$22 -> 0
A11: Pivô 07 | D11: Adubação | F11: Operação Ferti | J11: Mecânico/Trator | K11: =COUNTIF($B$5:$H$109,J11) -> 0 | L11: =K11/$K$22 -> 0
A12: Pivô 08 | J12: Operação Ferti | K12: =COUNTIF($B$5:$H$109,J12) -> 2 | L12: =K12/$K$22 -> 0.28571429
A13: Pivô 09 | J13: Pivô Atolado | K13: =COUNTIF($B$5:$H$109,J13) -> 0 | L13: =K13/$K$22 -> 0
A14: Pivô 10 | J14: Entrega do Produto | K14: =COUNTIF($B$5:$H$109,J14) -> 0 | L14: =K14/$K$22 -> 0
A15: Pivô 11 | J15: Limpeza e aferições | K15: =COUNTIF($B$5:$H$109,J15) -> 0 | L15: =K15/$K$22 -> 0
A16: Pivô 12 | C16: Entupimento | J16: Falta de Água | K16: =COUNTIF($B$5:$H$109,J16) -> 1 | L16: =K16/$K$22 -> 0.14285714
A17: Pivô 13 | J17: Desponte | K17: =COUNTIF($B$5:$H$109,J17) -> 1 | L17: =K17/$K$22 -> 0.14285714
A18: Pivô 14 | J18: Gerador | K18: =COUNTIF($B$5:$H$109,J18) -> 0 | L18: =K18/$K$22 -> 0
A19: Pivô 15 | J19: Injeferd | K19: =COUNTIF($B$5:$H$109,J19) -> 0 | L19: =K19/$K$22 -> 0
A20: Pivô 16 | J20: Syngenta | K20: =COUNTIF($B$5:$H$109,J20) -> 0 | L20: =K20/$K$22 -> 0
A21: Pivô 17 | J21: Entupimento | K21: =COUNTIF($B$5:$H$109,J21) -> 1 | L21: =K21/$K$22 -> 0.14285714
A22: Pivô 18 | J22: Total | K22: =SUM(K5:K21) -> 7
A23: Pivô 19
A24: Pivô 20
A25: Pivô 21
A26: Pivô 22
A27: Pivô 23
A28: Pivô 24
A29: Pivô 25
A30: Pivô 26
A31: Pivô 27
A32: Pivô 28 | D32: Falta de Água
A33: Pivô 29
A34: Pivô 30
A35: Pivô 31
A36: Pivô 32
A37: Pivô 33
A38: Pivô 34
A39: Pivô 35 | D39: Operação Ferti
A40: Pivô 36
A41: Pivô 37
A42: Pivô 38
A43: Pivô 39
A44: Pivô 40
A45: Pivô 41
A46: Pivô 42
A47: Pivô 43
A48: Pivô 44
A49: Pivô 45
A50: Pivô 46
A51: Pivô 47
... A103: Pivô 125
A104: Pivô 126 | D104: Colheita Tabaco
A105: Pivô 127
A106: Pivô 128
A107: Pivô 129
A108: Pivô 130
A109: Pivô 133

Sheet 05 06 2023
A1: Atendimento de irrigação (Imapacto Operacional Interno e Externo)
A3: Data | B3: 45082 | C3: =B3+1 -> 45083 | D3: =C3+1 -> 45084 | E3: =D3+1 -> 45085 | F3: =E3+1 -> 45086 | G3: =F3+1 -> 45087 | H3: =G3+1 -> 45088
A4: Pivô | B4: =TEXT(B3,"ddd") -> seg | C4: =TEXT(C3,"ddd") -> ter | D4: =TEXT(D3,"ddd") -> qua | E4: =TEXT(E3,"ddd") -> qui | F4: =TEXT(F3,"ddd") -> sex | G4: =TEXT(G3,"ddd") -> sáb | H4: =TEXT(H3,"ddd") -> dom | J4: Parâmetros | K4: Contagem | L4: Porcentagem | M4: Semana
A5: Pivô 01 | J5: Pulverização | K5: =COUNTIF($B$5:$H$109,J5) -> 3 | L5: =K5/$K$23 -> 0.25 | M5: =B3 -> 45082
A6: Pivô 02 | J6: Adubação | K6: =COUNTIF($B$5:$H$109,J6) -> 1 | L6: =K6/$K$23 -> 0.083333333
A7: Pivô 03 | E7: Entrega do Produto | J7: Transplantio | K7: =COUNTIF($B$5:$H$109,J7) -> 0 | L7: =K7/$K$23 -> 0
A8: Pivô 04 | J8: Colheita Tabaco | K8: =COUNTIF($B$5:$H$109,J8) -> 0 | L8: =K8/$K$23 -> 0
A9: Pivô 05 | J9: Plantio | K9: =COUNTIF($B$5:$H$109,J9) -> 0 | L9: =K9/$K$23 -> 0
A10: Pivô 06 | J10: Erosão/Rastro | K10: =COUNTIF($B$5:$H$109,J10) -> 1 | L10: =K10/$K$23 -> 0.083333333
A11: Pivô 07 | J11: Mecânico/Trator | K11: =COUNTIF($B$5:$H$109,J11) -> 0 | L11: =K11/$K$23 -> 0
A12: Pivô 08 | J12: Operação Ferti | K12: =COUNTIF($B$5:$H$109,J12) -> 1 | L12: =K12/$K$23 -> 0.083333333
A13: Pivô 09 | J13: Pivô Atolado | K13: =COUNTIF($B$5:$H$109,J13) -> 1 | L13: =K13/$K$23 -> 0.083333333
A14: Pivô 10 | J14: Entrega do Produto | K14: =COUNTIF($B$5:$H$109,J14) -> 1 | L14: =K14/$K$23 -> 0.083333333
A15: Pivô 11 | J15: Limpeza e aferições | K15: =COUNTIF($B$5:$H$109,J15) -> 2 | L15: =K15/$K$23 -> 0.16666667
A16: Pivô 12 | D16: Limpeza e aferições | J16: Falta de Água | K16: =COUNTIF($B$5:$H$109,J16) -> 0 | L16: =K16/$K$23 -> 0
A17: Pivô 13 | J17: Desponte | K17: =COUNTIF($B$5:$H$109,J17) -> 1 | L17: =K17/$K$23 -> 0.083333333
A18: Pivô 14 | J18: Gerador | K18: =COUNTIF($B$5:$H$109,J18) -> 0 | L18: =K18/$K$23 -> 0
A19: Pivô 15 | J19: Injeferd | K19: =COUNTIF($B$5:$H$109,J19) -> 0 | L19: =K19/$K$23 -> 0
A20: Pivô 16 | J20: Syngenta | K20: =COUNTIF($B$5:$H$109,J20) -> 0 | L20: =K20/$K$23 -> 0
A21: Pivô 17 | J21: Demanda de Energia | K21: =COUNTIF($B$5:$H$109,J21) -> 1 | L21: =K21/$K$23 -> 0.083333333
A22: Pivô 18 | J22: Entupimento | K22: =COUNTIF($B$5:$H$109,J22) -> 0 | L22: =K22/$K$23 -> 0
A23: Pivô 19 | J23: Total | K23: =SUM(K5:K22) -> 12 | L23: =K23/$K$23 -> 1
A24: Pivô 20
A25: Pivô 21
A26: Pivô 22
A27: Pivô 23
A28: Pivô 24
A29: Pivô 25 | B29: Erosão/Rastro
A30: Pivô 26
A31: Pivô 27 | G31: Pivô Atolado
A32: Pivô 28
A33: Pivô 29
A34: Pivô 30
A35: Pivô 31
A36: Pivô 32 | G36: Pulverização
A37: Pivô 33
A38: Pivô 34
A39: Pivô 35
A40: Pivô 36 | D40: Operação Ferti
A41: Pivô 37
A42: Pivô 38 | B42: Desponte
A43: Pivô 39
A44: Pivô 40
A45: Pivô 41
A46: Pivô 42
A47: Pivô 43
A48: Pivô 44
A49: Pivô 45
A50: Pivô 46 | F50: Limpeza e aferições
A51: Pivô 47
A52: Pivô 48
A53: Pivô 49
A54: Pivô 50
A55: Pivô 51
A56: Pivô 52
A57: Pivô 53
A58: Pivô 54
A59: Pivô 55
A60: Pivô 56
A61: Pivô 57
A62: Pivô 58
... A82: Pivô 104
A83: Pivô 105 | E83: Pulverização
A84: Pivô 106 | E84: Pulverização
A85: Pivô 107
A86: Pivô 108
A87: Pivô 109
A88: Pivô 110
A89: Pivô 111
A90: Pivô 112
A91: Pivô 113
A92: Pivô 114
A93: Pivô 115
A94: Pivô 116
A95: Pivô 117
A96: Pivô 118
... A103: Pivô 125
A104: Pivô 126 | G104: Demanda de Energia
A105: Pivô 127 | B105: Adubação
A106: Pivô 128
A107: Pivô 129
A108: Pivô 130
A109: Pivô 133

Sheet 12 06 2023
A1: Atendimento de irrigação (Imapacto Operacional Interno e Externo)
A3: Data | B3: 45089 | C3: =B3+1 -> 45090 | D3: =C3+1 -> 45091 | E3: =D3+1 -> 45092 | F3: =E3+1 -> 45093 | G3: =F3+1 -> 45094 | H3: =G3+1 -> 45095
A4: Pivô | B4: =TEXT(B3,"ddd") -> seg | C4: =TEXT(C3,"ddd") -> ter | D4: =TEXT(D3,"ddd") -> qua | E4: =TEXT(E3,"ddd") -> qui | F4: =TEXT(F3,"ddd") -> sex | G4: =TEXT(G3,"ddd") -> sáb | H4: =TEXT(H3,"ddd") -> dom | J4: Parâmetros | K4: Contagem | L4: Porcentagem | M4: Semana
A5: Pivô 01 | J5: Pulverização | K5: =COUNTIF($B$5:$H$111,J5) -> 3 | L5: =K5/$K$23 -> 0.3 | M5: =B3 -> 45089
A6: Pivô 02 | J6: Adubação | K6: =COUNTIF($B$5:$H$111,J6) -> 0 | L6: =K6/$K$23 -> 0
A7: Pivô 03 | J7: Transplantio | K7: =COUNTIF($B$5:$H$111,J7) -> 0 | L7: =K7/$K$23 -> 0
A8: Pivô 04 | J8: Colheita Tabaco | K8: =COUNTIF($B$5:$H$111,J8) -> 0 | L8: =K8/$K$23 -> 0
